-- phpMyAdmin SQL Dump
-- version 5.2.1
-- https://www.phpmyadmin.net/
--
-- Host: 127.0.0.1
-- Generation Time: Aug 09, 2024 at 04:34 PM
-- Server version: 10.4.28-MariaDB
-- PHP Version: 8.2.4

SET SQL_MODE = "NO_AUTO_VALUE_ON_ZERO";
START TRANSACTION;
SET time_zone = "+00:00";


/*!40101 SET @OLD_CHARACTER_SET_CLIENT=@@CHARACTER_SET_CLIENT */;
/*!40101 SET @OLD_CHARACTER_SET_RESULTS=@@CHARACTER_SET_RESULTS */;
/*!40101 SET @OLD_COLLATION_CONNECTION=@@COLLATION_CONNECTION */;
/*!40101 SET NAMES utf8mb4 */;

--
-- Database: `mnbsc-buhi`
--

-- --------------------------------------------------------

--
-- Table structure for table `admins`
--

CREATE TABLE `admins` (
  `id` tinyint(3) UNSIGNED NOT NULL,
  `number` tinyint(3) UNSIGNED NOT NULL,
  `name` varchar(255) NOT NULL,
  `avatar` varchar(255) NOT NULL,
  `username` varchar(255) NOT NULL,
  `password` varchar(255) NOT NULL,
  `active_portion` varchar(255) DEFAULT NULL,
  `called_at` timestamp NULL DEFAULT NULL,
  `pinged_at` timestamp NULL DEFAULT NULL,
  `created_at` timestamp NOT NULL DEFAULT current_timestamp(),
  `updated_at` timestamp NOT NULL DEFAULT current_timestamp() ON UPDATE current_timestamp()
) ENGINE=InnoDB DEFAULT CHARSET=utf8mb4 COLLATE=utf8mb4_general_ci;

--
-- Dumping data for table `admins`
--

INSERT INTO `admins` (`id`, `number`, `name`, `avatar`, `username`, `password`, `active_portion`, `called_at`, `pinged_at`, `created_at`, `updated_at`) VALUES
(1, 1, 'DEVELOPMENT', 'no-avatar.jpg', 'admin', 'admin', NULL, NULL, NULL, '2023-02-19 07:36:32', '2023-05-28 03:58:25');

-- --------------------------------------------------------

--
-- Table structure for table `arrangements`
--

CREATE TABLE `arrangements` (
  `id` smallint(5) UNSIGNED NOT NULL,
  `event_id` smallint(5) UNSIGNED NOT NULL,
  `team_id` tinyint(3) UNSIGNED NOT NULL,
  `order` tinyint(3) UNSIGNED NOT NULL,
  `created_at` timestamp NOT NULL DEFAULT current_timestamp(),
  `updated_at` timestamp NOT NULL DEFAULT current_timestamp() ON UPDATE current_timestamp()
) ENGINE=InnoDB DEFAULT CHARSET=utf8mb4 COLLATE=utf8mb4_general_ci;

--
-- Dumping data for table `arrangements`
--

INSERT INTO `arrangements` (`id`, `event_id`, `team_id`, `order`, `created_at`, `updated_at`) VALUES
(1, 6, 10, 7, '2024-08-09 12:53:41', '2024-08-09 13:19:39'),
(2, 6, 1, 5, '2024-08-09 12:53:45', '2024-08-09 13:43:18'),
(3, 6, 8, 6, '2024-08-09 12:53:49', '2024-08-09 13:43:31'),
(4, 6, 3, 1, '2024-08-09 12:53:57', '2024-08-09 13:42:55'),
(5, 6, 12, 6, '2024-08-09 12:54:01', '2024-08-09 12:54:01'),
(6, 6, 9, 3, '2024-08-09 12:54:06', '2024-08-09 13:43:02'),
(7, 6, 11, 10, '2024-08-09 12:54:12', '2024-08-09 13:19:58'),
(8, 6, 2, 4, '2024-08-09 12:54:21', '2024-08-09 13:19:20'),
(9, 6, 14, 8, '2024-08-09 12:54:35', '2024-08-09 13:19:45'),
(10, 6, 7, 10, '2024-08-09 13:19:13', '2024-08-09 13:44:02'),
(11, 6, 5, 7, '2024-08-09 13:19:25', '2024-08-09 13:43:40'),
(12, 6, 13, 2, '2024-08-09 13:42:58', '2024-08-09 13:42:58'),
(13, 6, 4, 4, '2024-08-09 13:43:11', '2024-08-09 13:43:11'),
(14, 6, 15, 9, '2024-08-09 13:43:55', '2024-08-09 13:43:55');

-- --------------------------------------------------------

--
-- Table structure for table `categories`
--

CREATE TABLE `categories` (
  `id` tinyint(3) UNSIGNED NOT NULL,
  `competition_id` tinyint(3) UNSIGNED NOT NULL,
  `slug` varchar(32) NOT NULL,
  `title` varchar(255) NOT NULL,
  `created_at` timestamp NOT NULL DEFAULT current_timestamp(),
  `updated_at` timestamp NOT NULL DEFAULT current_timestamp() ON UPDATE current_timestamp()
) ENGINE=InnoDB DEFAULT CHARSET=utf8mb4 COLLATE=utf8mb4_general_ci;

--
-- Dumping data for table `categories`
--

INSERT INTO `categories` (`id`, `competition_id`, `slug`, `title`, `created_at`, `updated_at`) VALUES
(2, 1, 'pageant-night', 'Pageant Night', '2023-04-06 13:25:10', '2024-08-08 07:17:08');

-- --------------------------------------------------------

--
-- Table structure for table `competitions`
--

CREATE TABLE `competitions` (
  `id` tinyint(3) UNSIGNED NOT NULL,
  `slug` varchar(32) NOT NULL,
  `title` varchar(255) NOT NULL,
  `created_at` timestamp NOT NULL DEFAULT current_timestamp(),
  `updated_at` timestamp NOT NULL DEFAULT current_timestamp() ON UPDATE current_timestamp()
) ENGINE=InnoDB DEFAULT CHARSET=utf8mb4 COLLATE=utf8mb4_general_ci;

--
-- Dumping data for table `competitions`
--

INSERT INTO `competitions` (`id`, `slug`, `title`, `created_at`, `updated_at`) VALUES
(1, 'mnbsc-buhi-2024', 'Mutya nin Bagong Santa Clara 2024', '2023-04-06 13:24:04', '2024-08-09 13:22:04');

-- --------------------------------------------------------

--
-- Table structure for table `criteria`
--

CREATE TABLE `criteria` (
  `id` smallint(5) UNSIGNED NOT NULL,
  `event_id` smallint(5) UNSIGNED NOT NULL,
  `title` varchar(255) NOT NULL,
  `percentage` float UNSIGNED NOT NULL,
  `created_at` timestamp NOT NULL DEFAULT current_timestamp(),
  `updated_at` timestamp NOT NULL DEFAULT current_timestamp() ON UPDATE current_timestamp()
) ENGINE=InnoDB DEFAULT CHARSET=utf8mb4 COLLATE=utf8mb4_general_ci;

--
-- Dumping data for table `criteria`
--

INSERT INTO `criteria` (`id`, `event_id`, `title`, `percentage`, `created_at`, `updated_at`) VALUES
(1, 1, 'Beauty of the Face', 30, '2024-08-08 05:22:55', '2024-08-08 05:22:55'),
(2, 1, 'Mastery', 30, '2024-08-08 05:23:06', '2024-08-08 05:23:06'),
(3, 1, 'Stage Presence', 30, '2024-08-08 05:23:18', '2024-08-08 05:23:18'),
(4, 1, 'Over-all Impact', 10, '2024-08-08 05:23:29', '2024-08-08 05:23:29'),
(5, 2, 'Beauty of the Face', 30, '2024-08-08 05:23:48', '2024-08-08 05:23:48'),
(6, 2, 'Body proportion', 30, '2024-08-08 05:24:09', '2024-08-08 05:24:09'),
(7, 2, 'Stage Presence', 30, '2024-08-08 05:24:22', '2024-08-08 05:24:22'),
(8, 2, 'Over-all impact', 10, '2024-08-08 05:24:41', '2024-08-08 05:24:41'),
(9, 3, 'Beauty of the Face', 30, '2024-08-08 05:25:10', '2024-08-08 05:25:10'),
(10, 3, 'Poise and bearing', 30, '2024-08-08 05:25:22', '2024-08-08 05:25:22'),
(11, 3, 'Over-all Design', 30, '2024-08-08 05:25:36', '2024-08-08 05:25:36'),
(12, 3, 'Over-all impact', 10, '2024-08-08 05:26:06', '2024-08-08 05:26:06'),
(13, 4, 'Content of the answer', 50, '2024-08-08 05:26:41', '2024-08-08 05:26:41'),
(14, 4, 'Delivery', 40, '2024-08-08 05:26:55', '2024-08-08 05:26:55'),
(15, 4, 'Over-all impact', 10, '2024-08-08 05:27:10', '2024-08-08 05:27:19'),
(16, 5, 'Craftmanship', 30, '2024-08-08 05:27:45', '2024-08-08 05:27:45'),
(17, 5, 'Over-all design', 30, '2024-08-08 05:27:59', '2024-08-08 05:27:59'),
(18, 5, 'Stage Presence', 30, '2024-08-08 05:28:16', '2024-08-08 05:28:16'),
(19, 5, 'Over-all impact', 10, '2024-08-08 05:28:31', '2024-08-08 05:28:31'),
(20, 6, 'Content of the Answer, Delivery, and Personality', 40, '2024-08-08 05:28:58', '2024-08-08 12:05:16'),
(21, 6, 'Beauty of the Face, Body Proportion, and Over-all Look', 60, '2024-08-08 05:29:15', '2024-08-08 12:06:18');

-- --------------------------------------------------------

--
-- Table structure for table `deductions`
--

CREATE TABLE `deductions` (
  `id` mediumint(8) UNSIGNED NOT NULL,
  `technical_id` tinyint(3) UNSIGNED NOT NULL,
  `event_id` smallint(5) UNSIGNED NOT NULL,
  `team_id` tinyint(3) UNSIGNED NOT NULL,
  `value` float UNSIGNED NOT NULL DEFAULT 0,
  `is_locked` tinyint(1) NOT NULL DEFAULT 0,
  `created_at` timestamp NOT NULL DEFAULT current_timestamp(),
  `updated_at` timestamp NOT NULL DEFAULT current_timestamp() ON UPDATE current_timestamp()
) ENGINE=InnoDB DEFAULT CHARSET=utf8mb4 COLLATE=utf8mb4_general_ci;

-- --------------------------------------------------------

--
-- Table structure for table `eliminations`
--

CREATE TABLE `eliminations` (
  `id` mediumint(9) NOT NULL,
  `event_id` smallint(5) UNSIGNED NOT NULL,
  `team_id` tinyint(3) UNSIGNED NOT NULL,
  `created_at` timestamp NOT NULL DEFAULT current_timestamp(),
  `updated_at` timestamp NOT NULL DEFAULT current_timestamp() ON UPDATE current_timestamp()
) ENGINE=InnoDB DEFAULT CHARSET=utf8mb4 COLLATE=utf8mb4_general_ci;

--
-- Dumping data for table `eliminations`
--

INSERT INTO `eliminations` (`id`, `event_id`, `team_id`, `created_at`, `updated_at`) VALUES
(36, 6, 4, '2024-08-09 14:04:46', '2024-08-09 14:04:46'),
(37, 6, 7, '2024-08-09 14:04:47', '2024-08-09 14:04:47'),
(38, 6, 14, '2024-08-09 14:04:48', '2024-08-09 14:04:48'),
(39, 6, 6, '2024-08-09 14:04:49', '2024-08-09 14:04:49'),
(40, 6, 13, '2024-08-09 14:04:49', '2024-08-09 14:04:49'),
(41, 6, 12, '2024-08-09 14:04:50', '2024-08-09 14:04:50'),
(42, 6, 3, '2024-08-09 14:04:51', '2024-08-09 14:04:51'),
(43, 6, 8, '2024-08-09 14:04:52', '2024-08-09 14:04:52'),
(44, 6, 11, '2024-08-09 14:04:55', '2024-08-09 14:04:55'),
(45, 6, 1, '2024-08-09 14:04:56', '2024-08-09 14:04:56'),
(46, 6, 2, '2024-08-09 14:04:57', '2024-08-09 14:04:57'),
(47, 6, 15, '2024-08-09 14:04:58', '2024-08-09 14:04:58'),
(48, 6, 5, '2024-08-09 14:04:59', '2024-08-09 14:04:59'),
(49, 6, 10, '2024-08-09 14:05:00', '2024-08-09 14:05:00'),
(50, 6, 9, '2024-08-09 14:05:01', '2024-08-09 14:05:01');

-- --------------------------------------------------------

--
-- Table structure for table `events`
--

CREATE TABLE `events` (
  `id` smallint(5) UNSIGNED NOT NULL,
  `category_id` tinyint(3) UNSIGNED NOT NULL,
  `slug` varchar(32) NOT NULL,
  `title` varchar(255) NOT NULL,
  `created_at` timestamp NOT NULL DEFAULT current_timestamp(),
  `updated_at` timestamp NOT NULL DEFAULT current_timestamp() ON UPDATE current_timestamp()
) ENGINE=InnoDB DEFAULT CHARSET=utf8mb4 COLLATE=utf8mb4_general_ci;

--
-- Dumping data for table `events`
--

INSERT INTO `events` (`id`, `category_id`, `slug`, `title`, `created_at`, `updated_at`) VALUES
(1, 2, 'production', 'Production', '2024-08-08 05:15:57', '2024-08-08 05:15:57'),
(2, 2, 'swimwear', 'Swimwear', '2024-08-08 05:18:01', '2024-08-08 05:18:01'),
(3, 2, 'evening-gown', 'Evening Gown', '2024-08-08 05:18:28', '2024-08-08 05:18:28'),
(4, 2, 'preliminary-interview', 'Preliminary Interview', '2024-08-08 05:19:43', '2024-08-09 12:09:54'),
(5, 2, 'fiesta-carnival-costume', 'Fiesta Carnival Costume', '2024-08-08 05:20:19', '2024-08-08 05:20:19'),
(6, 2, 'final-qa', 'Final Q & A', '2024-08-08 05:20:47', '2024-08-08 05:20:47');

-- --------------------------------------------------------

--
-- Table structure for table `judges`
--

CREATE TABLE `judges` (
  `id` tinyint(3) UNSIGNED NOT NULL,
  `number` tinyint(3) UNSIGNED NOT NULL,
  `name` varchar(255) NOT NULL,
  `avatar` varchar(255) DEFAULT NULL,
  `username` varchar(255) NOT NULL,
  `password` varchar(255) NOT NULL,
  `active_portion` varchar(255) DEFAULT NULL,
  `called_at` timestamp NULL DEFAULT NULL,
  `pinged_at` timestamp NULL DEFAULT NULL,
  `created_at` timestamp NOT NULL DEFAULT current_timestamp(),
  `updated_at` timestamp NOT NULL DEFAULT current_timestamp() ON UPDATE current_timestamp()
) ENGINE=InnoDB DEFAULT CHARSET=utf8mb4 COLLATE=utf8mb4_general_ci;

--
-- Dumping data for table `judges`
--

INSERT INTO `judges` (`id`, `number`, `name`, `avatar`, `username`, `password`, `active_portion`, `called_at`, `pinged_at`, `created_at`, `updated_at`) VALUES
(1, 1, 'Dr. Emmalyn P. Sirios', 'no-avatar.jpg', 'judge01', 'judge01', NULL, NULL, NULL, '2024-08-09 13:04:42', '2024-08-09 14:23:18'),
(2, 2, 'Jhunna Talangan', 'no-avatar.jpg', 'judge02', 'judge02', NULL, NULL, NULL, '2024-08-09 14:08:25', '2024-08-09 14:08:25'),
(3, 3, 'Jeanette Mesalucha', 'no-avatar.jpg', 'judge03', 'judge03', NULL, NULL, NULL, '2024-08-09 14:09:55', '2024-08-09 14:09:55'),
(4, 4, 'Arch. Marineth Haber', 'no-avatar.jpg', 'judge04', 'judge04', NULL, NULL, NULL, '2024-08-09 14:10:33', '2024-08-09 14:10:33'),
(5, 5, 'Neoli Ibarrientos', 'no-avatar.jpg', 'judge05', 'judge05', NULL, NULL, NULL, '2024-08-09 14:12:03', '2024-08-09 14:12:03'),
(6, 6, 'Cyril Capistrano', 'no-avatar.jpg', 'judge06', 'judge06', NULL, NULL, NULL, '2024-08-09 14:13:04', '2024-08-09 14:13:04'),
(7, 7, 'Margarita Aguinillo', 'no-avatar.jpg', 'judge07', 'judge07', NULL, NULL, NULL, '2024-08-09 14:13:37', '2024-08-09 14:13:37');

-- --------------------------------------------------------

--
-- Table structure for table `judge_event`
--

CREATE TABLE `judge_event` (
  `id` tinyint(3) UNSIGNED NOT NULL,
  `judge_id` tinyint(3) UNSIGNED NOT NULL,
  `event_id` smallint(5) UNSIGNED NOT NULL,
  `is_chairman` tinyint(1) NOT NULL DEFAULT 0,
  `active_team_id` tinyint(3) UNSIGNED NOT NULL,
  `has_active_team` tinyint(1) NOT NULL DEFAULT 0,
  `created_at` timestamp NOT NULL DEFAULT current_timestamp(),
  `updated_at` timestamp NOT NULL DEFAULT current_timestamp() ON UPDATE current_timestamp()
) ENGINE=InnoDB DEFAULT CHARSET=utf8mb4 COLLATE=utf8mb4_general_ci;

--
-- Dumping data for table `judge_event`
--

INSERT INTO `judge_event` (`id`, `judge_id`, `event_id`, `is_chairman`, `active_team_id`, `has_active_team`, `created_at`, `updated_at`) VALUES
(59, 1, 1, 0, 4, 0, '2024-08-09 13:06:41', '2024-08-09 13:06:41'),
(60, 1, 2, 0, 4, 0, '2024-08-09 13:06:48', '2024-08-09 13:06:48'),
(61, 1, 3, 0, 4, 0, '2024-08-09 13:06:55', '2024-08-09 13:06:55'),
(62, 1, 4, 0, 4, 0, '2024-08-09 13:07:00', '2024-08-09 13:07:00'),
(63, 1, 5, 0, 4, 0, '2024-08-09 13:07:07', '2024-08-09 13:07:07'),
(64, 1, 6, 0, 4, 0, '2024-08-09 13:07:12', '2024-08-09 13:07:12'),
(65, 2, 1, 0, 4, 0, '2024-08-09 14:14:38', '2024-08-09 14:14:38'),
(66, 2, 2, 0, 4, 0, '2024-08-09 14:14:45', '2024-08-09 14:14:45'),
(67, 2, 3, 0, 4, 0, '2024-08-09 14:15:43', '2024-08-09 14:15:43'),
(68, 2, 4, 0, 4, 0, '2024-08-09 14:15:49', '2024-08-09 14:15:49'),
(69, 2, 5, 0, 4, 0, '2024-08-09 14:17:46', '2024-08-09 14:17:46'),
(70, 2, 6, 0, 4, 0, '2024-08-09 14:17:52', '2024-08-09 14:17:52'),
(71, 3, 1, 0, 4, 0, '2024-08-09 14:18:01', '2024-08-09 14:18:01'),
(72, 3, 2, 0, 4, 0, '2024-08-09 14:18:07', '2024-08-09 14:18:07'),
(73, 3, 3, 0, 4, 0, '2024-08-09 14:18:15', '2024-08-09 14:18:15'),
(74, 3, 4, 0, 4, 0, '2024-08-09 14:18:21', '2024-08-09 14:18:21'),
(75, 3, 5, 0, 4, 0, '2024-08-09 14:18:30', '2024-08-09 14:18:30'),
(76, 3, 6, 0, 4, 0, '2024-08-09 14:18:36', '2024-08-09 14:18:36'),
(77, 4, 1, 0, 4, 0, '2024-08-09 14:19:03', '2024-08-09 14:19:03'),
(78, 4, 2, 0, 4, 0, '2024-08-09 14:19:09', '2024-08-09 14:19:09'),
(79, 4, 3, 0, 4, 0, '2024-08-09 14:19:15', '2024-08-09 14:19:15'),
(80, 4, 4, 0, 4, 0, '2024-08-09 14:19:21', '2024-08-09 14:19:21'),
(81, 4, 5, 0, 4, 0, '2024-08-09 14:19:27', '2024-08-09 14:19:27'),
(82, 4, 6, 0, 4, 0, '2024-08-09 14:19:33', '2024-08-09 14:19:33'),
(83, 5, 1, 0, 4, 0, '2024-08-09 14:19:47', '2024-08-09 14:19:47'),
(84, 5, 2, 0, 4, 0, '2024-08-09 14:19:53', '2024-08-09 14:19:53'),
(85, 5, 3, 0, 4, 0, '2024-08-09 14:19:59', '2024-08-09 14:19:59'),
(86, 5, 4, 0, 4, 0, '2024-08-09 14:20:06', '2024-08-09 14:20:06'),
(87, 5, 5, 0, 4, 0, '2024-08-09 14:20:12', '2024-08-09 14:20:12'),
(88, 5, 6, 0, 4, 0, '2024-08-09 14:20:18', '2024-08-09 14:20:18'),
(89, 6, 1, 0, 4, 0, '2024-08-09 14:20:28', '2024-08-09 14:20:28'),
(90, 6, 2, 0, 4, 0, '2024-08-09 14:20:33', '2024-08-09 14:20:33'),
(91, 6, 3, 0, 4, 0, '2024-08-09 14:20:40', '2024-08-09 14:20:40'),
(92, 6, 4, 0, 4, 0, '2024-08-09 14:20:56', '2024-08-09 14:20:56'),
(93, 6, 5, 0, 4, 0, '2024-08-09 14:21:02', '2024-08-09 14:21:02'),
(94, 6, 6, 0, 4, 0, '2024-08-09 14:21:08', '2024-08-09 14:21:08'),
(95, 7, 1, 1, 4, 0, '2024-08-09 14:21:21', '2024-08-09 14:22:19'),
(96, 7, 2, 1, 4, 0, '2024-08-09 14:21:28', '2024-08-09 14:22:22'),
(97, 7, 3, 1, 4, 0, '2024-08-09 14:21:38', '2024-08-09 14:22:52'),
(98, 7, 4, 1, 4, 0, '2024-08-09 14:21:45', '2024-08-09 14:22:53'),
(99, 7, 5, 1, 4, 0, '2024-08-09 14:21:52', '2024-08-09 14:22:55'),
(100, 7, 6, 1, 4, 0, '2024-08-09 14:21:58', '2024-08-09 14:22:56');

-- --------------------------------------------------------

--
-- Table structure for table `noshows`
--

CREATE TABLE `noshows` (
  `id` smallint(5) UNSIGNED NOT NULL,
  `event_id` smallint(5) UNSIGNED NOT NULL,
  `team_id` tinyint(3) UNSIGNED NOT NULL,
  `created_at` timestamp NOT NULL DEFAULT current_timestamp(),
  `updated_at` timestamp NOT NULL DEFAULT current_timestamp() ON UPDATE current_timestamp()
) ENGINE=InnoDB DEFAULT CHARSET=utf8mb4 COLLATE=utf8mb4_general_ci;

-- --------------------------------------------------------

--
-- Table structure for table `participants`
--

CREATE TABLE `participants` (
  `id` smallint(5) UNSIGNED NOT NULL,
  `team_id` tinyint(3) UNSIGNED NOT NULL,
  `event_id` smallint(5) UNSIGNED NOT NULL,
  `number` smallint(5) UNSIGNED NOT NULL,
  `first_name` varchar(255) NOT NULL,
  `middle_name` varchar(255) DEFAULT NULL,
  `last_name` varchar(255) NOT NULL,
  `gender` enum('male','female') NOT NULL,
  `avatar` varchar(255) DEFAULT NULL,
  `created_at` timestamp NOT NULL DEFAULT current_timestamp(),
  `updated_at` timestamp NOT NULL DEFAULT current_timestamp() ON UPDATE current_timestamp()
) ENGINE=InnoDB DEFAULT CHARSET=utf8mb4 COLLATE=utf8mb4_general_ci;

-- --------------------------------------------------------

--
-- Table structure for table `points`
--

CREATE TABLE `points` (
  `id` smallint(5) UNSIGNED NOT NULL,
  `event_id` smallint(5) UNSIGNED NOT NULL,
  `rank` tinyint(3) UNSIGNED NOT NULL,
  `value` float UNSIGNED NOT NULL,
  `created_at` timestamp NOT NULL DEFAULT current_timestamp(),
  `updated_at` timestamp NOT NULL DEFAULT current_timestamp() ON UPDATE current_timestamp()
) ENGINE=InnoDB DEFAULT CHARSET=utf8mb4 COLLATE=utf8mb4_general_ci;

-- --------------------------------------------------------

--
-- Table structure for table `ratings`
--

CREATE TABLE `ratings` (
  `id` mediumint(8) UNSIGNED NOT NULL,
  `judge_id` tinyint(3) UNSIGNED NOT NULL,
  `criteria_id` smallint(5) UNSIGNED NOT NULL,
  `team_id` tinyint(3) UNSIGNED NOT NULL,
  `value` float UNSIGNED NOT NULL DEFAULT 0,
  `is_locked` tinyint(1) NOT NULL DEFAULT 0,
  `created_at` timestamp NOT NULL DEFAULT current_timestamp(),
  `updated_at` timestamp NOT NULL DEFAULT current_timestamp() ON UPDATE current_timestamp()
) ENGINE=InnoDB DEFAULT CHARSET=utf8mb4 COLLATE=utf8mb4_general_ci;

--
-- Dumping data for table `ratings`
--

INSERT INTO `ratings` (`id`, `judge_id`, `criteria_id`, `team_id`, `value`, `is_locked`, `created_at`, `updated_at`) VALUES
(312, 1, 20, 3, 0, 0, '2024-08-09 14:03:10', '2024-08-09 14:03:10'),
(313, 1, 21, 3, 0, 0, '2024-08-09 14:03:10', '2024-08-09 14:03:10'),
(314, 1, 20, 13, 0, 0, '2024-08-09 14:03:10', '2024-08-09 14:03:10'),
(315, 1, 21, 13, 0, 0, '2024-08-09 14:03:10', '2024-08-09 14:03:10'),
(316, 1, 20, 9, 0, 0, '2024-08-09 14:03:10', '2024-08-09 14:03:10'),
(317, 1, 21, 9, 0, 0, '2024-08-09 14:03:10', '2024-08-09 14:03:10'),
(318, 1, 20, 4, 0, 0, '2024-08-09 14:03:10', '2024-08-09 14:03:10'),
(319, 1, 21, 4, 0, 0, '2024-08-09 14:03:10', '2024-08-09 14:03:10'),
(320, 1, 20, 1, 0, 0, '2024-08-09 14:03:10', '2024-08-09 14:03:10'),
(321, 1, 21, 1, 0, 0, '2024-08-09 14:03:10', '2024-08-09 14:03:10'),
(322, 1, 20, 8, 0, 0, '2024-08-09 14:03:10', '2024-08-09 14:03:10'),
(323, 1, 21, 8, 0, 0, '2024-08-09 14:03:10', '2024-08-09 14:03:10'),
(324, 1, 20, 5, 0, 0, '2024-08-09 14:03:10', '2024-08-09 14:03:10'),
(325, 1, 21, 5, 0, 0, '2024-08-09 14:03:10', '2024-08-09 14:03:10'),
(326, 1, 20, 14, 0, 0, '2024-08-09 14:03:10', '2024-08-09 14:03:10'),
(327, 1, 21, 14, 0, 0, '2024-08-09 14:03:10', '2024-08-09 14:03:10'),
(328, 1, 20, 15, 0, 0, '2024-08-09 14:03:10', '2024-08-09 14:03:10'),
(329, 1, 21, 15, 0, 0, '2024-08-09 14:03:10', '2024-08-09 14:03:10'),
(330, 1, 20, 7, 0, 0, '2024-08-09 14:03:10', '2024-08-09 14:03:10'),
(331, 1, 21, 7, 0, 0, '2024-08-09 14:03:10', '2024-08-09 14:03:10'),
(332, 1, 1, 4, 0, 0, '2024-08-09 14:03:33', '2024-08-09 14:03:33'),
(333, 1, 2, 4, 0, 0, '2024-08-09 14:03:33', '2024-08-09 14:03:33'),
(334, 1, 3, 4, 0, 0, '2024-08-09 14:03:33', '2024-08-09 14:03:33'),
(335, 1, 4, 4, 0, 0, '2024-08-09 14:03:33', '2024-08-09 14:03:33'),
(336, 1, 1, 7, 0, 0, '2024-08-09 14:03:33', '2024-08-09 14:03:33'),
(337, 1, 2, 7, 0, 0, '2024-08-09 14:03:33', '2024-08-09 14:03:33'),
(338, 1, 3, 7, 0, 0, '2024-08-09 14:03:33', '2024-08-09 14:03:33'),
(339, 1, 4, 7, 0, 0, '2024-08-09 14:03:33', '2024-08-09 14:03:33'),
(340, 1, 1, 14, 0, 0, '2024-08-09 14:03:33', '2024-08-09 14:03:33'),
(341, 1, 2, 14, 0, 0, '2024-08-09 14:03:33', '2024-08-09 14:03:33'),
(342, 1, 3, 14, 0, 0, '2024-08-09 14:03:33', '2024-08-09 14:03:33'),
(343, 1, 4, 14, 0, 0, '2024-08-09 14:03:33', '2024-08-09 14:03:33'),
(344, 1, 1, 6, 0, 0, '2024-08-09 14:03:33', '2024-08-09 14:03:33'),
(345, 1, 2, 6, 0, 0, '2024-08-09 14:03:33', '2024-08-09 14:03:33'),
(346, 1, 3, 6, 0, 0, '2024-08-09 14:03:33', '2024-08-09 14:03:33'),
(347, 1, 4, 6, 0, 0, '2024-08-09 14:03:33', '2024-08-09 14:03:33'),
(348, 1, 1, 13, 0, 0, '2024-08-09 14:03:33', '2024-08-09 14:03:33'),
(349, 1, 2, 13, 0, 0, '2024-08-09 14:03:33', '2024-08-09 14:03:33'),
(350, 1, 3, 13, 0, 0, '2024-08-09 14:03:33', '2024-08-09 14:03:33'),
(351, 1, 4, 13, 0, 0, '2024-08-09 14:03:33', '2024-08-09 14:03:33'),
(352, 1, 1, 12, 0, 0, '2024-08-09 14:03:33', '2024-08-09 14:03:33'),
(353, 1, 2, 12, 0, 0, '2024-08-09 14:03:33', '2024-08-09 14:03:33'),
(354, 1, 3, 12, 0, 0, '2024-08-09 14:03:33', '2024-08-09 14:03:33'),
(355, 1, 4, 12, 0, 0, '2024-08-09 14:03:33', '2024-08-09 14:03:33'),
(356, 1, 1, 3, 0, 0, '2024-08-09 14:03:33', '2024-08-09 14:03:33'),
(357, 1, 2, 3, 0, 0, '2024-08-09 14:03:33', '2024-08-09 14:03:33'),
(358, 1, 3, 3, 0, 0, '2024-08-09 14:03:33', '2024-08-09 14:03:33'),
(359, 1, 4, 3, 0, 0, '2024-08-09 14:03:33', '2024-08-09 14:03:33'),
(360, 1, 1, 8, 0, 0, '2024-08-09 14:03:33', '2024-08-09 14:03:33'),
(361, 1, 2, 8, 0, 0, '2024-08-09 14:03:33', '2024-08-09 14:03:33'),
(362, 1, 3, 8, 0, 0, '2024-08-09 14:03:34', '2024-08-09 14:03:34'),
(363, 1, 4, 8, 0, 0, '2024-08-09 14:03:34', '2024-08-09 14:03:34'),
(364, 1, 1, 11, 0, 0, '2024-08-09 14:03:34', '2024-08-09 14:03:34'),
(365, 1, 2, 11, 0, 0, '2024-08-09 14:03:34', '2024-08-09 14:03:34'),
(366, 1, 3, 11, 0, 0, '2024-08-09 14:03:34', '2024-08-09 14:03:34'),
(367, 1, 4, 11, 0, 0, '2024-08-09 14:03:34', '2024-08-09 14:03:34'),
(368, 1, 1, 1, 0, 0, '2024-08-09 14:03:34', '2024-08-09 14:03:34'),
(369, 1, 2, 1, 0, 0, '2024-08-09 14:03:34', '2024-08-09 14:03:34'),
(370, 1, 3, 1, 0, 0, '2024-08-09 14:03:34', '2024-08-09 14:03:34'),
(371, 1, 4, 1, 0, 0, '2024-08-09 14:03:34', '2024-08-09 14:03:34'),
(372, 1, 1, 2, 0, 0, '2024-08-09 14:03:34', '2024-08-09 14:03:34'),
(373, 1, 2, 2, 0, 0, '2024-08-09 14:03:34', '2024-08-09 14:03:34'),
(374, 1, 3, 2, 0, 0, '2024-08-09 14:03:34', '2024-08-09 14:03:34'),
(375, 1, 4, 2, 0, 0, '2024-08-09 14:03:34', '2024-08-09 14:03:34'),
(376, 1, 1, 15, 0, 0, '2024-08-09 14:03:34', '2024-08-09 14:03:34'),
(377, 1, 2, 15, 0, 0, '2024-08-09 14:03:34', '2024-08-09 14:03:34'),
(378, 1, 3, 15, 0, 0, '2024-08-09 14:03:34', '2024-08-09 14:03:34'),
(379, 1, 4, 15, 0, 0, '2024-08-09 14:03:34', '2024-08-09 14:03:34'),
(380, 1, 1, 5, 0, 0, '2024-08-09 14:03:34', '2024-08-09 14:03:34'),
(381, 1, 2, 5, 0, 0, '2024-08-09 14:03:34', '2024-08-09 14:03:34'),
(382, 1, 3, 5, 0, 0, '2024-08-09 14:03:34', '2024-08-09 14:03:34'),
(383, 1, 4, 5, 0, 0, '2024-08-09 14:03:34', '2024-08-09 14:03:34'),
(384, 1, 1, 10, 0, 0, '2024-08-09 14:03:34', '2024-08-09 14:03:34'),
(385, 1, 2, 10, 0, 0, '2024-08-09 14:03:34', '2024-08-09 14:03:34'),
(386, 1, 3, 10, 0, 0, '2024-08-09 14:03:34', '2024-08-09 14:03:34'),
(387, 1, 4, 10, 0, 0, '2024-08-09 14:03:34', '2024-08-09 14:03:34'),
(388, 1, 1, 9, 0, 0, '2024-08-09 14:03:34', '2024-08-09 14:03:34'),
(389, 1, 2, 9, 0, 0, '2024-08-09 14:03:34', '2024-08-09 14:03:34'),
(390, 1, 3, 9, 0, 0, '2024-08-09 14:03:34', '2024-08-09 14:03:34'),
(391, 1, 4, 9, 0, 0, '2024-08-09 14:03:34', '2024-08-09 14:03:34'),
(392, 1, 20, 2, 0, 0, '2024-08-09 14:04:42', '2024-08-09 14:04:42'),
(393, 1, 21, 2, 0, 0, '2024-08-09 14:04:42', '2024-08-09 14:04:42'),
(394, 1, 20, 6, 0, 0, '2024-08-09 14:04:42', '2024-08-09 14:04:42'),
(395, 1, 21, 6, 0, 0, '2024-08-09 14:04:42', '2024-08-09 14:04:42'),
(396, 1, 20, 12, 0, 0, '2024-08-09 14:04:42', '2024-08-09 14:04:42'),
(397, 1, 21, 12, 0, 0, '2024-08-09 14:04:42', '2024-08-09 14:04:42'),
(398, 1, 20, 11, 0, 0, '2024-08-09 14:04:42', '2024-08-09 14:04:42'),
(399, 1, 21, 11, 0, 0, '2024-08-09 14:04:42', '2024-08-09 14:04:42'),
(400, 1, 20, 10, 0, 0, '2024-08-09 14:04:42', '2024-08-09 14:04:42'),
(401, 1, 21, 10, 0, 0, '2024-08-09 14:04:42', '2024-08-09 14:04:42'),
(402, 2, 1, 4, 0, 0, '2024-08-09 14:14:39', '2024-08-09 14:14:39'),
(403, 2, 2, 4, 0, 0, '2024-08-09 14:14:39', '2024-08-09 14:14:39'),
(404, 2, 3, 4, 0, 0, '2024-08-09 14:14:39', '2024-08-09 14:14:39'),
(405, 2, 4, 4, 0, 0, '2024-08-09 14:14:39', '2024-08-09 14:14:39'),
(406, 2, 1, 7, 0, 0, '2024-08-09 14:14:39', '2024-08-09 14:14:39'),
(407, 2, 2, 7, 0, 0, '2024-08-09 14:14:39', '2024-08-09 14:14:39'),
(408, 2, 3, 7, 0, 0, '2024-08-09 14:14:39', '2024-08-09 14:14:39'),
(409, 2, 4, 7, 0, 0, '2024-08-09 14:14:39', '2024-08-09 14:14:39'),
(410, 2, 1, 14, 0, 0, '2024-08-09 14:14:39', '2024-08-09 14:14:39'),
(411, 2, 2, 14, 0, 0, '2024-08-09 14:14:39', '2024-08-09 14:14:39'),
(412, 2, 3, 14, 0, 0, '2024-08-09 14:14:39', '2024-08-09 14:14:39'),
(413, 2, 4, 14, 0, 0, '2024-08-09 14:14:39', '2024-08-09 14:14:39'),
(414, 2, 1, 6, 0, 0, '2024-08-09 14:14:39', '2024-08-09 14:14:39'),
(415, 2, 2, 6, 0, 0, '2024-08-09 14:14:39', '2024-08-09 14:14:39'),
(416, 2, 3, 6, 0, 0, '2024-08-09 14:14:39', '2024-08-09 14:14:39'),
(417, 2, 4, 6, 0, 0, '2024-08-09 14:14:39', '2024-08-09 14:14:39'),
(418, 2, 1, 13, 0, 0, '2024-08-09 14:14:39', '2024-08-09 14:14:39'),
(419, 2, 2, 13, 0, 0, '2024-08-09 14:14:39', '2024-08-09 14:14:39'),
(420, 2, 3, 13, 0, 0, '2024-08-09 14:14:39', '2024-08-09 14:14:39'),
(421, 2, 4, 13, 0, 0, '2024-08-09 14:14:39', '2024-08-09 14:14:39'),
(422, 2, 1, 12, 0, 0, '2024-08-09 14:14:39', '2024-08-09 14:14:39'),
(423, 2, 2, 12, 0, 0, '2024-08-09 14:14:39', '2024-08-09 14:14:39'),
(424, 2, 3, 12, 0, 0, '2024-08-09 14:14:39', '2024-08-09 14:14:39'),
(425, 2, 4, 12, 0, 0, '2024-08-09 14:14:39', '2024-08-09 14:14:39'),
(426, 2, 1, 3, 0, 0, '2024-08-09 14:14:39', '2024-08-09 14:14:39'),
(427, 2, 2, 3, 0, 0, '2024-08-09 14:14:39', '2024-08-09 14:14:39'),
(428, 2, 3, 3, 0, 0, '2024-08-09 14:14:39', '2024-08-09 14:14:39'),
(429, 2, 4, 3, 0, 0, '2024-08-09 14:14:39', '2024-08-09 14:14:39'),
(430, 2, 1, 8, 0, 0, '2024-08-09 14:14:39', '2024-08-09 14:14:39'),
(431, 2, 2, 8, 0, 0, '2024-08-09 14:14:39', '2024-08-09 14:14:39'),
(432, 2, 3, 8, 0, 0, '2024-08-09 14:14:39', '2024-08-09 14:14:39'),
(433, 2, 4, 8, 0, 0, '2024-08-09 14:14:39', '2024-08-09 14:14:39'),
(434, 2, 1, 11, 0, 0, '2024-08-09 14:14:39', '2024-08-09 14:14:39'),
(435, 2, 2, 11, 0, 0, '2024-08-09 14:14:39', '2024-08-09 14:14:39'),
(436, 2, 3, 11, 0, 0, '2024-08-09 14:14:39', '2024-08-09 14:14:39'),
(437, 2, 4, 11, 0, 0, '2024-08-09 14:14:39', '2024-08-09 14:14:39'),
(438, 2, 1, 1, 0, 0, '2024-08-09 14:14:39', '2024-08-09 14:14:39'),
(439, 2, 2, 1, 0, 0, '2024-08-09 14:14:39', '2024-08-09 14:14:39'),
(440, 2, 3, 1, 0, 0, '2024-08-09 14:14:39', '2024-08-09 14:14:39'),
(441, 2, 4, 1, 0, 0, '2024-08-09 14:14:39', '2024-08-09 14:14:39'),
(442, 2, 1, 2, 0, 0, '2024-08-09 14:14:39', '2024-08-09 14:14:39'),
(443, 2, 2, 2, 0, 0, '2024-08-09 14:14:39', '2024-08-09 14:14:39'),
(444, 2, 3, 2, 0, 0, '2024-08-09 14:14:39', '2024-08-09 14:14:39'),
(445, 2, 4, 2, 0, 0, '2024-08-09 14:14:39', '2024-08-09 14:14:39'),
(446, 2, 1, 15, 0, 0, '2024-08-09 14:14:39', '2024-08-09 14:14:39'),
(447, 2, 2, 15, 0, 0, '2024-08-09 14:14:39', '2024-08-09 14:14:39'),
(448, 2, 3, 15, 0, 0, '2024-08-09 14:14:39', '2024-08-09 14:14:39'),
(449, 2, 4, 15, 0, 0, '2024-08-09 14:14:39', '2024-08-09 14:14:39'),
(450, 2, 1, 5, 0, 0, '2024-08-09 14:14:40', '2024-08-09 14:14:40'),
(451, 2, 2, 5, 0, 0, '2024-08-09 14:14:40', '2024-08-09 14:14:40'),
(452, 2, 3, 5, 0, 0, '2024-08-09 14:14:40', '2024-08-09 14:14:40'),
(453, 2, 4, 5, 0, 0, '2024-08-09 14:14:40', '2024-08-09 14:14:40'),
(454, 2, 1, 10, 0, 0, '2024-08-09 14:14:40', '2024-08-09 14:14:40'),
(455, 2, 2, 10, 0, 0, '2024-08-09 14:14:40', '2024-08-09 14:14:40'),
(456, 2, 3, 10, 0, 0, '2024-08-09 14:14:40', '2024-08-09 14:14:40'),
(457, 2, 4, 10, 0, 0, '2024-08-09 14:14:40', '2024-08-09 14:14:40'),
(458, 2, 1, 9, 0, 0, '2024-08-09 14:14:40', '2024-08-09 14:14:40'),
(459, 2, 2, 9, 0, 0, '2024-08-09 14:14:40', '2024-08-09 14:14:40'),
(460, 2, 3, 9, 0, 0, '2024-08-09 14:14:40', '2024-08-09 14:14:40'),
(461, 2, 4, 9, 0, 0, '2024-08-09 14:14:40', '2024-08-09 14:14:40'),
(462, 3, 1, 4, 0, 0, '2024-08-09 14:18:03', '2024-08-09 14:18:03'),
(463, 3, 2, 4, 0, 0, '2024-08-09 14:18:03', '2024-08-09 14:18:03'),
(464, 3, 3, 4, 0, 0, '2024-08-09 14:18:03', '2024-08-09 14:18:03'),
(465, 3, 4, 4, 0, 0, '2024-08-09 14:18:03', '2024-08-09 14:18:03'),
(466, 3, 1, 7, 0, 0, '2024-08-09 14:18:03', '2024-08-09 14:18:03'),
(467, 3, 2, 7, 0, 0, '2024-08-09 14:18:03', '2024-08-09 14:18:03'),
(468, 3, 3, 7, 0, 0, '2024-08-09 14:18:03', '2024-08-09 14:18:03'),
(469, 3, 4, 7, 0, 0, '2024-08-09 14:18:03', '2024-08-09 14:18:03'),
(470, 3, 1, 14, 0, 0, '2024-08-09 14:18:03', '2024-08-09 14:18:03'),
(471, 3, 2, 14, 0, 0, '2024-08-09 14:18:03', '2024-08-09 14:18:03'),
(472, 3, 3, 14, 0, 0, '2024-08-09 14:18:03', '2024-08-09 14:18:03'),
(473, 3, 4, 14, 0, 0, '2024-08-09 14:18:03', '2024-08-09 14:18:03'),
(474, 3, 1, 6, 0, 0, '2024-08-09 14:18:03', '2024-08-09 14:18:03'),
(475, 3, 2, 6, 0, 0, '2024-08-09 14:18:03', '2024-08-09 14:18:03'),
(476, 3, 3, 6, 0, 0, '2024-08-09 14:18:03', '2024-08-09 14:18:03'),
(477, 3, 4, 6, 0, 0, '2024-08-09 14:18:03', '2024-08-09 14:18:03'),
(478, 3, 1, 13, 0, 0, '2024-08-09 14:18:03', '2024-08-09 14:18:03'),
(479, 3, 2, 13, 0, 0, '2024-08-09 14:18:03', '2024-08-09 14:18:03'),
(480, 3, 3, 13, 0, 0, '2024-08-09 14:18:03', '2024-08-09 14:18:03'),
(481, 3, 4, 13, 0, 0, '2024-08-09 14:18:03', '2024-08-09 14:18:03'),
(482, 3, 1, 12, 0, 0, '2024-08-09 14:18:03', '2024-08-09 14:18:03'),
(483, 3, 2, 12, 0, 0, '2024-08-09 14:18:03', '2024-08-09 14:18:03'),
(484, 3, 3, 12, 0, 0, '2024-08-09 14:18:03', '2024-08-09 14:18:03'),
(485, 3, 4, 12, 0, 0, '2024-08-09 14:18:03', '2024-08-09 14:18:03'),
(486, 3, 1, 3, 0, 0, '2024-08-09 14:18:03', '2024-08-09 14:18:03'),
(487, 3, 2, 3, 0, 0, '2024-08-09 14:18:03', '2024-08-09 14:18:03'),
(488, 3, 3, 3, 0, 0, '2024-08-09 14:18:03', '2024-08-09 14:18:03'),
(489, 3, 4, 3, 0, 0, '2024-08-09 14:18:03', '2024-08-09 14:18:03'),
(490, 3, 1, 8, 0, 0, '2024-08-09 14:18:03', '2024-08-09 14:18:03'),
(491, 3, 2, 8, 0, 0, '2024-08-09 14:18:03', '2024-08-09 14:18:03'),
(492, 3, 3, 8, 0, 0, '2024-08-09 14:18:03', '2024-08-09 14:18:03'),
(493, 3, 4, 8, 0, 0, '2024-08-09 14:18:03', '2024-08-09 14:18:03'),
(494, 3, 1, 11, 0, 0, '2024-08-09 14:18:03', '2024-08-09 14:18:03'),
(495, 3, 2, 11, 0, 0, '2024-08-09 14:18:03', '2024-08-09 14:18:03'),
(496, 3, 3, 11, 0, 0, '2024-08-09 14:18:03', '2024-08-09 14:18:03'),
(497, 3, 4, 11, 0, 0, '2024-08-09 14:18:03', '2024-08-09 14:18:03'),
(498, 3, 1, 1, 0, 0, '2024-08-09 14:18:03', '2024-08-09 14:18:03'),
(499, 3, 2, 1, 0, 0, '2024-08-09 14:18:03', '2024-08-09 14:18:03'),
(500, 3, 3, 1, 0, 0, '2024-08-09 14:18:03', '2024-08-09 14:18:03'),
(501, 3, 4, 1, 0, 0, '2024-08-09 14:18:03', '2024-08-09 14:18:03'),
(502, 3, 1, 2, 0, 0, '2024-08-09 14:18:03', '2024-08-09 14:18:03'),
(503, 3, 2, 2, 0, 0, '2024-08-09 14:18:03', '2024-08-09 14:18:03'),
(504, 3, 3, 2, 0, 0, '2024-08-09 14:18:03', '2024-08-09 14:18:03'),
(505, 3, 4, 2, 0, 0, '2024-08-09 14:18:03', '2024-08-09 14:18:03'),
(506, 3, 1, 15, 0, 0, '2024-08-09 14:18:03', '2024-08-09 14:18:03'),
(507, 3, 2, 15, 0, 0, '2024-08-09 14:18:03', '2024-08-09 14:18:03'),
(508, 3, 3, 15, 0, 0, '2024-08-09 14:18:03', '2024-08-09 14:18:03'),
(509, 3, 4, 15, 0, 0, '2024-08-09 14:18:03', '2024-08-09 14:18:03'),
(510, 3, 1, 5, 0, 0, '2024-08-09 14:18:03', '2024-08-09 14:18:03'),
(511, 3, 2, 5, 0, 0, '2024-08-09 14:18:03', '2024-08-09 14:18:03'),
(512, 3, 3, 5, 0, 0, '2024-08-09 14:18:03', '2024-08-09 14:18:03'),
(513, 3, 4, 5, 0, 0, '2024-08-09 14:18:03', '2024-08-09 14:18:03'),
(514, 3, 1, 10, 0, 0, '2024-08-09 14:18:03', '2024-08-09 14:18:03'),
(515, 3, 2, 10, 0, 0, '2024-08-09 14:18:03', '2024-08-09 14:18:03'),
(516, 3, 3, 10, 0, 0, '2024-08-09 14:18:03', '2024-08-09 14:18:03'),
(517, 3, 4, 10, 0, 0, '2024-08-09 14:18:03', '2024-08-09 14:18:03'),
(518, 3, 1, 9, 0, 0, '2024-08-09 14:18:03', '2024-08-09 14:18:03'),
(519, 3, 2, 9, 0, 0, '2024-08-09 14:18:03', '2024-08-09 14:18:03'),
(520, 3, 3, 9, 0, 0, '2024-08-09 14:18:03', '2024-08-09 14:18:03'),
(521, 3, 4, 9, 0, 0, '2024-08-09 14:18:03', '2024-08-09 14:18:03'),
(522, 4, 1, 4, 0, 0, '2024-08-09 14:19:05', '2024-08-09 14:19:05'),
(523, 4, 2, 4, 0, 0, '2024-08-09 14:19:05', '2024-08-09 14:19:05'),
(524, 4, 3, 4, 0, 0, '2024-08-09 14:19:05', '2024-08-09 14:19:05'),
(525, 4, 4, 4, 0, 0, '2024-08-09 14:19:05', '2024-08-09 14:19:05'),
(526, 4, 1, 7, 0, 0, '2024-08-09 14:19:05', '2024-08-09 14:19:05'),
(527, 4, 2, 7, 0, 0, '2024-08-09 14:19:05', '2024-08-09 14:19:05'),
(528, 4, 3, 7, 0, 0, '2024-08-09 14:19:05', '2024-08-09 14:19:05'),
(529, 4, 4, 7, 0, 0, '2024-08-09 14:19:05', '2024-08-09 14:19:05'),
(530, 4, 1, 14, 0, 0, '2024-08-09 14:19:05', '2024-08-09 14:19:05'),
(531, 4, 2, 14, 0, 0, '2024-08-09 14:19:05', '2024-08-09 14:19:05'),
(532, 4, 3, 14, 0, 0, '2024-08-09 14:19:05', '2024-08-09 14:19:05'),
(533, 4, 4, 14, 0, 0, '2024-08-09 14:19:05', '2024-08-09 14:19:05'),
(534, 4, 1, 6, 0, 0, '2024-08-09 14:19:05', '2024-08-09 14:19:05'),
(535, 4, 2, 6, 0, 0, '2024-08-09 14:19:05', '2024-08-09 14:19:05'),
(536, 4, 3, 6, 0, 0, '2024-08-09 14:19:05', '2024-08-09 14:19:05'),
(537, 4, 4, 6, 0, 0, '2024-08-09 14:19:05', '2024-08-09 14:19:05'),
(538, 4, 1, 13, 0, 0, '2024-08-09 14:19:05', '2024-08-09 14:19:05'),
(539, 4, 2, 13, 0, 0, '2024-08-09 14:19:05', '2024-08-09 14:19:05'),
(540, 4, 3, 13, 0, 0, '2024-08-09 14:19:05', '2024-08-09 14:19:05'),
(541, 4, 4, 13, 0, 0, '2024-08-09 14:19:05', '2024-08-09 14:19:05'),
(542, 4, 1, 12, 0, 0, '2024-08-09 14:19:05', '2024-08-09 14:19:05'),
(543, 4, 2, 12, 0, 0, '2024-08-09 14:19:05', '2024-08-09 14:19:05'),
(544, 4, 3, 12, 0, 0, '2024-08-09 14:19:05', '2024-08-09 14:19:05'),
(545, 4, 4, 12, 0, 0, '2024-08-09 14:19:05', '2024-08-09 14:19:05'),
(546, 4, 1, 3, 0, 0, '2024-08-09 14:19:05', '2024-08-09 14:19:05'),
(547, 4, 2, 3, 0, 0, '2024-08-09 14:19:05', '2024-08-09 14:19:05'),
(548, 4, 3, 3, 0, 0, '2024-08-09 14:19:05', '2024-08-09 14:19:05'),
(549, 4, 4, 3, 0, 0, '2024-08-09 14:19:05', '2024-08-09 14:19:05'),
(550, 4, 1, 8, 0, 0, '2024-08-09 14:19:05', '2024-08-09 14:19:05'),
(551, 4, 2, 8, 0, 0, '2024-08-09 14:19:05', '2024-08-09 14:19:05'),
(552, 4, 3, 8, 0, 0, '2024-08-09 14:19:05', '2024-08-09 14:19:05'),
(553, 4, 4, 8, 0, 0, '2024-08-09 14:19:05', '2024-08-09 14:19:05'),
(554, 4, 1, 11, 0, 0, '2024-08-09 14:19:05', '2024-08-09 14:19:05'),
(555, 4, 2, 11, 0, 0, '2024-08-09 14:19:05', '2024-08-09 14:19:05'),
(556, 4, 3, 11, 0, 0, '2024-08-09 14:19:05', '2024-08-09 14:19:05'),
(557, 4, 4, 11, 0, 0, '2024-08-09 14:19:05', '2024-08-09 14:19:05'),
(558, 4, 1, 1, 0, 0, '2024-08-09 14:19:05', '2024-08-09 14:19:05'),
(559, 4, 2, 1, 0, 0, '2024-08-09 14:19:05', '2024-08-09 14:19:05'),
(560, 4, 3, 1, 0, 0, '2024-08-09 14:19:05', '2024-08-09 14:19:05'),
(561, 4, 4, 1, 0, 0, '2024-08-09 14:19:05', '2024-08-09 14:19:05'),
(562, 4, 1, 2, 0, 0, '2024-08-09 14:19:05', '2024-08-09 14:19:05'),
(563, 4, 2, 2, 0, 0, '2024-08-09 14:19:05', '2024-08-09 14:19:05'),
(564, 4, 3, 2, 0, 0, '2024-08-09 14:19:05', '2024-08-09 14:19:05'),
(565, 4, 4, 2, 0, 0, '2024-08-09 14:19:05', '2024-08-09 14:19:05'),
(566, 4, 1, 15, 0, 0, '2024-08-09 14:19:05', '2024-08-09 14:19:05'),
(567, 4, 2, 15, 0, 0, '2024-08-09 14:19:05', '2024-08-09 14:19:05'),
(568, 4, 3, 15, 0, 0, '2024-08-09 14:19:05', '2024-08-09 14:19:05'),
(569, 4, 4, 15, 0, 0, '2024-08-09 14:19:05', '2024-08-09 14:19:05'),
(570, 4, 1, 5, 0, 0, '2024-08-09 14:19:05', '2024-08-09 14:19:05'),
(571, 4, 2, 5, 0, 0, '2024-08-09 14:19:05', '2024-08-09 14:19:05'),
(572, 4, 3, 5, 0, 0, '2024-08-09 14:19:05', '2024-08-09 14:19:05'),
(573, 4, 4, 5, 0, 0, '2024-08-09 14:19:05', '2024-08-09 14:19:05'),
(574, 4, 1, 10, 0, 0, '2024-08-09 14:19:05', '2024-08-09 14:19:05'),
(575, 4, 2, 10, 0, 0, '2024-08-09 14:19:05', '2024-08-09 14:19:05'),
(576, 4, 3, 10, 0, 0, '2024-08-09 14:19:05', '2024-08-09 14:19:05'),
(577, 4, 4, 10, 0, 0, '2024-08-09 14:19:05', '2024-08-09 14:19:05'),
(578, 4, 1, 9, 0, 0, '2024-08-09 14:19:05', '2024-08-09 14:19:05'),
(579, 4, 2, 9, 0, 0, '2024-08-09 14:19:05', '2024-08-09 14:19:05'),
(580, 4, 3, 9, 0, 0, '2024-08-09 14:19:05', '2024-08-09 14:19:05'),
(581, 4, 4, 9, 0, 0, '2024-08-09 14:19:05', '2024-08-09 14:19:05'),
(582, 5, 1, 4, 0, 0, '2024-08-09 14:19:49', '2024-08-09 14:19:49'),
(583, 5, 2, 4, 0, 0, '2024-08-09 14:19:49', '2024-08-09 14:19:49'),
(584, 5, 3, 4, 0, 0, '2024-08-09 14:19:49', '2024-08-09 14:19:49'),
(585, 5, 4, 4, 0, 0, '2024-08-09 14:19:49', '2024-08-09 14:19:49'),
(586, 5, 1, 7, 0, 0, '2024-08-09 14:19:49', '2024-08-09 14:19:49'),
(587, 5, 2, 7, 0, 0, '2024-08-09 14:19:49', '2024-08-09 14:19:49'),
(588, 5, 3, 7, 0, 0, '2024-08-09 14:19:49', '2024-08-09 14:19:49'),
(589, 5, 4, 7, 0, 0, '2024-08-09 14:19:49', '2024-08-09 14:19:49'),
(590, 5, 1, 14, 0, 0, '2024-08-09 14:19:49', '2024-08-09 14:19:49'),
(591, 5, 2, 14, 0, 0, '2024-08-09 14:19:49', '2024-08-09 14:19:49'),
(592, 5, 3, 14, 0, 0, '2024-08-09 14:19:49', '2024-08-09 14:19:49'),
(593, 5, 4, 14, 0, 0, '2024-08-09 14:19:49', '2024-08-09 14:19:49'),
(594, 5, 1, 6, 0, 0, '2024-08-09 14:19:49', '2024-08-09 14:19:49'),
(595, 5, 2, 6, 0, 0, '2024-08-09 14:19:49', '2024-08-09 14:19:49'),
(596, 5, 3, 6, 0, 0, '2024-08-09 14:19:49', '2024-08-09 14:19:49'),
(597, 5, 4, 6, 0, 0, '2024-08-09 14:19:49', '2024-08-09 14:19:49'),
(598, 5, 1, 13, 0, 0, '2024-08-09 14:19:49', '2024-08-09 14:19:49'),
(599, 5, 2, 13, 0, 0, '2024-08-09 14:19:49', '2024-08-09 14:19:49'),
(600, 5, 3, 13, 0, 0, '2024-08-09 14:19:49', '2024-08-09 14:19:49'),
(601, 5, 4, 13, 0, 0, '2024-08-09 14:19:49', '2024-08-09 14:19:49'),
(602, 5, 1, 12, 0, 0, '2024-08-09 14:19:49', '2024-08-09 14:19:49'),
(603, 5, 2, 12, 0, 0, '2024-08-09 14:19:49', '2024-08-09 14:19:49'),
(604, 5, 3, 12, 0, 0, '2024-08-09 14:19:49', '2024-08-09 14:19:49'),
(605, 5, 4, 12, 0, 0, '2024-08-09 14:19:49', '2024-08-09 14:19:49'),
(606, 5, 1, 3, 0, 0, '2024-08-09 14:19:49', '2024-08-09 14:19:49'),
(607, 5, 2, 3, 0, 0, '2024-08-09 14:19:49', '2024-08-09 14:19:49'),
(608, 5, 3, 3, 0, 0, '2024-08-09 14:19:50', '2024-08-09 14:19:50'),
(609, 5, 4, 3, 0, 0, '2024-08-09 14:19:50', '2024-08-09 14:19:50'),
(610, 5, 1, 8, 0, 0, '2024-08-09 14:19:50', '2024-08-09 14:19:50'),
(611, 5, 2, 8, 0, 0, '2024-08-09 14:19:50', '2024-08-09 14:19:50'),
(612, 5, 3, 8, 0, 0, '2024-08-09 14:19:50', '2024-08-09 14:19:50'),
(613, 5, 4, 8, 0, 0, '2024-08-09 14:19:50', '2024-08-09 14:19:50'),
(614, 5, 1, 11, 0, 0, '2024-08-09 14:19:50', '2024-08-09 14:19:50'),
(615, 5, 2, 11, 0, 0, '2024-08-09 14:19:50', '2024-08-09 14:19:50'),
(616, 5, 3, 11, 0, 0, '2024-08-09 14:19:50', '2024-08-09 14:19:50'),
(617, 5, 4, 11, 0, 0, '2024-08-09 14:19:50', '2024-08-09 14:19:50'),
(618, 5, 1, 1, 0, 0, '2024-08-09 14:19:50', '2024-08-09 14:19:50'),
(619, 5, 2, 1, 0, 0, '2024-08-09 14:19:50', '2024-08-09 14:19:50'),
(620, 5, 3, 1, 0, 0, '2024-08-09 14:19:50', '2024-08-09 14:19:50'),
(621, 5, 4, 1, 0, 0, '2024-08-09 14:19:50', '2024-08-09 14:19:50'),
(622, 5, 1, 2, 0, 0, '2024-08-09 14:19:50', '2024-08-09 14:19:50'),
(623, 5, 2, 2, 0, 0, '2024-08-09 14:19:50', '2024-08-09 14:19:50'),
(624, 5, 3, 2, 0, 0, '2024-08-09 14:19:50', '2024-08-09 14:19:50'),
(625, 5, 4, 2, 0, 0, '2024-08-09 14:19:50', '2024-08-09 14:19:50'),
(626, 5, 1, 15, 0, 0, '2024-08-09 14:19:50', '2024-08-09 14:19:50'),
(627, 5, 2, 15, 0, 0, '2024-08-09 14:19:50', '2024-08-09 14:19:50'),
(628, 5, 3, 15, 0, 0, '2024-08-09 14:19:50', '2024-08-09 14:19:50'),
(629, 5, 4, 15, 0, 0, '2024-08-09 14:19:50', '2024-08-09 14:19:50'),
(630, 5, 1, 5, 0, 0, '2024-08-09 14:19:50', '2024-08-09 14:19:50'),
(631, 5, 2, 5, 0, 0, '2024-08-09 14:19:50', '2024-08-09 14:19:50'),
(632, 5, 3, 5, 0, 0, '2024-08-09 14:19:50', '2024-08-09 14:19:50'),
(633, 5, 4, 5, 0, 0, '2024-08-09 14:19:50', '2024-08-09 14:19:50'),
(634, 5, 1, 10, 0, 0, '2024-08-09 14:19:50', '2024-08-09 14:19:50'),
(635, 5, 2, 10, 0, 0, '2024-08-09 14:19:50', '2024-08-09 14:19:50'),
(636, 5, 3, 10, 0, 0, '2024-08-09 14:19:50', '2024-08-09 14:19:50'),
(637, 5, 4, 10, 0, 0, '2024-08-09 14:19:50', '2024-08-09 14:19:50'),
(638, 5, 1, 9, 0, 0, '2024-08-09 14:19:50', '2024-08-09 14:19:50'),
(639, 5, 2, 9, 0, 0, '2024-08-09 14:19:50', '2024-08-09 14:19:50'),
(640, 5, 3, 9, 0, 0, '2024-08-09 14:19:50', '2024-08-09 14:19:50'),
(641, 5, 4, 9, 0, 0, '2024-08-09 14:19:50', '2024-08-09 14:19:50'),
(642, 6, 1, 4, 0, 0, '2024-08-09 14:20:30', '2024-08-09 14:20:30'),
(643, 6, 2, 4, 0, 0, '2024-08-09 14:20:30', '2024-08-09 14:20:30'),
(644, 6, 3, 4, 0, 0, '2024-08-09 14:20:30', '2024-08-09 14:20:30'),
(645, 6, 4, 4, 0, 0, '2024-08-09 14:20:30', '2024-08-09 14:20:30'),
(646, 6, 1, 7, 0, 0, '2024-08-09 14:20:30', '2024-08-09 14:20:30'),
(647, 6, 2, 7, 0, 0, '2024-08-09 14:20:30', '2024-08-09 14:20:30'),
(648, 6, 3, 7, 0, 0, '2024-08-09 14:20:30', '2024-08-09 14:20:30'),
(649, 6, 4, 7, 0, 0, '2024-08-09 14:20:30', '2024-08-09 14:20:30'),
(650, 6, 1, 14, 0, 0, '2024-08-09 14:20:30', '2024-08-09 14:20:30'),
(651, 6, 2, 14, 0, 0, '2024-08-09 14:20:30', '2024-08-09 14:20:30'),
(652, 6, 3, 14, 0, 0, '2024-08-09 14:20:30', '2024-08-09 14:20:30'),
(653, 6, 4, 14, 0, 0, '2024-08-09 14:20:30', '2024-08-09 14:20:30'),
(654, 6, 1, 6, 0, 0, '2024-08-09 14:20:30', '2024-08-09 14:20:30'),
(655, 6, 2, 6, 0, 0, '2024-08-09 14:20:30', '2024-08-09 14:20:30'),
(656, 6, 3, 6, 0, 0, '2024-08-09 14:20:30', '2024-08-09 14:20:30'),
(657, 6, 4, 6, 0, 0, '2024-08-09 14:20:30', '2024-08-09 14:20:30'),
(658, 6, 1, 13, 0, 0, '2024-08-09 14:20:30', '2024-08-09 14:20:30'),
(659, 6, 2, 13, 0, 0, '2024-08-09 14:20:30', '2024-08-09 14:20:30'),
(660, 6, 3, 13, 0, 0, '2024-08-09 14:20:30', '2024-08-09 14:20:30'),
(661, 6, 4, 13, 0, 0, '2024-08-09 14:20:30', '2024-08-09 14:20:30'),
(662, 6, 1, 12, 0, 0, '2024-08-09 14:20:30', '2024-08-09 14:20:30'),
(663, 6, 2, 12, 0, 0, '2024-08-09 14:20:30', '2024-08-09 14:20:30'),
(664, 6, 3, 12, 0, 0, '2024-08-09 14:20:30', '2024-08-09 14:20:30'),
(665, 6, 4, 12, 0, 0, '2024-08-09 14:20:30', '2024-08-09 14:20:30'),
(666, 6, 1, 3, 0, 0, '2024-08-09 14:20:30', '2024-08-09 14:20:30'),
(667, 6, 2, 3, 0, 0, '2024-08-09 14:20:30', '2024-08-09 14:20:30'),
(668, 6, 3, 3, 0, 0, '2024-08-09 14:20:30', '2024-08-09 14:20:30'),
(669, 6, 4, 3, 0, 0, '2024-08-09 14:20:30', '2024-08-09 14:20:30'),
(670, 6, 1, 8, 0, 0, '2024-08-09 14:20:30', '2024-08-09 14:20:30'),
(671, 6, 2, 8, 0, 0, '2024-08-09 14:20:30', '2024-08-09 14:20:30'),
(672, 6, 3, 8, 0, 0, '2024-08-09 14:20:30', '2024-08-09 14:20:30'),
(673, 6, 4, 8, 0, 0, '2024-08-09 14:20:30', '2024-08-09 14:20:30'),
(674, 6, 1, 11, 0, 0, '2024-08-09 14:20:30', '2024-08-09 14:20:30'),
(675, 6, 2, 11, 0, 0, '2024-08-09 14:20:30', '2024-08-09 14:20:30'),
(676, 6, 3, 11, 0, 0, '2024-08-09 14:20:30', '2024-08-09 14:20:30'),
(677, 6, 4, 11, 0, 0, '2024-08-09 14:20:30', '2024-08-09 14:20:30'),
(678, 6, 1, 1, 0, 0, '2024-08-09 14:20:30', '2024-08-09 14:20:30'),
(679, 6, 2, 1, 0, 0, '2024-08-09 14:20:30', '2024-08-09 14:20:30'),
(680, 6, 3, 1, 0, 0, '2024-08-09 14:20:30', '2024-08-09 14:20:30'),
(681, 6, 4, 1, 0, 0, '2024-08-09 14:20:30', '2024-08-09 14:20:30'),
(682, 6, 1, 2, 0, 0, '2024-08-09 14:20:30', '2024-08-09 14:20:30'),
(683, 6, 2, 2, 0, 0, '2024-08-09 14:20:30', '2024-08-09 14:20:30'),
(684, 6, 3, 2, 0, 0, '2024-08-09 14:20:30', '2024-08-09 14:20:30'),
(685, 6, 4, 2, 0, 0, '2024-08-09 14:20:30', '2024-08-09 14:20:30'),
(686, 6, 1, 15, 0, 0, '2024-08-09 14:20:30', '2024-08-09 14:20:30'),
(687, 6, 2, 15, 0, 0, '2024-08-09 14:20:30', '2024-08-09 14:20:30'),
(688, 6, 3, 15, 0, 0, '2024-08-09 14:20:30', '2024-08-09 14:20:30'),
(689, 6, 4, 15, 0, 0, '2024-08-09 14:20:30', '2024-08-09 14:20:30'),
(690, 6, 1, 5, 0, 0, '2024-08-09 14:20:30', '2024-08-09 14:20:30'),
(691, 6, 2, 5, 0, 0, '2024-08-09 14:20:30', '2024-08-09 14:20:30'),
(692, 6, 3, 5, 0, 0, '2024-08-09 14:20:30', '2024-08-09 14:20:30'),
(693, 6, 4, 5, 0, 0, '2024-08-09 14:20:30', '2024-08-09 14:20:30'),
(694, 6, 1, 10, 0, 0, '2024-08-09 14:20:30', '2024-08-09 14:20:30'),
(695, 6, 2, 10, 0, 0, '2024-08-09 14:20:30', '2024-08-09 14:20:30'),
(696, 6, 3, 10, 0, 0, '2024-08-09 14:20:30', '2024-08-09 14:20:30'),
(697, 6, 4, 10, 0, 0, '2024-08-09 14:20:30', '2024-08-09 14:20:30'),
(698, 6, 1, 9, 0, 0, '2024-08-09 14:20:30', '2024-08-09 14:20:30'),
(699, 6, 2, 9, 0, 0, '2024-08-09 14:20:30', '2024-08-09 14:20:30'),
(700, 6, 3, 9, 0, 0, '2024-08-09 14:20:30', '2024-08-09 14:20:30'),
(701, 6, 4, 9, 0, 0, '2024-08-09 14:20:30', '2024-08-09 14:20:30'),
(702, 7, 1, 4, 0, 0, '2024-08-09 14:21:23', '2024-08-09 14:21:23'),
(703, 7, 2, 4, 0, 0, '2024-08-09 14:21:23', '2024-08-09 14:21:23'),
(704, 7, 3, 4, 0, 0, '2024-08-09 14:21:23', '2024-08-09 14:21:23'),
(705, 7, 4, 4, 0, 0, '2024-08-09 14:21:23', '2024-08-09 14:21:23'),
(706, 7, 1, 7, 0, 0, '2024-08-09 14:21:23', '2024-08-09 14:21:23'),
(707, 7, 2, 7, 0, 0, '2024-08-09 14:21:23', '2024-08-09 14:21:23'),
(708, 7, 3, 7, 0, 0, '2024-08-09 14:21:23', '2024-08-09 14:21:23'),
(709, 7, 4, 7, 0, 0, '2024-08-09 14:21:23', '2024-08-09 14:21:23'),
(710, 7, 1, 14, 0, 0, '2024-08-09 14:21:23', '2024-08-09 14:21:23'),
(711, 7, 2, 14, 0, 0, '2024-08-09 14:21:23', '2024-08-09 14:21:23'),
(712, 7, 3, 14, 0, 0, '2024-08-09 14:21:23', '2024-08-09 14:21:23'),
(713, 7, 4, 14, 0, 0, '2024-08-09 14:21:23', '2024-08-09 14:21:23'),
(714, 7, 1, 6, 0, 0, '2024-08-09 14:21:23', '2024-08-09 14:21:23'),
(715, 7, 2, 6, 0, 0, '2024-08-09 14:21:23', '2024-08-09 14:21:23'),
(716, 7, 3, 6, 0, 0, '2024-08-09 14:21:23', '2024-08-09 14:21:23'),
(717, 7, 4, 6, 0, 0, '2024-08-09 14:21:23', '2024-08-09 14:21:23'),
(718, 7, 1, 13, 0, 0, '2024-08-09 14:21:23', '2024-08-09 14:21:23'),
(719, 7, 2, 13, 0, 0, '2024-08-09 14:21:23', '2024-08-09 14:21:23'),
(720, 7, 3, 13, 0, 0, '2024-08-09 14:21:23', '2024-08-09 14:21:23'),
(721, 7, 4, 13, 0, 0, '2024-08-09 14:21:23', '2024-08-09 14:21:23'),
(722, 7, 1, 12, 0, 0, '2024-08-09 14:21:23', '2024-08-09 14:21:23'),
(723, 7, 2, 12, 0, 0, '2024-08-09 14:21:23', '2024-08-09 14:21:23'),
(724, 7, 3, 12, 0, 0, '2024-08-09 14:21:23', '2024-08-09 14:21:23'),
(725, 7, 4, 12, 0, 0, '2024-08-09 14:21:23', '2024-08-09 14:21:23'),
(726, 7, 1, 3, 0, 0, '2024-08-09 14:21:23', '2024-08-09 14:21:23'),
(727, 7, 2, 3, 0, 0, '2024-08-09 14:21:23', '2024-08-09 14:21:23'),
(728, 7, 3, 3, 0, 0, '2024-08-09 14:21:23', '2024-08-09 14:21:23'),
(729, 7, 4, 3, 0, 0, '2024-08-09 14:21:23', '2024-08-09 14:21:23'),
(730, 7, 1, 8, 0, 0, '2024-08-09 14:21:23', '2024-08-09 14:21:23'),
(731, 7, 2, 8, 0, 0, '2024-08-09 14:21:23', '2024-08-09 14:21:23'),
(732, 7, 3, 8, 0, 0, '2024-08-09 14:21:23', '2024-08-09 14:21:23'),
(733, 7, 4, 8, 0, 0, '2024-08-09 14:21:23', '2024-08-09 14:21:23'),
(734, 7, 1, 11, 0, 0, '2024-08-09 14:21:23', '2024-08-09 14:21:23'),
(735, 7, 2, 11, 0, 0, '2024-08-09 14:21:23', '2024-08-09 14:21:23'),
(736, 7, 3, 11, 0, 0, '2024-08-09 14:21:23', '2024-08-09 14:21:23'),
(737, 7, 4, 11, 0, 0, '2024-08-09 14:21:23', '2024-08-09 14:21:23'),
(738, 7, 1, 1, 0, 0, '2024-08-09 14:21:23', '2024-08-09 14:21:23'),
(739, 7, 2, 1, 0, 0, '2024-08-09 14:21:23', '2024-08-09 14:21:23'),
(740, 7, 3, 1, 0, 0, '2024-08-09 14:21:23', '2024-08-09 14:21:23'),
(741, 7, 4, 1, 0, 0, '2024-08-09 14:21:23', '2024-08-09 14:21:23'),
(742, 7, 1, 2, 0, 0, '2024-08-09 14:21:23', '2024-08-09 14:21:23'),
(743, 7, 2, 2, 0, 0, '2024-08-09 14:21:23', '2024-08-09 14:21:23'),
(744, 7, 3, 2, 0, 0, '2024-08-09 14:21:23', '2024-08-09 14:21:23'),
(745, 7, 4, 2, 0, 0, '2024-08-09 14:21:23', '2024-08-09 14:21:23'),
(746, 7, 1, 15, 0, 0, '2024-08-09 14:21:23', '2024-08-09 14:21:23'),
(747, 7, 2, 15, 0, 0, '2024-08-09 14:21:23', '2024-08-09 14:21:23'),
(748, 7, 3, 15, 0, 0, '2024-08-09 14:21:23', '2024-08-09 14:21:23'),
(749, 7, 4, 15, 0, 0, '2024-08-09 14:21:23', '2024-08-09 14:21:23'),
(750, 7, 1, 5, 0, 0, '2024-08-09 14:21:23', '2024-08-09 14:21:23'),
(751, 7, 2, 5, 0, 0, '2024-08-09 14:21:23', '2024-08-09 14:21:23'),
(752, 7, 3, 5, 0, 0, '2024-08-09 14:21:23', '2024-08-09 14:21:23'),
(753, 7, 4, 5, 0, 0, '2024-08-09 14:21:23', '2024-08-09 14:21:23'),
(754, 7, 1, 10, 0, 0, '2024-08-09 14:21:23', '2024-08-09 14:21:23'),
(755, 7, 2, 10, 0, 0, '2024-08-09 14:21:23', '2024-08-09 14:21:23'),
(756, 7, 3, 10, 0, 0, '2024-08-09 14:21:23', '2024-08-09 14:21:23'),
(757, 7, 4, 10, 0, 0, '2024-08-09 14:21:23', '2024-08-09 14:21:23'),
(758, 7, 1, 9, 0, 0, '2024-08-09 14:21:23', '2024-08-09 14:21:23'),
(759, 7, 2, 9, 0, 0, '2024-08-09 14:21:23', '2024-08-09 14:21:23'),
(760, 7, 3, 9, 0, 0, '2024-08-09 14:21:23', '2024-08-09 14:21:23'),
(761, 7, 4, 9, 0, 0, '2024-08-09 14:21:23', '2024-08-09 14:21:23'),
(762, 1, 5, 1, 0, 0, '2024-08-09 14:31:21', '2024-08-09 14:31:21'),
(763, 1, 6, 1, 0, 0, '2024-08-09 14:31:21', '2024-08-09 14:31:21'),
(764, 1, 7, 1, 0, 0, '2024-08-09 14:31:21', '2024-08-09 14:31:21'),
(765, 1, 8, 1, 0, 0, '2024-08-09 14:31:21', '2024-08-09 14:31:21'),
(766, 1, 5, 2, 0, 0, '2024-08-09 14:31:21', '2024-08-09 14:31:21'),
(767, 1, 6, 2, 0, 0, '2024-08-09 14:31:21', '2024-08-09 14:31:21'),
(768, 1, 7, 2, 0, 0, '2024-08-09 14:31:21', '2024-08-09 14:31:21'),
(769, 1, 8, 2, 0, 0, '2024-08-09 14:31:21', '2024-08-09 14:31:21'),
(770, 1, 5, 3, 0, 0, '2024-08-09 14:31:21', '2024-08-09 14:31:21'),
(771, 1, 6, 3, 0, 0, '2024-08-09 14:31:21', '2024-08-09 14:31:21'),
(772, 1, 7, 3, 0, 0, '2024-08-09 14:31:21', '2024-08-09 14:31:21'),
(773, 1, 8, 3, 0, 0, '2024-08-09 14:31:21', '2024-08-09 14:31:21'),
(774, 1, 5, 4, 0, 0, '2024-08-09 14:31:21', '2024-08-09 14:31:21'),
(775, 1, 6, 4, 0, 0, '2024-08-09 14:31:21', '2024-08-09 14:31:21'),
(776, 1, 7, 4, 0, 0, '2024-08-09 14:31:21', '2024-08-09 14:31:21'),
(777, 1, 8, 4, 0, 0, '2024-08-09 14:31:21', '2024-08-09 14:31:21'),
(778, 1, 5, 5, 0, 0, '2024-08-09 14:31:21', '2024-08-09 14:31:21'),
(779, 1, 6, 5, 0, 0, '2024-08-09 14:31:21', '2024-08-09 14:31:21'),
(780, 1, 7, 5, 0, 0, '2024-08-09 14:31:21', '2024-08-09 14:31:21'),
(781, 1, 8, 5, 0, 0, '2024-08-09 14:31:21', '2024-08-09 14:31:21'),
(782, 1, 5, 6, 0, 0, '2024-08-09 14:31:21', '2024-08-09 14:31:21'),
(783, 1, 6, 6, 0, 0, '2024-08-09 14:31:21', '2024-08-09 14:31:21'),
(784, 1, 7, 6, 0, 0, '2024-08-09 14:31:21', '2024-08-09 14:31:21'),
(785, 1, 8, 6, 0, 0, '2024-08-09 14:31:21', '2024-08-09 14:31:21'),
(786, 1, 5, 7, 0, 0, '2024-08-09 14:31:21', '2024-08-09 14:31:21'),
(787, 1, 6, 7, 0, 0, '2024-08-09 14:31:21', '2024-08-09 14:31:21'),
(788, 1, 7, 7, 0, 0, '2024-08-09 14:31:21', '2024-08-09 14:31:21'),
(789, 1, 8, 7, 0, 0, '2024-08-09 14:31:21', '2024-08-09 14:31:21'),
(790, 1, 5, 8, 0, 0, '2024-08-09 14:31:21', '2024-08-09 14:31:21'),
(791, 1, 6, 8, 0, 0, '2024-08-09 14:31:21', '2024-08-09 14:31:21'),
(792, 1, 7, 8, 0, 0, '2024-08-09 14:31:21', '2024-08-09 14:31:21'),
(793, 1, 8, 8, 0, 0, '2024-08-09 14:31:21', '2024-08-09 14:31:21'),
(794, 1, 5, 9, 0, 0, '2024-08-09 14:31:21', '2024-08-09 14:31:21'),
(795, 1, 6, 9, 0, 0, '2024-08-09 14:31:21', '2024-08-09 14:31:21'),
(796, 1, 7, 9, 0, 0, '2024-08-09 14:31:21', '2024-08-09 14:31:21'),
(797, 1, 8, 9, 0, 0, '2024-08-09 14:31:21', '2024-08-09 14:31:21'),
(798, 1, 5, 10, 0, 0, '2024-08-09 14:31:21', '2024-08-09 14:31:21'),
(799, 1, 6, 10, 0, 0, '2024-08-09 14:31:21', '2024-08-09 14:31:21'),
(800, 1, 7, 10, 0, 0, '2024-08-09 14:31:21', '2024-08-09 14:31:21'),
(801, 1, 8, 10, 0, 0, '2024-08-09 14:31:21', '2024-08-09 14:31:21'),
(802, 1, 5, 11, 0, 0, '2024-08-09 14:31:21', '2024-08-09 14:31:21'),
(803, 1, 6, 11, 0, 0, '2024-08-09 14:31:21', '2024-08-09 14:31:21'),
(804, 1, 7, 11, 0, 0, '2024-08-09 14:31:21', '2024-08-09 14:31:21'),
(805, 1, 8, 11, 0, 0, '2024-08-09 14:31:21', '2024-08-09 14:31:21'),
(806, 1, 5, 12, 0, 0, '2024-08-09 14:31:21', '2024-08-09 14:31:21'),
(807, 1, 6, 12, 0, 0, '2024-08-09 14:31:21', '2024-08-09 14:31:21'),
(808, 1, 7, 12, 0, 0, '2024-08-09 14:31:22', '2024-08-09 14:31:22'),
(809, 1, 8, 12, 0, 0, '2024-08-09 14:31:22', '2024-08-09 14:31:22'),
(810, 1, 5, 13, 0, 0, '2024-08-09 14:31:22', '2024-08-09 14:31:22'),
(811, 1, 6, 13, 0, 0, '2024-08-09 14:31:22', '2024-08-09 14:31:22'),
(812, 1, 7, 13, 0, 0, '2024-08-09 14:31:22', '2024-08-09 14:31:22'),
(813, 1, 8, 13, 0, 0, '2024-08-09 14:31:22', '2024-08-09 14:31:22'),
(814, 1, 5, 14, 0, 0, '2024-08-09 14:31:22', '2024-08-09 14:31:22'),
(815, 1, 6, 14, 0, 0, '2024-08-09 14:31:22', '2024-08-09 14:31:22'),
(816, 1, 7, 14, 0, 0, '2024-08-09 14:31:22', '2024-08-09 14:31:22'),
(817, 1, 8, 14, 0, 0, '2024-08-09 14:31:22', '2024-08-09 14:31:22'),
(818, 1, 5, 15, 0, 0, '2024-08-09 14:31:22', '2024-08-09 14:31:22'),
(819, 1, 6, 15, 0, 0, '2024-08-09 14:31:22', '2024-08-09 14:31:22'),
(820, 1, 7, 15, 0, 0, '2024-08-09 14:31:22', '2024-08-09 14:31:22'),
(821, 1, 8, 15, 0, 0, '2024-08-09 14:31:22', '2024-08-09 14:31:22'),
(822, 2, 5, 1, 0, 0, '2024-08-09 14:31:22', '2024-08-09 14:31:22'),
(823, 2, 6, 1, 0, 0, '2024-08-09 14:31:22', '2024-08-09 14:31:22'),
(824, 2, 7, 1, 0, 0, '2024-08-09 14:31:22', '2024-08-09 14:31:22'),
(825, 2, 8, 1, 0, 0, '2024-08-09 14:31:22', '2024-08-09 14:31:22'),
(826, 2, 5, 2, 0, 0, '2024-08-09 14:31:22', '2024-08-09 14:31:22'),
(827, 2, 6, 2, 0, 0, '2024-08-09 14:31:22', '2024-08-09 14:31:22'),
(828, 2, 7, 2, 0, 0, '2024-08-09 14:31:22', '2024-08-09 14:31:22'),
(829, 2, 8, 2, 0, 0, '2024-08-09 14:31:22', '2024-08-09 14:31:22'),
(830, 2, 5, 3, 0, 0, '2024-08-09 14:31:22', '2024-08-09 14:31:22'),
(831, 2, 6, 3, 0, 0, '2024-08-09 14:31:22', '2024-08-09 14:31:22'),
(832, 2, 7, 3, 0, 0, '2024-08-09 14:31:22', '2024-08-09 14:31:22'),
(833, 2, 8, 3, 0, 0, '2024-08-09 14:31:22', '2024-08-09 14:31:22'),
(834, 2, 5, 4, 0, 0, '2024-08-09 14:31:22', '2024-08-09 14:31:22'),
(835, 2, 6, 4, 0, 0, '2024-08-09 14:31:22', '2024-08-09 14:31:22'),
(836, 2, 7, 4, 0, 0, '2024-08-09 14:31:22', '2024-08-09 14:31:22'),
(837, 2, 8, 4, 0, 0, '2024-08-09 14:31:22', '2024-08-09 14:31:22'),
(838, 2, 5, 5, 0, 0, '2024-08-09 14:31:22', '2024-08-09 14:31:22'),
(839, 2, 6, 5, 0, 0, '2024-08-09 14:31:22', '2024-08-09 14:31:22'),
(840, 2, 7, 5, 0, 0, '2024-08-09 14:31:22', '2024-08-09 14:31:22'),
(841, 2, 8, 5, 0, 0, '2024-08-09 14:31:22', '2024-08-09 14:31:22'),
(842, 2, 5, 6, 0, 0, '2024-08-09 14:31:22', '2024-08-09 14:31:22'),
(843, 2, 6, 6, 0, 0, '2024-08-09 14:31:22', '2024-08-09 14:31:22'),
(844, 2, 7, 6, 0, 0, '2024-08-09 14:31:22', '2024-08-09 14:31:22'),
(845, 2, 8, 6, 0, 0, '2024-08-09 14:31:22', '2024-08-09 14:31:22'),
(846, 2, 5, 7, 0, 0, '2024-08-09 14:31:22', '2024-08-09 14:31:22'),
(847, 2, 6, 7, 0, 0, '2024-08-09 14:31:22', '2024-08-09 14:31:22'),
(848, 2, 7, 7, 0, 0, '2024-08-09 14:31:22', '2024-08-09 14:31:22'),
(849, 2, 8, 7, 0, 0, '2024-08-09 14:31:22', '2024-08-09 14:31:22'),
(850, 2, 5, 8, 0, 0, '2024-08-09 14:31:22', '2024-08-09 14:31:22'),
(851, 2, 6, 8, 0, 0, '2024-08-09 14:31:22', '2024-08-09 14:31:22'),
(852, 2, 7, 8, 0, 0, '2024-08-09 14:31:22', '2024-08-09 14:31:22'),
(853, 2, 8, 8, 0, 0, '2024-08-09 14:31:22', '2024-08-09 14:31:22'),
(854, 2, 5, 9, 0, 0, '2024-08-09 14:31:22', '2024-08-09 14:31:22'),
(855, 2, 6, 9, 0, 0, '2024-08-09 14:31:22', '2024-08-09 14:31:22'),
(856, 2, 7, 9, 0, 0, '2024-08-09 14:31:22', '2024-08-09 14:31:22'),
(857, 2, 8, 9, 0, 0, '2024-08-09 14:31:22', '2024-08-09 14:31:22'),
(858, 2, 5, 10, 0, 0, '2024-08-09 14:31:22', '2024-08-09 14:31:22'),
(859, 2, 6, 10, 0, 0, '2024-08-09 14:31:22', '2024-08-09 14:31:22'),
(860, 2, 7, 10, 0, 0, '2024-08-09 14:31:22', '2024-08-09 14:31:22'),
(861, 2, 8, 10, 0, 0, '2024-08-09 14:31:22', '2024-08-09 14:31:22'),
(862, 2, 5, 11, 0, 0, '2024-08-09 14:31:22', '2024-08-09 14:31:22'),
(863, 2, 6, 11, 0, 0, '2024-08-09 14:31:22', '2024-08-09 14:31:22'),
(864, 2, 7, 11, 0, 0, '2024-08-09 14:31:22', '2024-08-09 14:31:22'),
(865, 2, 8, 11, 0, 0, '2024-08-09 14:31:22', '2024-08-09 14:31:22'),
(866, 2, 5, 12, 0, 0, '2024-08-09 14:31:22', '2024-08-09 14:31:22'),
(867, 2, 6, 12, 0, 0, '2024-08-09 14:31:22', '2024-08-09 14:31:22'),
(868, 2, 7, 12, 0, 0, '2024-08-09 14:31:22', '2024-08-09 14:31:22'),
(869, 2, 8, 12, 0, 0, '2024-08-09 14:31:22', '2024-08-09 14:31:22'),
(870, 2, 5, 13, 0, 0, '2024-08-09 14:31:22', '2024-08-09 14:31:22'),
(871, 2, 6, 13, 0, 0, '2024-08-09 14:31:22', '2024-08-09 14:31:22'),
(872, 2, 7, 13, 0, 0, '2024-08-09 14:31:22', '2024-08-09 14:31:22'),
(873, 2, 8, 13, 0, 0, '2024-08-09 14:31:22', '2024-08-09 14:31:22'),
(874, 2, 5, 14, 0, 0, '2024-08-09 14:31:22', '2024-08-09 14:31:22'),
(875, 2, 6, 14, 0, 0, '2024-08-09 14:31:22', '2024-08-09 14:31:22'),
(876, 2, 7, 14, 0, 0, '2024-08-09 14:31:22', '2024-08-09 14:31:22'),
(877, 2, 8, 14, 0, 0, '2024-08-09 14:31:22', '2024-08-09 14:31:22'),
(878, 2, 5, 15, 0, 0, '2024-08-09 14:31:22', '2024-08-09 14:31:22'),
(879, 2, 6, 15, 0, 0, '2024-08-09 14:31:22', '2024-08-09 14:31:22'),
(880, 2, 7, 15, 0, 0, '2024-08-09 14:31:22', '2024-08-09 14:31:22'),
(881, 2, 8, 15, 0, 0, '2024-08-09 14:31:22', '2024-08-09 14:31:22'),
(882, 3, 5, 1, 0, 0, '2024-08-09 14:31:23', '2024-08-09 14:31:23'),
(883, 3, 6, 1, 0, 0, '2024-08-09 14:31:23', '2024-08-09 14:31:23'),
(884, 3, 7, 1, 0, 0, '2024-08-09 14:31:23', '2024-08-09 14:31:23'),
(885, 3, 8, 1, 0, 0, '2024-08-09 14:31:23', '2024-08-09 14:31:23'),
(886, 3, 5, 2, 0, 0, '2024-08-09 14:31:23', '2024-08-09 14:31:23'),
(887, 3, 6, 2, 0, 0, '2024-08-09 14:31:23', '2024-08-09 14:31:23'),
(888, 3, 7, 2, 0, 0, '2024-08-09 14:31:23', '2024-08-09 14:31:23'),
(889, 3, 8, 2, 0, 0, '2024-08-09 14:31:23', '2024-08-09 14:31:23'),
(890, 3, 5, 3, 0, 0, '2024-08-09 14:31:23', '2024-08-09 14:31:23'),
(891, 3, 6, 3, 0, 0, '2024-08-09 14:31:23', '2024-08-09 14:31:23'),
(892, 3, 7, 3, 0, 0, '2024-08-09 14:31:23', '2024-08-09 14:31:23'),
(893, 3, 8, 3, 0, 0, '2024-08-09 14:31:23', '2024-08-09 14:31:23'),
(894, 3, 5, 4, 0, 0, '2024-08-09 14:31:23', '2024-08-09 14:31:23'),
(895, 3, 6, 4, 0, 0, '2024-08-09 14:31:23', '2024-08-09 14:31:23'),
(896, 3, 7, 4, 0, 0, '2024-08-09 14:31:23', '2024-08-09 14:31:23'),
(897, 3, 8, 4, 0, 0, '2024-08-09 14:31:23', '2024-08-09 14:31:23'),
(898, 3, 5, 5, 0, 0, '2024-08-09 14:31:23', '2024-08-09 14:31:23'),
(899, 3, 6, 5, 0, 0, '2024-08-09 14:31:23', '2024-08-09 14:31:23'),
(900, 3, 7, 5, 0, 0, '2024-08-09 14:31:23', '2024-08-09 14:31:23'),
(901, 3, 8, 5, 0, 0, '2024-08-09 14:31:23', '2024-08-09 14:31:23'),
(902, 3, 5, 6, 0, 0, '2024-08-09 14:31:23', '2024-08-09 14:31:23'),
(903, 3, 6, 6, 0, 0, '2024-08-09 14:31:23', '2024-08-09 14:31:23'),
(904, 3, 7, 6, 0, 0, '2024-08-09 14:31:23', '2024-08-09 14:31:23'),
(905, 3, 8, 6, 0, 0, '2024-08-09 14:31:23', '2024-08-09 14:31:23'),
(906, 3, 5, 7, 0, 0, '2024-08-09 14:31:23', '2024-08-09 14:31:23'),
(907, 3, 6, 7, 0, 0, '2024-08-09 14:31:23', '2024-08-09 14:31:23'),
(908, 3, 7, 7, 0, 0, '2024-08-09 14:31:23', '2024-08-09 14:31:23'),
(909, 3, 8, 7, 0, 0, '2024-08-09 14:31:23', '2024-08-09 14:31:23'),
(910, 3, 5, 8, 0, 0, '2024-08-09 14:31:23', '2024-08-09 14:31:23'),
(911, 3, 6, 8, 0, 0, '2024-08-09 14:31:23', '2024-08-09 14:31:23'),
(912, 3, 7, 8, 0, 0, '2024-08-09 14:31:23', '2024-08-09 14:31:23'),
(913, 3, 8, 8, 0, 0, '2024-08-09 14:31:23', '2024-08-09 14:31:23'),
(914, 3, 5, 9, 0, 0, '2024-08-09 14:31:23', '2024-08-09 14:31:23'),
(915, 3, 6, 9, 0, 0, '2024-08-09 14:31:23', '2024-08-09 14:31:23'),
(916, 3, 7, 9, 0, 0, '2024-08-09 14:31:23', '2024-08-09 14:31:23'),
(917, 3, 8, 9, 0, 0, '2024-08-09 14:31:23', '2024-08-09 14:31:23'),
(918, 3, 5, 10, 0, 0, '2024-08-09 14:31:23', '2024-08-09 14:31:23'),
(919, 3, 6, 10, 0, 0, '2024-08-09 14:31:23', '2024-08-09 14:31:23'),
(920, 3, 7, 10, 0, 0, '2024-08-09 14:31:23', '2024-08-09 14:31:23'),
(921, 3, 8, 10, 0, 0, '2024-08-09 14:31:23', '2024-08-09 14:31:23'),
(922, 3, 5, 11, 0, 0, '2024-08-09 14:31:23', '2024-08-09 14:31:23'),
(923, 3, 6, 11, 0, 0, '2024-08-09 14:31:23', '2024-08-09 14:31:23'),
(924, 3, 7, 11, 0, 0, '2024-08-09 14:31:23', '2024-08-09 14:31:23'),
(925, 3, 8, 11, 0, 0, '2024-08-09 14:31:23', '2024-08-09 14:31:23'),
(926, 3, 5, 12, 0, 0, '2024-08-09 14:31:23', '2024-08-09 14:31:23'),
(927, 3, 6, 12, 0, 0, '2024-08-09 14:31:23', '2024-08-09 14:31:23'),
(928, 3, 7, 12, 0, 0, '2024-08-09 14:31:23', '2024-08-09 14:31:23'),
(929, 3, 8, 12, 0, 0, '2024-08-09 14:31:23', '2024-08-09 14:31:23'),
(930, 3, 5, 13, 0, 0, '2024-08-09 14:31:23', '2024-08-09 14:31:23'),
(931, 3, 6, 13, 0, 0, '2024-08-09 14:31:23', '2024-08-09 14:31:23'),
(932, 3, 7, 13, 0, 0, '2024-08-09 14:31:23', '2024-08-09 14:31:23'),
(933, 3, 8, 13, 0, 0, '2024-08-09 14:31:23', '2024-08-09 14:31:23'),
(934, 3, 5, 14, 0, 0, '2024-08-09 14:31:23', '2024-08-09 14:31:23'),
(935, 3, 6, 14, 0, 0, '2024-08-09 14:31:23', '2024-08-09 14:31:23'),
(936, 3, 7, 14, 0, 0, '2024-08-09 14:31:23', '2024-08-09 14:31:23'),
(937, 3, 8, 14, 0, 0, '2024-08-09 14:31:23', '2024-08-09 14:31:23'),
(938, 3, 5, 15, 0, 0, '2024-08-09 14:31:23', '2024-08-09 14:31:23'),
(939, 3, 6, 15, 0, 0, '2024-08-09 14:31:23', '2024-08-09 14:31:23'),
(940, 3, 7, 15, 0, 0, '2024-08-09 14:31:23', '2024-08-09 14:31:23'),
(941, 3, 8, 15, 0, 0, '2024-08-09 14:31:23', '2024-08-09 14:31:23'),
(942, 4, 5, 1, 0, 0, '2024-08-09 14:31:23', '2024-08-09 14:31:23'),
(943, 4, 6, 1, 0, 0, '2024-08-09 14:31:23', '2024-08-09 14:31:23'),
(944, 4, 7, 1, 0, 0, '2024-08-09 14:31:23', '2024-08-09 14:31:23'),
(945, 4, 8, 1, 0, 0, '2024-08-09 14:31:23', '2024-08-09 14:31:23'),
(946, 4, 5, 2, 0, 0, '2024-08-09 14:31:23', '2024-08-09 14:31:23'),
(947, 4, 6, 2, 0, 0, '2024-08-09 14:31:23', '2024-08-09 14:31:23'),
(948, 4, 7, 2, 0, 0, '2024-08-09 14:31:23', '2024-08-09 14:31:23'),
(949, 4, 8, 2, 0, 0, '2024-08-09 14:31:23', '2024-08-09 14:31:23'),
(950, 4, 5, 3, 0, 0, '2024-08-09 14:31:23', '2024-08-09 14:31:23'),
(951, 4, 6, 3, 0, 0, '2024-08-09 14:31:23', '2024-08-09 14:31:23'),
(952, 4, 7, 3, 0, 0, '2024-08-09 14:31:24', '2024-08-09 14:31:24'),
(953, 4, 8, 3, 0, 0, '2024-08-09 14:31:24', '2024-08-09 14:31:24'),
(954, 4, 5, 4, 0, 0, '2024-08-09 14:31:24', '2024-08-09 14:31:24'),
(955, 4, 6, 4, 0, 0, '2024-08-09 14:31:24', '2024-08-09 14:31:24'),
(956, 4, 7, 4, 0, 0, '2024-08-09 14:31:24', '2024-08-09 14:31:24'),
(957, 4, 8, 4, 0, 0, '2024-08-09 14:31:24', '2024-08-09 14:31:24'),
(958, 4, 5, 5, 0, 0, '2024-08-09 14:31:24', '2024-08-09 14:31:24'),
(959, 4, 6, 5, 0, 0, '2024-08-09 14:31:24', '2024-08-09 14:31:24'),
(960, 4, 7, 5, 0, 0, '2024-08-09 14:31:24', '2024-08-09 14:31:24'),
(961, 4, 8, 5, 0, 0, '2024-08-09 14:31:24', '2024-08-09 14:31:24'),
(962, 4, 5, 6, 0, 0, '2024-08-09 14:31:24', '2024-08-09 14:31:24'),
(963, 4, 6, 6, 0, 0, '2024-08-09 14:31:24', '2024-08-09 14:31:24'),
(964, 4, 7, 6, 0, 0, '2024-08-09 14:31:24', '2024-08-09 14:31:24'),
(965, 4, 8, 6, 0, 0, '2024-08-09 14:31:24', '2024-08-09 14:31:24'),
(966, 4, 5, 7, 0, 0, '2024-08-09 14:31:24', '2024-08-09 14:31:24'),
(967, 4, 6, 7, 0, 0, '2024-08-09 14:31:24', '2024-08-09 14:31:24'),
(968, 4, 7, 7, 0, 0, '2024-08-09 14:31:24', '2024-08-09 14:31:24'),
(969, 4, 8, 7, 0, 0, '2024-08-09 14:31:24', '2024-08-09 14:31:24'),
(970, 4, 5, 8, 0, 0, '2024-08-09 14:31:24', '2024-08-09 14:31:24'),
(971, 4, 6, 8, 0, 0, '2024-08-09 14:31:24', '2024-08-09 14:31:24'),
(972, 4, 7, 8, 0, 0, '2024-08-09 14:31:24', '2024-08-09 14:31:24'),
(973, 4, 8, 8, 0, 0, '2024-08-09 14:31:24', '2024-08-09 14:31:24'),
(974, 4, 5, 9, 0, 0, '2024-08-09 14:31:24', '2024-08-09 14:31:24'),
(975, 4, 6, 9, 0, 0, '2024-08-09 14:31:24', '2024-08-09 14:31:24'),
(976, 4, 7, 9, 0, 0, '2024-08-09 14:31:24', '2024-08-09 14:31:24'),
(977, 4, 8, 9, 0, 0, '2024-08-09 14:31:24', '2024-08-09 14:31:24'),
(978, 4, 5, 10, 0, 0, '2024-08-09 14:31:24', '2024-08-09 14:31:24'),
(979, 4, 6, 10, 0, 0, '2024-08-09 14:31:24', '2024-08-09 14:31:24'),
(980, 4, 7, 10, 0, 0, '2024-08-09 14:31:24', '2024-08-09 14:31:24'),
(981, 4, 8, 10, 0, 0, '2024-08-09 14:31:24', '2024-08-09 14:31:24'),
(982, 4, 5, 11, 0, 0, '2024-08-09 14:31:24', '2024-08-09 14:31:24'),
(983, 4, 6, 11, 0, 0, '2024-08-09 14:31:24', '2024-08-09 14:31:24'),
(984, 4, 7, 11, 0, 0, '2024-08-09 14:31:24', '2024-08-09 14:31:24'),
(985, 4, 8, 11, 0, 0, '2024-08-09 14:31:24', '2024-08-09 14:31:24'),
(986, 4, 5, 12, 0, 0, '2024-08-09 14:31:24', '2024-08-09 14:31:24'),
(987, 4, 6, 12, 0, 0, '2024-08-09 14:31:24', '2024-08-09 14:31:24'),
(988, 4, 7, 12, 0, 0, '2024-08-09 14:31:24', '2024-08-09 14:31:24'),
(989, 4, 8, 12, 0, 0, '2024-08-09 14:31:24', '2024-08-09 14:31:24'),
(990, 4, 5, 13, 0, 0, '2024-08-09 14:31:24', '2024-08-09 14:31:24'),
(991, 4, 6, 13, 0, 0, '2024-08-09 14:31:24', '2024-08-09 14:31:24'),
(992, 4, 7, 13, 0, 0, '2024-08-09 14:31:24', '2024-08-09 14:31:24'),
(993, 4, 8, 13, 0, 0, '2024-08-09 14:31:24', '2024-08-09 14:31:24'),
(994, 4, 5, 14, 0, 0, '2024-08-09 14:31:24', '2024-08-09 14:31:24'),
(995, 4, 6, 14, 0, 0, '2024-08-09 14:31:24', '2024-08-09 14:31:24'),
(996, 4, 7, 14, 0, 0, '2024-08-09 14:31:24', '2024-08-09 14:31:24'),
(997, 4, 8, 14, 0, 0, '2024-08-09 14:31:24', '2024-08-09 14:31:24'),
(998, 4, 5, 15, 0, 0, '2024-08-09 14:31:24', '2024-08-09 14:31:24'),
(999, 4, 6, 15, 0, 0, '2024-08-09 14:31:24', '2024-08-09 14:31:24'),
(1000, 4, 7, 15, 0, 0, '2024-08-09 14:31:24', '2024-08-09 14:31:24'),
(1001, 4, 8, 15, 0, 0, '2024-08-09 14:31:24', '2024-08-09 14:31:24'),
(1002, 5, 5, 1, 0, 0, '2024-08-09 14:31:24', '2024-08-09 14:31:24'),
(1003, 5, 6, 1, 0, 0, '2024-08-09 14:31:24', '2024-08-09 14:31:24'),
(1004, 5, 7, 1, 0, 0, '2024-08-09 14:31:24', '2024-08-09 14:31:24'),
(1005, 5, 8, 1, 0, 0, '2024-08-09 14:31:24', '2024-08-09 14:31:24'),
(1006, 5, 5, 2, 0, 0, '2024-08-09 14:31:24', '2024-08-09 14:31:24'),
(1007, 5, 6, 2, 0, 0, '2024-08-09 14:31:24', '2024-08-09 14:31:24'),
(1008, 5, 7, 2, 0, 0, '2024-08-09 14:31:24', '2024-08-09 14:31:24'),
(1009, 5, 8, 2, 0, 0, '2024-08-09 14:31:24', '2024-08-09 14:31:24'),
(1010, 5, 5, 3, 0, 0, '2024-08-09 14:31:24', '2024-08-09 14:31:24'),
(1011, 5, 6, 3, 0, 0, '2024-08-09 14:31:24', '2024-08-09 14:31:24'),
(1012, 5, 7, 3, 0, 0, '2024-08-09 14:31:24', '2024-08-09 14:31:24'),
(1013, 5, 8, 3, 0, 0, '2024-08-09 14:31:24', '2024-08-09 14:31:24'),
(1014, 5, 5, 4, 0, 0, '2024-08-09 14:31:24', '2024-08-09 14:31:24'),
(1015, 5, 6, 4, 0, 0, '2024-08-09 14:31:24', '2024-08-09 14:31:24'),
(1016, 5, 7, 4, 0, 0, '2024-08-09 14:31:24', '2024-08-09 14:31:24'),
(1017, 5, 8, 4, 0, 0, '2024-08-09 14:31:24', '2024-08-09 14:31:24'),
(1018, 5, 5, 5, 0, 0, '2024-08-09 14:31:24', '2024-08-09 14:31:24'),
(1019, 5, 6, 5, 0, 0, '2024-08-09 14:31:24', '2024-08-09 14:31:24'),
(1020, 5, 7, 5, 0, 0, '2024-08-09 14:31:24', '2024-08-09 14:31:24'),
(1021, 5, 8, 5, 0, 0, '2024-08-09 14:31:24', '2024-08-09 14:31:24'),
(1022, 5, 5, 6, 0, 0, '2024-08-09 14:31:25', '2024-08-09 14:31:25'),
(1023, 5, 6, 6, 0, 0, '2024-08-09 14:31:25', '2024-08-09 14:31:25'),
(1024, 5, 7, 6, 0, 0, '2024-08-09 14:31:25', '2024-08-09 14:31:25'),
(1025, 5, 8, 6, 0, 0, '2024-08-09 14:31:25', '2024-08-09 14:31:25'),
(1026, 5, 5, 7, 0, 0, '2024-08-09 14:31:25', '2024-08-09 14:31:25'),
(1027, 5, 6, 7, 0, 0, '2024-08-09 14:31:25', '2024-08-09 14:31:25'),
(1028, 5, 7, 7, 0, 0, '2024-08-09 14:31:25', '2024-08-09 14:31:25'),
(1029, 5, 8, 7, 0, 0, '2024-08-09 14:31:25', '2024-08-09 14:31:25'),
(1030, 5, 5, 8, 0, 0, '2024-08-09 14:31:25', '2024-08-09 14:31:25'),
(1031, 5, 6, 8, 0, 0, '2024-08-09 14:31:25', '2024-08-09 14:31:25'),
(1032, 5, 7, 8, 0, 0, '2024-08-09 14:31:25', '2024-08-09 14:31:25'),
(1033, 5, 8, 8, 0, 0, '2024-08-09 14:31:25', '2024-08-09 14:31:25'),
(1034, 5, 5, 9, 0, 0, '2024-08-09 14:31:25', '2024-08-09 14:31:25'),
(1035, 5, 6, 9, 0, 0, '2024-08-09 14:31:25', '2024-08-09 14:31:25'),
(1036, 5, 7, 9, 0, 0, '2024-08-09 14:31:25', '2024-08-09 14:31:25'),
(1037, 5, 8, 9, 0, 0, '2024-08-09 14:31:25', '2024-08-09 14:31:25'),
(1038, 5, 5, 10, 0, 0, '2024-08-09 14:31:25', '2024-08-09 14:31:25'),
(1039, 5, 6, 10, 0, 0, '2024-08-09 14:31:25', '2024-08-09 14:31:25'),
(1040, 5, 7, 10, 0, 0, '2024-08-09 14:31:25', '2024-08-09 14:31:25'),
(1041, 5, 8, 10, 0, 0, '2024-08-09 14:31:25', '2024-08-09 14:31:25'),
(1042, 5, 5, 11, 0, 0, '2024-08-09 14:31:25', '2024-08-09 14:31:25'),
(1043, 5, 6, 11, 0, 0, '2024-08-09 14:31:25', '2024-08-09 14:31:25'),
(1044, 5, 7, 11, 0, 0, '2024-08-09 14:31:25', '2024-08-09 14:31:25'),
(1045, 5, 8, 11, 0, 0, '2024-08-09 14:31:25', '2024-08-09 14:31:25'),
(1046, 5, 5, 12, 0, 0, '2024-08-09 14:31:25', '2024-08-09 14:31:25'),
(1047, 5, 6, 12, 0, 0, '2024-08-09 14:31:25', '2024-08-09 14:31:25'),
(1048, 5, 7, 12, 0, 0, '2024-08-09 14:31:25', '2024-08-09 14:31:25'),
(1049, 5, 8, 12, 0, 0, '2024-08-09 14:31:25', '2024-08-09 14:31:25'),
(1050, 5, 5, 13, 0, 0, '2024-08-09 14:31:25', '2024-08-09 14:31:25'),
(1051, 5, 6, 13, 0, 0, '2024-08-09 14:31:25', '2024-08-09 14:31:25'),
(1052, 5, 7, 13, 0, 0, '2024-08-09 14:31:25', '2024-08-09 14:31:25'),
(1053, 5, 8, 13, 0, 0, '2024-08-09 14:31:25', '2024-08-09 14:31:25'),
(1054, 5, 5, 14, 0, 0, '2024-08-09 14:31:25', '2024-08-09 14:31:25'),
(1055, 5, 6, 14, 0, 0, '2024-08-09 14:31:25', '2024-08-09 14:31:25'),
(1056, 5, 7, 14, 0, 0, '2024-08-09 14:31:25', '2024-08-09 14:31:25'),
(1057, 5, 8, 14, 0, 0, '2024-08-09 14:31:25', '2024-08-09 14:31:25'),
(1058, 5, 5, 15, 0, 0, '2024-08-09 14:31:25', '2024-08-09 14:31:25'),
(1059, 5, 6, 15, 0, 0, '2024-08-09 14:31:25', '2024-08-09 14:31:25'),
(1060, 5, 7, 15, 0, 0, '2024-08-09 14:31:25', '2024-08-09 14:31:25');
INSERT INTO `ratings` (`id`, `judge_id`, `criteria_id`, `team_id`, `value`, `is_locked`, `created_at`, `updated_at`) VALUES
(1061, 5, 8, 15, 0, 0, '2024-08-09 14:31:25', '2024-08-09 14:31:25'),
(1062, 6, 5, 1, 0, 0, '2024-08-09 14:31:25', '2024-08-09 14:31:25'),
(1063, 6, 6, 1, 0, 0, '2024-08-09 14:31:25', '2024-08-09 14:31:25'),
(1064, 6, 7, 1, 0, 0, '2024-08-09 14:31:25', '2024-08-09 14:31:25'),
(1065, 6, 8, 1, 0, 0, '2024-08-09 14:31:25', '2024-08-09 14:31:25'),
(1066, 6, 5, 2, 0, 0, '2024-08-09 14:31:25', '2024-08-09 14:31:25'),
(1067, 6, 6, 2, 0, 0, '2024-08-09 14:31:25', '2024-08-09 14:31:25'),
(1068, 6, 7, 2, 0, 0, '2024-08-09 14:31:25', '2024-08-09 14:31:25'),
(1069, 6, 8, 2, 0, 0, '2024-08-09 14:31:25', '2024-08-09 14:31:25'),
(1070, 6, 5, 3, 0, 0, '2024-08-09 14:31:25', '2024-08-09 14:31:25'),
(1071, 6, 6, 3, 0, 0, '2024-08-09 14:31:25', '2024-08-09 14:31:25'),
(1072, 6, 7, 3, 0, 0, '2024-08-09 14:31:25', '2024-08-09 14:31:25'),
(1073, 6, 8, 3, 0, 0, '2024-08-09 14:31:25', '2024-08-09 14:31:25'),
(1074, 6, 5, 4, 0, 0, '2024-08-09 14:31:25', '2024-08-09 14:31:25'),
(1075, 6, 6, 4, 0, 0, '2024-08-09 14:31:25', '2024-08-09 14:31:25'),
(1076, 6, 7, 4, 0, 0, '2024-08-09 14:31:25', '2024-08-09 14:31:25'),
(1077, 6, 8, 4, 0, 0, '2024-08-09 14:31:25', '2024-08-09 14:31:25'),
(1078, 6, 5, 5, 0, 0, '2024-08-09 14:31:25', '2024-08-09 14:31:25'),
(1079, 6, 6, 5, 0, 0, '2024-08-09 14:31:25', '2024-08-09 14:31:25'),
(1080, 6, 7, 5, 0, 0, '2024-08-09 14:31:25', '2024-08-09 14:31:25'),
(1081, 6, 8, 5, 0, 0, '2024-08-09 14:31:25', '2024-08-09 14:31:25'),
(1082, 6, 5, 6, 0, 0, '2024-08-09 14:31:25', '2024-08-09 14:31:25'),
(1083, 6, 6, 6, 0, 0, '2024-08-09 14:31:25', '2024-08-09 14:31:25'),
(1084, 6, 7, 6, 0, 0, '2024-08-09 14:31:25', '2024-08-09 14:31:25'),
(1085, 6, 8, 6, 0, 0, '2024-08-09 14:31:25', '2024-08-09 14:31:25'),
(1086, 6, 5, 7, 0, 0, '2024-08-09 14:31:25', '2024-08-09 14:31:25'),
(1087, 6, 6, 7, 0, 0, '2024-08-09 14:31:25', '2024-08-09 14:31:25'),
(1088, 6, 7, 7, 0, 0, '2024-08-09 14:31:25', '2024-08-09 14:31:25'),
(1089, 6, 8, 7, 0, 0, '2024-08-09 14:31:25', '2024-08-09 14:31:25'),
(1090, 6, 5, 8, 0, 0, '2024-08-09 14:31:25', '2024-08-09 14:31:25'),
(1091, 6, 6, 8, 0, 0, '2024-08-09 14:31:25', '2024-08-09 14:31:25'),
(1092, 6, 7, 8, 0, 0, '2024-08-09 14:31:25', '2024-08-09 14:31:25'),
(1093, 6, 8, 8, 0, 0, '2024-08-09 14:31:26', '2024-08-09 14:31:26'),
(1094, 6, 5, 9, 0, 0, '2024-08-09 14:31:26', '2024-08-09 14:31:26'),
(1095, 6, 6, 9, 0, 0, '2024-08-09 14:31:26', '2024-08-09 14:31:26'),
(1096, 6, 7, 9, 0, 0, '2024-08-09 14:31:26', '2024-08-09 14:31:26'),
(1097, 6, 8, 9, 0, 0, '2024-08-09 14:31:26', '2024-08-09 14:31:26'),
(1098, 6, 5, 10, 0, 0, '2024-08-09 14:31:26', '2024-08-09 14:31:26'),
(1099, 6, 6, 10, 0, 0, '2024-08-09 14:31:26', '2024-08-09 14:31:26'),
(1100, 6, 7, 10, 0, 0, '2024-08-09 14:31:26', '2024-08-09 14:31:26'),
(1101, 6, 8, 10, 0, 0, '2024-08-09 14:31:26', '2024-08-09 14:31:26'),
(1102, 6, 5, 11, 0, 0, '2024-08-09 14:31:26', '2024-08-09 14:31:26'),
(1103, 6, 6, 11, 0, 0, '2024-08-09 14:31:26', '2024-08-09 14:31:26'),
(1104, 6, 7, 11, 0, 0, '2024-08-09 14:31:26', '2024-08-09 14:31:26'),
(1105, 6, 8, 11, 0, 0, '2024-08-09 14:31:26', '2024-08-09 14:31:26'),
(1106, 6, 5, 12, 0, 0, '2024-08-09 14:31:26', '2024-08-09 14:31:26'),
(1107, 6, 6, 12, 0, 0, '2024-08-09 14:31:26', '2024-08-09 14:31:26'),
(1108, 6, 7, 12, 0, 0, '2024-08-09 14:31:26', '2024-08-09 14:31:26'),
(1109, 6, 8, 12, 0, 0, '2024-08-09 14:31:26', '2024-08-09 14:31:26'),
(1110, 6, 5, 13, 0, 0, '2024-08-09 14:31:26', '2024-08-09 14:31:26'),
(1111, 6, 6, 13, 0, 0, '2024-08-09 14:31:26', '2024-08-09 14:31:26'),
(1112, 6, 7, 13, 0, 0, '2024-08-09 14:31:26', '2024-08-09 14:31:26'),
(1113, 6, 8, 13, 0, 0, '2024-08-09 14:31:26', '2024-08-09 14:31:26'),
(1114, 6, 5, 14, 0, 0, '2024-08-09 14:31:26', '2024-08-09 14:31:26'),
(1115, 6, 6, 14, 0, 0, '2024-08-09 14:31:26', '2024-08-09 14:31:26'),
(1116, 6, 7, 14, 0, 0, '2024-08-09 14:31:26', '2024-08-09 14:31:26'),
(1117, 6, 8, 14, 0, 0, '2024-08-09 14:31:26', '2024-08-09 14:31:26'),
(1118, 6, 5, 15, 0, 0, '2024-08-09 14:31:26', '2024-08-09 14:31:26'),
(1119, 6, 6, 15, 0, 0, '2024-08-09 14:31:26', '2024-08-09 14:31:26'),
(1120, 6, 7, 15, 0, 0, '2024-08-09 14:31:26', '2024-08-09 14:31:26'),
(1121, 6, 8, 15, 0, 0, '2024-08-09 14:31:26', '2024-08-09 14:31:26'),
(1122, 7, 5, 1, 0, 0, '2024-08-09 14:31:26', '2024-08-09 14:31:26'),
(1123, 7, 6, 1, 0, 0, '2024-08-09 14:31:26', '2024-08-09 14:31:26'),
(1124, 7, 7, 1, 0, 0, '2024-08-09 14:31:26', '2024-08-09 14:31:26'),
(1125, 7, 8, 1, 0, 0, '2024-08-09 14:31:26', '2024-08-09 14:31:26'),
(1126, 7, 5, 2, 0, 0, '2024-08-09 14:31:26', '2024-08-09 14:31:26'),
(1127, 7, 6, 2, 0, 0, '2024-08-09 14:31:26', '2024-08-09 14:31:26'),
(1128, 7, 7, 2, 0, 0, '2024-08-09 14:31:26', '2024-08-09 14:31:26'),
(1129, 7, 8, 2, 0, 0, '2024-08-09 14:31:26', '2024-08-09 14:31:26'),
(1130, 7, 5, 3, 0, 0, '2024-08-09 14:31:26', '2024-08-09 14:31:26'),
(1131, 7, 6, 3, 0, 0, '2024-08-09 14:31:26', '2024-08-09 14:31:26'),
(1132, 7, 7, 3, 0, 0, '2024-08-09 14:31:26', '2024-08-09 14:31:26'),
(1133, 7, 8, 3, 0, 0, '2024-08-09 14:31:26', '2024-08-09 14:31:26'),
(1134, 7, 5, 4, 0, 0, '2024-08-09 14:31:26', '2024-08-09 14:31:26'),
(1135, 7, 6, 4, 0, 0, '2024-08-09 14:31:26', '2024-08-09 14:31:26'),
(1136, 7, 7, 4, 0, 0, '2024-08-09 14:31:26', '2024-08-09 14:31:26'),
(1137, 7, 8, 4, 0, 0, '2024-08-09 14:31:26', '2024-08-09 14:31:26'),
(1138, 7, 5, 5, 0, 0, '2024-08-09 14:31:26', '2024-08-09 14:31:26'),
(1139, 7, 6, 5, 0, 0, '2024-08-09 14:31:26', '2024-08-09 14:31:26'),
(1140, 7, 7, 5, 0, 0, '2024-08-09 14:31:26', '2024-08-09 14:31:26'),
(1141, 7, 8, 5, 0, 0, '2024-08-09 14:31:26', '2024-08-09 14:31:26'),
(1142, 7, 5, 6, 0, 0, '2024-08-09 14:31:26', '2024-08-09 14:31:26'),
(1143, 7, 6, 6, 0, 0, '2024-08-09 14:31:26', '2024-08-09 14:31:26'),
(1144, 7, 7, 6, 0, 0, '2024-08-09 14:31:26', '2024-08-09 14:31:26'),
(1145, 7, 8, 6, 0, 0, '2024-08-09 14:31:26', '2024-08-09 14:31:26'),
(1146, 7, 5, 7, 0, 0, '2024-08-09 14:31:26', '2024-08-09 14:31:26'),
(1147, 7, 6, 7, 0, 0, '2024-08-09 14:31:26', '2024-08-09 14:31:26'),
(1148, 7, 7, 7, 0, 0, '2024-08-09 14:31:26', '2024-08-09 14:31:26'),
(1149, 7, 8, 7, 0, 0, '2024-08-09 14:31:26', '2024-08-09 14:31:26'),
(1150, 7, 5, 8, 0, 0, '2024-08-09 14:31:26', '2024-08-09 14:31:26'),
(1151, 7, 6, 8, 0, 0, '2024-08-09 14:31:26', '2024-08-09 14:31:26'),
(1152, 7, 7, 8, 0, 0, '2024-08-09 14:31:26', '2024-08-09 14:31:26'),
(1153, 7, 8, 8, 0, 0, '2024-08-09 14:31:26', '2024-08-09 14:31:26'),
(1154, 7, 5, 9, 0, 0, '2024-08-09 14:31:26', '2024-08-09 14:31:26'),
(1155, 7, 6, 9, 0, 0, '2024-08-09 14:31:26', '2024-08-09 14:31:26'),
(1156, 7, 7, 9, 0, 0, '2024-08-09 14:31:26', '2024-08-09 14:31:26'),
(1157, 7, 8, 9, 0, 0, '2024-08-09 14:31:26', '2024-08-09 14:31:26'),
(1158, 7, 5, 10, 0, 0, '2024-08-09 14:31:26', '2024-08-09 14:31:26'),
(1159, 7, 6, 10, 0, 0, '2024-08-09 14:31:26', '2024-08-09 14:31:26'),
(1160, 7, 7, 10, 0, 0, '2024-08-09 14:31:26', '2024-08-09 14:31:26'),
(1161, 7, 8, 10, 0, 0, '2024-08-09 14:31:27', '2024-08-09 14:31:27'),
(1162, 7, 5, 11, 0, 0, '2024-08-09 14:31:27', '2024-08-09 14:31:27'),
(1163, 7, 6, 11, 0, 0, '2024-08-09 14:31:27', '2024-08-09 14:31:27'),
(1164, 7, 7, 11, 0, 0, '2024-08-09 14:31:27', '2024-08-09 14:31:27'),
(1165, 7, 8, 11, 0, 0, '2024-08-09 14:31:27', '2024-08-09 14:31:27'),
(1166, 7, 5, 12, 0, 0, '2024-08-09 14:31:27', '2024-08-09 14:31:27'),
(1167, 7, 6, 12, 0, 0, '2024-08-09 14:31:27', '2024-08-09 14:31:27'),
(1168, 7, 7, 12, 0, 0, '2024-08-09 14:31:27', '2024-08-09 14:31:27'),
(1169, 7, 8, 12, 0, 0, '2024-08-09 14:31:27', '2024-08-09 14:31:27'),
(1170, 7, 5, 13, 0, 0, '2024-08-09 14:31:27', '2024-08-09 14:31:27'),
(1171, 7, 6, 13, 0, 0, '2024-08-09 14:31:27', '2024-08-09 14:31:27'),
(1172, 7, 7, 13, 0, 0, '2024-08-09 14:31:27', '2024-08-09 14:31:27'),
(1173, 7, 8, 13, 0, 0, '2024-08-09 14:31:27', '2024-08-09 14:31:27'),
(1174, 7, 5, 14, 0, 0, '2024-08-09 14:31:27', '2024-08-09 14:31:27'),
(1175, 7, 6, 14, 0, 0, '2024-08-09 14:31:27', '2024-08-09 14:31:27'),
(1176, 7, 7, 14, 0, 0, '2024-08-09 14:31:27', '2024-08-09 14:31:27'),
(1177, 7, 8, 14, 0, 0, '2024-08-09 14:31:27', '2024-08-09 14:31:27'),
(1178, 7, 5, 15, 0, 0, '2024-08-09 14:31:27', '2024-08-09 14:31:27'),
(1179, 7, 6, 15, 0, 0, '2024-08-09 14:31:27', '2024-08-09 14:31:27'),
(1180, 7, 7, 15, 0, 0, '2024-08-09 14:31:27', '2024-08-09 14:31:27'),
(1181, 7, 8, 15, 0, 0, '2024-08-09 14:31:27', '2024-08-09 14:31:27'),
(1182, 1, 9, 1, 0, 0, '2024-08-09 14:31:39', '2024-08-09 14:31:39'),
(1183, 1, 10, 1, 0, 0, '2024-08-09 14:31:39', '2024-08-09 14:31:39'),
(1184, 1, 11, 1, 0, 0, '2024-08-09 14:31:39', '2024-08-09 14:31:39'),
(1185, 1, 12, 1, 0, 0, '2024-08-09 14:31:39', '2024-08-09 14:31:39'),
(1186, 1, 9, 2, 0, 0, '2024-08-09 14:31:39', '2024-08-09 14:31:39'),
(1187, 1, 10, 2, 0, 0, '2024-08-09 14:31:39', '2024-08-09 14:31:39'),
(1188, 1, 11, 2, 0, 0, '2024-08-09 14:31:39', '2024-08-09 14:31:39'),
(1189, 1, 12, 2, 0, 0, '2024-08-09 14:31:39', '2024-08-09 14:31:39'),
(1190, 1, 9, 3, 0, 0, '2024-08-09 14:31:39', '2024-08-09 14:31:39'),
(1191, 1, 10, 3, 0, 0, '2024-08-09 14:31:39', '2024-08-09 14:31:39'),
(1192, 1, 11, 3, 0, 0, '2024-08-09 14:31:39', '2024-08-09 14:31:39'),
(1193, 1, 12, 3, 0, 0, '2024-08-09 14:31:39', '2024-08-09 14:31:39'),
(1194, 1, 9, 4, 0, 0, '2024-08-09 14:31:39', '2024-08-09 14:31:39'),
(1195, 1, 10, 4, 0, 0, '2024-08-09 14:31:39', '2024-08-09 14:31:39'),
(1196, 1, 11, 4, 0, 0, '2024-08-09 14:31:39', '2024-08-09 14:31:39'),
(1197, 1, 12, 4, 0, 0, '2024-08-09 14:31:39', '2024-08-09 14:31:39'),
(1198, 1, 9, 5, 0, 0, '2024-08-09 14:31:39', '2024-08-09 14:31:39'),
(1199, 1, 10, 5, 0, 0, '2024-08-09 14:31:39', '2024-08-09 14:31:39'),
(1200, 1, 11, 5, 0, 0, '2024-08-09 14:31:39', '2024-08-09 14:31:39'),
(1201, 1, 12, 5, 0, 0, '2024-08-09 14:31:39', '2024-08-09 14:31:39'),
(1202, 1, 9, 6, 0, 0, '2024-08-09 14:31:39', '2024-08-09 14:31:39'),
(1203, 1, 10, 6, 0, 0, '2024-08-09 14:31:39', '2024-08-09 14:31:39'),
(1204, 1, 11, 6, 0, 0, '2024-08-09 14:31:39', '2024-08-09 14:31:39'),
(1205, 1, 12, 6, 0, 0, '2024-08-09 14:31:39', '2024-08-09 14:31:39'),
(1206, 1, 9, 7, 0, 0, '2024-08-09 14:31:39', '2024-08-09 14:31:39'),
(1207, 1, 10, 7, 0, 0, '2024-08-09 14:31:39', '2024-08-09 14:31:39'),
(1208, 1, 11, 7, 0, 0, '2024-08-09 14:31:39', '2024-08-09 14:31:39'),
(1209, 1, 12, 7, 0, 0, '2024-08-09 14:31:39', '2024-08-09 14:31:39'),
(1210, 1, 9, 8, 0, 0, '2024-08-09 14:31:39', '2024-08-09 14:31:39'),
(1211, 1, 10, 8, 0, 0, '2024-08-09 14:31:39', '2024-08-09 14:31:39'),
(1212, 1, 11, 8, 0, 0, '2024-08-09 14:31:39', '2024-08-09 14:31:39'),
(1213, 1, 12, 8, 0, 0, '2024-08-09 14:31:39', '2024-08-09 14:31:39'),
(1214, 1, 9, 9, 0, 0, '2024-08-09 14:31:39', '2024-08-09 14:31:39'),
(1215, 1, 10, 9, 0, 0, '2024-08-09 14:31:39', '2024-08-09 14:31:39'),
(1216, 1, 11, 9, 0, 0, '2024-08-09 14:31:39', '2024-08-09 14:31:39'),
(1217, 1, 12, 9, 0, 0, '2024-08-09 14:31:39', '2024-08-09 14:31:39'),
(1218, 1, 9, 10, 0, 0, '2024-08-09 14:31:39', '2024-08-09 14:31:39'),
(1219, 1, 10, 10, 0, 0, '2024-08-09 14:31:39', '2024-08-09 14:31:39'),
(1220, 1, 11, 10, 0, 0, '2024-08-09 14:31:39', '2024-08-09 14:31:39'),
(1221, 1, 12, 10, 0, 0, '2024-08-09 14:31:39', '2024-08-09 14:31:39'),
(1222, 1, 9, 11, 0, 0, '2024-08-09 14:31:39', '2024-08-09 14:31:39'),
(1223, 1, 10, 11, 0, 0, '2024-08-09 14:31:39', '2024-08-09 14:31:39'),
(1224, 1, 11, 11, 0, 0, '2024-08-09 14:31:39', '2024-08-09 14:31:39'),
(1225, 1, 12, 11, 0, 0, '2024-08-09 14:31:39', '2024-08-09 14:31:39'),
(1226, 1, 9, 12, 0, 0, '2024-08-09 14:31:39', '2024-08-09 14:31:39'),
(1227, 1, 10, 12, 0, 0, '2024-08-09 14:31:39', '2024-08-09 14:31:39'),
(1228, 1, 11, 12, 0, 0, '2024-08-09 14:31:39', '2024-08-09 14:31:39'),
(1229, 1, 12, 12, 0, 0, '2024-08-09 14:31:39', '2024-08-09 14:31:39'),
(1230, 1, 9, 13, 0, 0, '2024-08-09 14:31:39', '2024-08-09 14:31:39'),
(1231, 1, 10, 13, 0, 0, '2024-08-09 14:31:39', '2024-08-09 14:31:39'),
(1232, 1, 11, 13, 0, 0, '2024-08-09 14:31:40', '2024-08-09 14:31:40'),
(1233, 1, 12, 13, 0, 0, '2024-08-09 14:31:40', '2024-08-09 14:31:40'),
(1234, 1, 9, 14, 0, 0, '2024-08-09 14:31:40', '2024-08-09 14:31:40'),
(1235, 1, 10, 14, 0, 0, '2024-08-09 14:31:40', '2024-08-09 14:31:40'),
(1236, 1, 11, 14, 0, 0, '2024-08-09 14:31:40', '2024-08-09 14:31:40'),
(1237, 1, 12, 14, 0, 0, '2024-08-09 14:31:40', '2024-08-09 14:31:40'),
(1238, 1, 9, 15, 0, 0, '2024-08-09 14:31:40', '2024-08-09 14:31:40'),
(1239, 1, 10, 15, 0, 0, '2024-08-09 14:31:40', '2024-08-09 14:31:40'),
(1240, 1, 11, 15, 0, 0, '2024-08-09 14:31:40', '2024-08-09 14:31:40'),
(1241, 1, 12, 15, 0, 0, '2024-08-09 14:31:40', '2024-08-09 14:31:40'),
(1242, 2, 9, 1, 0, 0, '2024-08-09 14:31:40', '2024-08-09 14:31:40'),
(1243, 2, 10, 1, 0, 0, '2024-08-09 14:31:40', '2024-08-09 14:31:40'),
(1244, 2, 11, 1, 0, 0, '2024-08-09 14:31:40', '2024-08-09 14:31:40'),
(1245, 2, 12, 1, 0, 0, '2024-08-09 14:31:40', '2024-08-09 14:31:40'),
(1246, 2, 9, 2, 0, 0, '2024-08-09 14:31:40', '2024-08-09 14:31:40'),
(1247, 2, 10, 2, 0, 0, '2024-08-09 14:31:40', '2024-08-09 14:31:40'),
(1248, 2, 11, 2, 0, 0, '2024-08-09 14:31:40', '2024-08-09 14:31:40'),
(1249, 2, 12, 2, 0, 0, '2024-08-09 14:31:40', '2024-08-09 14:31:40'),
(1250, 2, 9, 3, 0, 0, '2024-08-09 14:31:40', '2024-08-09 14:31:40'),
(1251, 2, 10, 3, 0, 0, '2024-08-09 14:31:40', '2024-08-09 14:31:40'),
(1252, 2, 11, 3, 0, 0, '2024-08-09 14:31:40', '2024-08-09 14:31:40'),
(1253, 2, 12, 3, 0, 0, '2024-08-09 14:31:40', '2024-08-09 14:31:40'),
(1254, 2, 9, 4, 0, 0, '2024-08-09 14:31:40', '2024-08-09 14:31:40'),
(1255, 2, 10, 4, 0, 0, '2024-08-09 14:31:40', '2024-08-09 14:31:40'),
(1256, 2, 11, 4, 0, 0, '2024-08-09 14:31:40', '2024-08-09 14:31:40'),
(1257, 2, 12, 4, 0, 0, '2024-08-09 14:31:40', '2024-08-09 14:31:40'),
(1258, 2, 9, 5, 0, 0, '2024-08-09 14:31:40', '2024-08-09 14:31:40'),
(1259, 2, 10, 5, 0, 0, '2024-08-09 14:31:40', '2024-08-09 14:31:40'),
(1260, 2, 11, 5, 0, 0, '2024-08-09 14:31:40', '2024-08-09 14:31:40'),
(1261, 2, 12, 5, 0, 0, '2024-08-09 14:31:40', '2024-08-09 14:31:40'),
(1262, 2, 9, 6, 0, 0, '2024-08-09 14:31:40', '2024-08-09 14:31:40'),
(1263, 2, 10, 6, 0, 0, '2024-08-09 14:31:40', '2024-08-09 14:31:40'),
(1264, 2, 11, 6, 0, 0, '2024-08-09 14:31:40', '2024-08-09 14:31:40'),
(1265, 2, 12, 6, 0, 0, '2024-08-09 14:31:40', '2024-08-09 14:31:40'),
(1266, 2, 9, 7, 0, 0, '2024-08-09 14:31:40', '2024-08-09 14:31:40'),
(1267, 2, 10, 7, 0, 0, '2024-08-09 14:31:40', '2024-08-09 14:31:40'),
(1268, 2, 11, 7, 0, 0, '2024-08-09 14:31:40', '2024-08-09 14:31:40'),
(1269, 2, 12, 7, 0, 0, '2024-08-09 14:31:40', '2024-08-09 14:31:40'),
(1270, 2, 9, 8, 0, 0, '2024-08-09 14:31:40', '2024-08-09 14:31:40'),
(1271, 2, 10, 8, 0, 0, '2024-08-09 14:31:40', '2024-08-09 14:31:40'),
(1272, 2, 11, 8, 0, 0, '2024-08-09 14:31:40', '2024-08-09 14:31:40'),
(1273, 2, 12, 8, 0, 0, '2024-08-09 14:31:40', '2024-08-09 14:31:40'),
(1274, 2, 9, 9, 0, 0, '2024-08-09 14:31:40', '2024-08-09 14:31:40'),
(1275, 2, 10, 9, 0, 0, '2024-08-09 14:31:40', '2024-08-09 14:31:40'),
(1276, 2, 11, 9, 0, 0, '2024-08-09 14:31:40', '2024-08-09 14:31:40'),
(1277, 2, 12, 9, 0, 0, '2024-08-09 14:31:40', '2024-08-09 14:31:40'),
(1278, 2, 9, 10, 0, 0, '2024-08-09 14:31:40', '2024-08-09 14:31:40'),
(1279, 2, 10, 10, 0, 0, '2024-08-09 14:31:40', '2024-08-09 14:31:40'),
(1280, 2, 11, 10, 0, 0, '2024-08-09 14:31:40', '2024-08-09 14:31:40'),
(1281, 2, 12, 10, 0, 0, '2024-08-09 14:31:40', '2024-08-09 14:31:40'),
(1282, 2, 9, 11, 0, 0, '2024-08-09 14:31:40', '2024-08-09 14:31:40'),
(1283, 2, 10, 11, 0, 0, '2024-08-09 14:31:40', '2024-08-09 14:31:40'),
(1284, 2, 11, 11, 0, 0, '2024-08-09 14:31:40', '2024-08-09 14:31:40'),
(1285, 2, 12, 11, 0, 0, '2024-08-09 14:31:40', '2024-08-09 14:31:40'),
(1286, 2, 9, 12, 0, 0, '2024-08-09 14:31:40', '2024-08-09 14:31:40'),
(1287, 2, 10, 12, 0, 0, '2024-08-09 14:31:40', '2024-08-09 14:31:40'),
(1288, 2, 11, 12, 0, 0, '2024-08-09 14:31:40', '2024-08-09 14:31:40'),
(1289, 2, 12, 12, 0, 0, '2024-08-09 14:31:40', '2024-08-09 14:31:40'),
(1290, 2, 9, 13, 0, 0, '2024-08-09 14:31:40', '2024-08-09 14:31:40'),
(1291, 2, 10, 13, 0, 0, '2024-08-09 14:31:40', '2024-08-09 14:31:40'),
(1292, 2, 11, 13, 0, 0, '2024-08-09 14:31:40', '2024-08-09 14:31:40'),
(1293, 2, 12, 13, 0, 0, '2024-08-09 14:31:40', '2024-08-09 14:31:40'),
(1294, 2, 9, 14, 0, 0, '2024-08-09 14:31:40', '2024-08-09 14:31:40'),
(1295, 2, 10, 14, 0, 0, '2024-08-09 14:31:40', '2024-08-09 14:31:40'),
(1296, 2, 11, 14, 0, 0, '2024-08-09 14:31:40', '2024-08-09 14:31:40'),
(1297, 2, 12, 14, 0, 0, '2024-08-09 14:31:40', '2024-08-09 14:31:40'),
(1298, 2, 9, 15, 0, 0, '2024-08-09 14:31:40', '2024-08-09 14:31:40'),
(1299, 2, 10, 15, 0, 0, '2024-08-09 14:31:40', '2024-08-09 14:31:40'),
(1300, 2, 11, 15, 0, 0, '2024-08-09 14:31:40', '2024-08-09 14:31:40'),
(1301, 2, 12, 15, 0, 0, '2024-08-09 14:31:40', '2024-08-09 14:31:40'),
(1302, 3, 9, 1, 0, 0, '2024-08-09 14:31:40', '2024-08-09 14:31:40'),
(1303, 3, 10, 1, 0, 0, '2024-08-09 14:31:40', '2024-08-09 14:31:40'),
(1304, 3, 11, 1, 0, 0, '2024-08-09 14:31:40', '2024-08-09 14:31:40'),
(1305, 3, 12, 1, 0, 0, '2024-08-09 14:31:40', '2024-08-09 14:31:40'),
(1306, 3, 9, 2, 0, 0, '2024-08-09 14:31:40', '2024-08-09 14:31:40'),
(1307, 3, 10, 2, 0, 0, '2024-08-09 14:31:40', '2024-08-09 14:31:40'),
(1308, 3, 11, 2, 0, 0, '2024-08-09 14:31:40', '2024-08-09 14:31:40'),
(1309, 3, 12, 2, 0, 0, '2024-08-09 14:31:40', '2024-08-09 14:31:40'),
(1310, 3, 9, 3, 0, 0, '2024-08-09 14:31:40', '2024-08-09 14:31:40'),
(1311, 3, 10, 3, 0, 0, '2024-08-09 14:31:40', '2024-08-09 14:31:40'),
(1312, 3, 11, 3, 0, 0, '2024-08-09 14:31:40', '2024-08-09 14:31:40'),
(1313, 3, 12, 3, 0, 0, '2024-08-09 14:31:41', '2024-08-09 14:31:41'),
(1314, 3, 9, 4, 0, 0, '2024-08-09 14:31:41', '2024-08-09 14:31:41'),
(1315, 3, 10, 4, 0, 0, '2024-08-09 14:31:41', '2024-08-09 14:31:41'),
(1316, 3, 11, 4, 0, 0, '2024-08-09 14:31:41', '2024-08-09 14:31:41'),
(1317, 3, 12, 4, 0, 0, '2024-08-09 14:31:41', '2024-08-09 14:31:41'),
(1318, 3, 9, 5, 0, 0, '2024-08-09 14:31:41', '2024-08-09 14:31:41'),
(1319, 3, 10, 5, 0, 0, '2024-08-09 14:31:41', '2024-08-09 14:31:41'),
(1320, 3, 11, 5, 0, 0, '2024-08-09 14:31:41', '2024-08-09 14:31:41'),
(1321, 3, 12, 5, 0, 0, '2024-08-09 14:31:41', '2024-08-09 14:31:41'),
(1322, 3, 9, 6, 0, 0, '2024-08-09 14:31:41', '2024-08-09 14:31:41'),
(1323, 3, 10, 6, 0, 0, '2024-08-09 14:31:41', '2024-08-09 14:31:41'),
(1324, 3, 11, 6, 0, 0, '2024-08-09 14:31:41', '2024-08-09 14:31:41'),
(1325, 3, 12, 6, 0, 0, '2024-08-09 14:31:41', '2024-08-09 14:31:41'),
(1326, 3, 9, 7, 0, 0, '2024-08-09 14:31:41', '2024-08-09 14:31:41'),
(1327, 3, 10, 7, 0, 0, '2024-08-09 14:31:41', '2024-08-09 14:31:41'),
(1328, 3, 11, 7, 0, 0, '2024-08-09 14:31:41', '2024-08-09 14:31:41'),
(1329, 3, 12, 7, 0, 0, '2024-08-09 14:31:41', '2024-08-09 14:31:41'),
(1330, 3, 9, 8, 0, 0, '2024-08-09 14:31:41', '2024-08-09 14:31:41'),
(1331, 3, 10, 8, 0, 0, '2024-08-09 14:31:41', '2024-08-09 14:31:41'),
(1332, 3, 11, 8, 0, 0, '2024-08-09 14:31:41', '2024-08-09 14:31:41'),
(1333, 3, 12, 8, 0, 0, '2024-08-09 14:31:41', '2024-08-09 14:31:41'),
(1334, 3, 9, 9, 0, 0, '2024-08-09 14:31:41', '2024-08-09 14:31:41'),
(1335, 3, 10, 9, 0, 0, '2024-08-09 14:31:41', '2024-08-09 14:31:41'),
(1336, 3, 11, 9, 0, 0, '2024-08-09 14:31:41', '2024-08-09 14:31:41'),
(1337, 3, 12, 9, 0, 0, '2024-08-09 14:31:41', '2024-08-09 14:31:41'),
(1338, 3, 9, 10, 0, 0, '2024-08-09 14:31:41', '2024-08-09 14:31:41'),
(1339, 3, 10, 10, 0, 0, '2024-08-09 14:31:41', '2024-08-09 14:31:41'),
(1340, 3, 11, 10, 0, 0, '2024-08-09 14:31:41', '2024-08-09 14:31:41'),
(1341, 3, 12, 10, 0, 0, '2024-08-09 14:31:41', '2024-08-09 14:31:41'),
(1342, 3, 9, 11, 0, 0, '2024-08-09 14:31:41', '2024-08-09 14:31:41'),
(1343, 3, 10, 11, 0, 0, '2024-08-09 14:31:41', '2024-08-09 14:31:41'),
(1344, 3, 11, 11, 0, 0, '2024-08-09 14:31:41', '2024-08-09 14:31:41'),
(1345, 3, 12, 11, 0, 0, '2024-08-09 14:31:41', '2024-08-09 14:31:41'),
(1346, 3, 9, 12, 0, 0, '2024-08-09 14:31:41', '2024-08-09 14:31:41'),
(1347, 3, 10, 12, 0, 0, '2024-08-09 14:31:41', '2024-08-09 14:31:41'),
(1348, 3, 11, 12, 0, 0, '2024-08-09 14:31:41', '2024-08-09 14:31:41'),
(1349, 3, 12, 12, 0, 0, '2024-08-09 14:31:41', '2024-08-09 14:31:41'),
(1350, 3, 9, 13, 0, 0, '2024-08-09 14:31:41', '2024-08-09 14:31:41'),
(1351, 3, 10, 13, 0, 0, '2024-08-09 14:31:41', '2024-08-09 14:31:41'),
(1352, 3, 11, 13, 0, 0, '2024-08-09 14:31:41', '2024-08-09 14:31:41'),
(1353, 3, 12, 13, 0, 0, '2024-08-09 14:31:41', '2024-08-09 14:31:41'),
(1354, 3, 9, 14, 0, 0, '2024-08-09 14:31:41', '2024-08-09 14:31:41'),
(1355, 3, 10, 14, 0, 0, '2024-08-09 14:31:41', '2024-08-09 14:31:41'),
(1356, 3, 11, 14, 0, 0, '2024-08-09 14:31:41', '2024-08-09 14:31:41'),
(1357, 3, 12, 14, 0, 0, '2024-08-09 14:31:41', '2024-08-09 14:31:41'),
(1358, 3, 9, 15, 0, 0, '2024-08-09 14:31:41', '2024-08-09 14:31:41'),
(1359, 3, 10, 15, 0, 0, '2024-08-09 14:31:41', '2024-08-09 14:31:41'),
(1360, 3, 11, 15, 0, 0, '2024-08-09 14:31:41', '2024-08-09 14:31:41'),
(1361, 3, 12, 15, 0, 0, '2024-08-09 14:31:41', '2024-08-09 14:31:41'),
(1362, 4, 9, 1, 0, 0, '2024-08-09 14:31:41', '2024-08-09 14:31:41'),
(1363, 4, 10, 1, 0, 0, '2024-08-09 14:31:41', '2024-08-09 14:31:41'),
(1364, 4, 11, 1, 0, 0, '2024-08-09 14:31:41', '2024-08-09 14:31:41'),
(1365, 4, 12, 1, 0, 0, '2024-08-09 14:31:41', '2024-08-09 14:31:41'),
(1366, 4, 9, 2, 0, 0, '2024-08-09 14:31:41', '2024-08-09 14:31:41'),
(1367, 4, 10, 2, 0, 0, '2024-08-09 14:31:41', '2024-08-09 14:31:41'),
(1368, 4, 11, 2, 0, 0, '2024-08-09 14:31:41', '2024-08-09 14:31:41'),
(1369, 4, 12, 2, 0, 0, '2024-08-09 14:31:41', '2024-08-09 14:31:41'),
(1370, 4, 9, 3, 0, 0, '2024-08-09 14:31:41', '2024-08-09 14:31:41'),
(1371, 4, 10, 3, 0, 0, '2024-08-09 14:31:41', '2024-08-09 14:31:41'),
(1372, 4, 11, 3, 0, 0, '2024-08-09 14:31:41', '2024-08-09 14:31:41'),
(1373, 4, 12, 3, 0, 0, '2024-08-09 14:31:41', '2024-08-09 14:31:41'),
(1374, 4, 9, 4, 0, 0, '2024-08-09 14:31:41', '2024-08-09 14:31:41'),
(1375, 4, 10, 4, 0, 0, '2024-08-09 14:31:41', '2024-08-09 14:31:41'),
(1376, 4, 11, 4, 0, 0, '2024-08-09 14:31:41', '2024-08-09 14:31:41'),
(1377, 4, 12, 4, 0, 0, '2024-08-09 14:31:42', '2024-08-09 14:31:42'),
(1378, 4, 9, 5, 0, 0, '2024-08-09 14:31:42', '2024-08-09 14:31:42'),
(1379, 4, 10, 5, 0, 0, '2024-08-09 14:31:42', '2024-08-09 14:31:42'),
(1380, 4, 11, 5, 0, 0, '2024-08-09 14:31:42', '2024-08-09 14:31:42'),
(1381, 4, 12, 5, 0, 0, '2024-08-09 14:31:42', '2024-08-09 14:31:42'),
(1382, 4, 9, 6, 0, 0, '2024-08-09 14:31:42', '2024-08-09 14:31:42'),
(1383, 4, 10, 6, 0, 0, '2024-08-09 14:31:42', '2024-08-09 14:31:42'),
(1384, 4, 11, 6, 0, 0, '2024-08-09 14:31:42', '2024-08-09 14:31:42'),
(1385, 4, 12, 6, 0, 0, '2024-08-09 14:31:42', '2024-08-09 14:31:42'),
(1386, 4, 9, 7, 0, 0, '2024-08-09 14:31:42', '2024-08-09 14:31:42'),
(1387, 4, 10, 7, 0, 0, '2024-08-09 14:31:42', '2024-08-09 14:31:42'),
(1388, 4, 11, 7, 0, 0, '2024-08-09 14:31:42', '2024-08-09 14:31:42'),
(1389, 4, 12, 7, 0, 0, '2024-08-09 14:31:42', '2024-08-09 14:31:42'),
(1390, 4, 9, 8, 0, 0, '2024-08-09 14:31:42', '2024-08-09 14:31:42'),
(1391, 4, 10, 8, 0, 0, '2024-08-09 14:31:42', '2024-08-09 14:31:42'),
(1392, 4, 11, 8, 0, 0, '2024-08-09 14:31:42', '2024-08-09 14:31:42'),
(1393, 4, 12, 8, 0, 0, '2024-08-09 14:31:42', '2024-08-09 14:31:42'),
(1394, 4, 9, 9, 0, 0, '2024-08-09 14:31:42', '2024-08-09 14:31:42'),
(1395, 4, 10, 9, 0, 0, '2024-08-09 14:31:42', '2024-08-09 14:31:42'),
(1396, 4, 11, 9, 0, 0, '2024-08-09 14:31:42', '2024-08-09 14:31:42'),
(1397, 4, 12, 9, 0, 0, '2024-08-09 14:31:42', '2024-08-09 14:31:42'),
(1398, 4, 9, 10, 0, 0, '2024-08-09 14:31:42', '2024-08-09 14:31:42'),
(1399, 4, 10, 10, 0, 0, '2024-08-09 14:31:42', '2024-08-09 14:31:42'),
(1400, 4, 11, 10, 0, 0, '2024-08-09 14:31:42', '2024-08-09 14:31:42'),
(1401, 4, 12, 10, 0, 0, '2024-08-09 14:31:42', '2024-08-09 14:31:42'),
(1402, 4, 9, 11, 0, 0, '2024-08-09 14:31:42', '2024-08-09 14:31:42'),
(1403, 4, 10, 11, 0, 0, '2024-08-09 14:31:42', '2024-08-09 14:31:42'),
(1404, 4, 11, 11, 0, 0, '2024-08-09 14:31:42', '2024-08-09 14:31:42'),
(1405, 4, 12, 11, 0, 0, '2024-08-09 14:31:42', '2024-08-09 14:31:42'),
(1406, 4, 9, 12, 0, 0, '2024-08-09 14:31:42', '2024-08-09 14:31:42'),
(1407, 4, 10, 12, 0, 0, '2024-08-09 14:31:42', '2024-08-09 14:31:42'),
(1408, 4, 11, 12, 0, 0, '2024-08-09 14:31:42', '2024-08-09 14:31:42'),
(1409, 4, 12, 12, 0, 0, '2024-08-09 14:31:42', '2024-08-09 14:31:42'),
(1410, 4, 9, 13, 0, 0, '2024-08-09 14:31:42', '2024-08-09 14:31:42'),
(1411, 4, 10, 13, 0, 0, '2024-08-09 14:31:42', '2024-08-09 14:31:42'),
(1412, 4, 11, 13, 0, 0, '2024-08-09 14:31:42', '2024-08-09 14:31:42'),
(1413, 4, 12, 13, 0, 0, '2024-08-09 14:31:42', '2024-08-09 14:31:42'),
(1414, 4, 9, 14, 0, 0, '2024-08-09 14:31:42', '2024-08-09 14:31:42'),
(1415, 4, 10, 14, 0, 0, '2024-08-09 14:31:42', '2024-08-09 14:31:42'),
(1416, 4, 11, 14, 0, 0, '2024-08-09 14:31:42', '2024-08-09 14:31:42'),
(1417, 4, 12, 14, 0, 0, '2024-08-09 14:31:42', '2024-08-09 14:31:42'),
(1418, 4, 9, 15, 0, 0, '2024-08-09 14:31:42', '2024-08-09 14:31:42'),
(1419, 4, 10, 15, 0, 0, '2024-08-09 14:31:42', '2024-08-09 14:31:42'),
(1420, 4, 11, 15, 0, 0, '2024-08-09 14:31:42', '2024-08-09 14:31:42'),
(1421, 4, 12, 15, 0, 0, '2024-08-09 14:31:42', '2024-08-09 14:31:42'),
(1422, 5, 9, 1, 0, 0, '2024-08-09 14:31:42', '2024-08-09 14:31:42'),
(1423, 5, 10, 1, 0, 0, '2024-08-09 14:31:42', '2024-08-09 14:31:42'),
(1424, 5, 11, 1, 0, 0, '2024-08-09 14:31:42', '2024-08-09 14:31:42'),
(1425, 5, 12, 1, 0, 0, '2024-08-09 14:31:42', '2024-08-09 14:31:42'),
(1426, 5, 9, 2, 0, 0, '2024-08-09 14:31:42', '2024-08-09 14:31:42'),
(1427, 5, 10, 2, 0, 0, '2024-08-09 14:31:42', '2024-08-09 14:31:42'),
(1428, 5, 11, 2, 0, 0, '2024-08-09 14:31:42', '2024-08-09 14:31:42'),
(1429, 5, 12, 2, 0, 0, '2024-08-09 14:31:42', '2024-08-09 14:31:42'),
(1430, 5, 9, 3, 0, 0, '2024-08-09 14:31:42', '2024-08-09 14:31:42'),
(1431, 5, 10, 3, 0, 0, '2024-08-09 14:31:42', '2024-08-09 14:31:42'),
(1432, 5, 11, 3, 0, 0, '2024-08-09 14:31:42', '2024-08-09 14:31:42'),
(1433, 5, 12, 3, 0, 0, '2024-08-09 14:31:42', '2024-08-09 14:31:42'),
(1434, 5, 9, 4, 0, 0, '2024-08-09 14:31:42', '2024-08-09 14:31:42'),
(1435, 5, 10, 4, 0, 0, '2024-08-09 14:31:42', '2024-08-09 14:31:42'),
(1436, 5, 11, 4, 0, 0, '2024-08-09 14:31:42', '2024-08-09 14:31:42'),
(1437, 5, 12, 4, 0, 0, '2024-08-09 14:31:42', '2024-08-09 14:31:42'),
(1438, 5, 9, 5, 0, 0, '2024-08-09 14:31:42', '2024-08-09 14:31:42'),
(1439, 5, 10, 5, 0, 0, '2024-08-09 14:31:42', '2024-08-09 14:31:42'),
(1440, 5, 11, 5, 0, 0, '2024-08-09 14:31:42', '2024-08-09 14:31:42'),
(1441, 5, 12, 5, 0, 0, '2024-08-09 14:31:42', '2024-08-09 14:31:42'),
(1442, 5, 9, 6, 0, 0, '2024-08-09 14:31:43', '2024-08-09 14:31:43'),
(1443, 5, 10, 6, 0, 0, '2024-08-09 14:31:43', '2024-08-09 14:31:43'),
(1444, 5, 11, 6, 0, 0, '2024-08-09 14:31:43', '2024-08-09 14:31:43'),
(1445, 5, 12, 6, 0, 0, '2024-08-09 14:31:43', '2024-08-09 14:31:43'),
(1446, 5, 9, 7, 0, 0, '2024-08-09 14:31:43', '2024-08-09 14:31:43'),
(1447, 5, 10, 7, 0, 0, '2024-08-09 14:31:43', '2024-08-09 14:31:43'),
(1448, 5, 11, 7, 0, 0, '2024-08-09 14:31:43', '2024-08-09 14:31:43'),
(1449, 5, 12, 7, 0, 0, '2024-08-09 14:31:43', '2024-08-09 14:31:43'),
(1450, 5, 9, 8, 0, 0, '2024-08-09 14:31:43', '2024-08-09 14:31:43'),
(1451, 5, 10, 8, 0, 0, '2024-08-09 14:31:43', '2024-08-09 14:31:43'),
(1452, 5, 11, 8, 0, 0, '2024-08-09 14:31:43', '2024-08-09 14:31:43'),
(1453, 5, 12, 8, 0, 0, '2024-08-09 14:31:43', '2024-08-09 14:31:43'),
(1454, 5, 9, 9, 0, 0, '2024-08-09 14:31:43', '2024-08-09 14:31:43'),
(1455, 5, 10, 9, 0, 0, '2024-08-09 14:31:43', '2024-08-09 14:31:43'),
(1456, 5, 11, 9, 0, 0, '2024-08-09 14:31:43', '2024-08-09 14:31:43'),
(1457, 5, 12, 9, 0, 0, '2024-08-09 14:31:43', '2024-08-09 14:31:43'),
(1458, 5, 9, 10, 0, 0, '2024-08-09 14:31:43', '2024-08-09 14:31:43'),
(1459, 5, 10, 10, 0, 0, '2024-08-09 14:31:43', '2024-08-09 14:31:43'),
(1460, 5, 11, 10, 0, 0, '2024-08-09 14:31:43', '2024-08-09 14:31:43'),
(1461, 5, 12, 10, 0, 0, '2024-08-09 14:31:43', '2024-08-09 14:31:43'),
(1462, 5, 9, 11, 0, 0, '2024-08-09 14:31:43', '2024-08-09 14:31:43'),
(1463, 5, 10, 11, 0, 0, '2024-08-09 14:31:43', '2024-08-09 14:31:43'),
(1464, 5, 11, 11, 0, 0, '2024-08-09 14:31:43', '2024-08-09 14:31:43'),
(1465, 5, 12, 11, 0, 0, '2024-08-09 14:31:43', '2024-08-09 14:31:43'),
(1466, 5, 9, 12, 0, 0, '2024-08-09 14:31:43', '2024-08-09 14:31:43'),
(1467, 5, 10, 12, 0, 0, '2024-08-09 14:31:43', '2024-08-09 14:31:43'),
(1468, 5, 11, 12, 0, 0, '2024-08-09 14:31:43', '2024-08-09 14:31:43'),
(1469, 5, 12, 12, 0, 0, '2024-08-09 14:31:43', '2024-08-09 14:31:43'),
(1470, 5, 9, 13, 0, 0, '2024-08-09 14:31:43', '2024-08-09 14:31:43'),
(1471, 5, 10, 13, 0, 0, '2024-08-09 14:31:43', '2024-08-09 14:31:43'),
(1472, 5, 11, 13, 0, 0, '2024-08-09 14:31:43', '2024-08-09 14:31:43'),
(1473, 5, 12, 13, 0, 0, '2024-08-09 14:31:43', '2024-08-09 14:31:43'),
(1474, 5, 9, 14, 0, 0, '2024-08-09 14:31:43', '2024-08-09 14:31:43'),
(1475, 5, 10, 14, 0, 0, '2024-08-09 14:31:43', '2024-08-09 14:31:43'),
(1476, 5, 11, 14, 0, 0, '2024-08-09 14:31:43', '2024-08-09 14:31:43'),
(1477, 5, 12, 14, 0, 0, '2024-08-09 14:31:43', '2024-08-09 14:31:43'),
(1478, 5, 9, 15, 0, 0, '2024-08-09 14:31:43', '2024-08-09 14:31:43'),
(1479, 5, 10, 15, 0, 0, '2024-08-09 14:31:43', '2024-08-09 14:31:43'),
(1480, 5, 11, 15, 0, 0, '2024-08-09 14:31:43', '2024-08-09 14:31:43'),
(1481, 5, 12, 15, 0, 0, '2024-08-09 14:31:43', '2024-08-09 14:31:43'),
(1482, 6, 9, 1, 0, 0, '2024-08-09 14:31:43', '2024-08-09 14:31:43'),
(1483, 6, 10, 1, 0, 0, '2024-08-09 14:31:43', '2024-08-09 14:31:43'),
(1484, 6, 11, 1, 0, 0, '2024-08-09 14:31:43', '2024-08-09 14:31:43'),
(1485, 6, 12, 1, 0, 0, '2024-08-09 14:31:43', '2024-08-09 14:31:43'),
(1486, 6, 9, 2, 0, 0, '2024-08-09 14:31:43', '2024-08-09 14:31:43'),
(1487, 6, 10, 2, 0, 0, '2024-08-09 14:31:43', '2024-08-09 14:31:43'),
(1488, 6, 11, 2, 0, 0, '2024-08-09 14:31:43', '2024-08-09 14:31:43'),
(1489, 6, 12, 2, 0, 0, '2024-08-09 14:31:43', '2024-08-09 14:31:43'),
(1490, 6, 9, 3, 0, 0, '2024-08-09 14:31:43', '2024-08-09 14:31:43'),
(1491, 6, 10, 3, 0, 0, '2024-08-09 14:31:43', '2024-08-09 14:31:43'),
(1492, 6, 11, 3, 0, 0, '2024-08-09 14:31:43', '2024-08-09 14:31:43'),
(1493, 6, 12, 3, 0, 0, '2024-08-09 14:31:43', '2024-08-09 14:31:43'),
(1494, 6, 9, 4, 0, 0, '2024-08-09 14:31:43', '2024-08-09 14:31:43'),
(1495, 6, 10, 4, 0, 0, '2024-08-09 14:31:43', '2024-08-09 14:31:43'),
(1496, 6, 11, 4, 0, 0, '2024-08-09 14:31:43', '2024-08-09 14:31:43'),
(1497, 6, 12, 4, 0, 0, '2024-08-09 14:31:43', '2024-08-09 14:31:43'),
(1498, 6, 9, 5, 0, 0, '2024-08-09 14:31:43', '2024-08-09 14:31:43'),
(1499, 6, 10, 5, 0, 0, '2024-08-09 14:31:43', '2024-08-09 14:31:43'),
(1500, 6, 11, 5, 0, 0, '2024-08-09 14:31:43', '2024-08-09 14:31:43'),
(1501, 6, 12, 5, 0, 0, '2024-08-09 14:31:44', '2024-08-09 14:31:44'),
(1502, 6, 9, 6, 0, 0, '2024-08-09 14:31:44', '2024-08-09 14:31:44'),
(1503, 6, 10, 6, 0, 0, '2024-08-09 14:31:44', '2024-08-09 14:31:44'),
(1504, 6, 11, 6, 0, 0, '2024-08-09 14:31:44', '2024-08-09 14:31:44'),
(1505, 6, 12, 6, 0, 0, '2024-08-09 14:31:44', '2024-08-09 14:31:44'),
(1506, 6, 9, 7, 0, 0, '2024-08-09 14:31:44', '2024-08-09 14:31:44'),
(1507, 6, 10, 7, 0, 0, '2024-08-09 14:31:44', '2024-08-09 14:31:44'),
(1508, 6, 11, 7, 0, 0, '2024-08-09 14:31:44', '2024-08-09 14:31:44'),
(1509, 6, 12, 7, 0, 0, '2024-08-09 14:31:44', '2024-08-09 14:31:44'),
(1510, 6, 9, 8, 0, 0, '2024-08-09 14:31:44', '2024-08-09 14:31:44'),
(1511, 6, 10, 8, 0, 0, '2024-08-09 14:31:44', '2024-08-09 14:31:44'),
(1512, 6, 11, 8, 0, 0, '2024-08-09 14:31:44', '2024-08-09 14:31:44'),
(1513, 6, 12, 8, 0, 0, '2024-08-09 14:31:44', '2024-08-09 14:31:44'),
(1514, 6, 9, 9, 0, 0, '2024-08-09 14:31:44', '2024-08-09 14:31:44'),
(1515, 6, 10, 9, 0, 0, '2024-08-09 14:31:44', '2024-08-09 14:31:44'),
(1516, 6, 11, 9, 0, 0, '2024-08-09 14:31:44', '2024-08-09 14:31:44'),
(1517, 6, 12, 9, 0, 0, '2024-08-09 14:31:44', '2024-08-09 14:31:44'),
(1518, 6, 9, 10, 0, 0, '2024-08-09 14:31:44', '2024-08-09 14:31:44'),
(1519, 6, 10, 10, 0, 0, '2024-08-09 14:31:44', '2024-08-09 14:31:44'),
(1520, 6, 11, 10, 0, 0, '2024-08-09 14:31:44', '2024-08-09 14:31:44'),
(1521, 6, 12, 10, 0, 0, '2024-08-09 14:31:44', '2024-08-09 14:31:44'),
(1522, 6, 9, 11, 0, 0, '2024-08-09 14:31:44', '2024-08-09 14:31:44'),
(1523, 6, 10, 11, 0, 0, '2024-08-09 14:31:44', '2024-08-09 14:31:44'),
(1524, 6, 11, 11, 0, 0, '2024-08-09 14:31:44', '2024-08-09 14:31:44'),
(1525, 6, 12, 11, 0, 0, '2024-08-09 14:31:44', '2024-08-09 14:31:44'),
(1526, 6, 9, 12, 0, 0, '2024-08-09 14:31:44', '2024-08-09 14:31:44'),
(1527, 6, 10, 12, 0, 0, '2024-08-09 14:31:44', '2024-08-09 14:31:44'),
(1528, 6, 11, 12, 0, 0, '2024-08-09 14:31:44', '2024-08-09 14:31:44'),
(1529, 6, 12, 12, 0, 0, '2024-08-09 14:31:44', '2024-08-09 14:31:44'),
(1530, 6, 9, 13, 0, 0, '2024-08-09 14:31:44', '2024-08-09 14:31:44'),
(1531, 6, 10, 13, 0, 0, '2024-08-09 14:31:44', '2024-08-09 14:31:44'),
(1532, 6, 11, 13, 0, 0, '2024-08-09 14:31:44', '2024-08-09 14:31:44'),
(1533, 6, 12, 13, 0, 0, '2024-08-09 14:31:44', '2024-08-09 14:31:44'),
(1534, 6, 9, 14, 0, 0, '2024-08-09 14:31:44', '2024-08-09 14:31:44'),
(1535, 6, 10, 14, 0, 0, '2024-08-09 14:31:44', '2024-08-09 14:31:44'),
(1536, 6, 11, 14, 0, 0, '2024-08-09 14:31:44', '2024-08-09 14:31:44'),
(1537, 6, 12, 14, 0, 0, '2024-08-09 14:31:44', '2024-08-09 14:31:44'),
(1538, 6, 9, 15, 0, 0, '2024-08-09 14:31:44', '2024-08-09 14:31:44'),
(1539, 6, 10, 15, 0, 0, '2024-08-09 14:31:44', '2024-08-09 14:31:44'),
(1540, 6, 11, 15, 0, 0, '2024-08-09 14:31:44', '2024-08-09 14:31:44'),
(1541, 6, 12, 15, 0, 0, '2024-08-09 14:31:44', '2024-08-09 14:31:44'),
(1542, 7, 9, 1, 0, 0, '2024-08-09 14:31:44', '2024-08-09 14:31:44'),
(1543, 7, 10, 1, 0, 0, '2024-08-09 14:31:44', '2024-08-09 14:31:44'),
(1544, 7, 11, 1, 0, 0, '2024-08-09 14:31:44', '2024-08-09 14:31:44'),
(1545, 7, 12, 1, 0, 0, '2024-08-09 14:31:44', '2024-08-09 14:31:44'),
(1546, 7, 9, 2, 0, 0, '2024-08-09 14:31:44', '2024-08-09 14:31:44'),
(1547, 7, 10, 2, 0, 0, '2024-08-09 14:31:44', '2024-08-09 14:31:44'),
(1548, 7, 11, 2, 0, 0, '2024-08-09 14:31:44', '2024-08-09 14:31:44'),
(1549, 7, 12, 2, 0, 0, '2024-08-09 14:31:44', '2024-08-09 14:31:44'),
(1550, 7, 9, 3, 0, 0, '2024-08-09 14:31:44', '2024-08-09 14:31:44'),
(1551, 7, 10, 3, 0, 0, '2024-08-09 14:31:44', '2024-08-09 14:31:44'),
(1552, 7, 11, 3, 0, 0, '2024-08-09 14:31:44', '2024-08-09 14:31:44'),
(1553, 7, 12, 3, 0, 0, '2024-08-09 14:31:44', '2024-08-09 14:31:44'),
(1554, 7, 9, 4, 0, 0, '2024-08-09 14:31:44', '2024-08-09 14:31:44'),
(1555, 7, 10, 4, 0, 0, '2024-08-09 14:31:44', '2024-08-09 14:31:44'),
(1556, 7, 11, 4, 0, 0, '2024-08-09 14:31:44', '2024-08-09 14:31:44'),
(1557, 7, 12, 4, 0, 0, '2024-08-09 14:31:44', '2024-08-09 14:31:44'),
(1558, 7, 9, 5, 0, 0, '2024-08-09 14:31:44', '2024-08-09 14:31:44'),
(1559, 7, 10, 5, 0, 0, '2024-08-09 14:31:44', '2024-08-09 14:31:44'),
(1560, 7, 11, 5, 0, 0, '2024-08-09 14:31:44', '2024-08-09 14:31:44'),
(1561, 7, 12, 5, 0, 0, '2024-08-09 14:31:44', '2024-08-09 14:31:44'),
(1562, 7, 9, 6, 0, 0, '2024-08-09 14:31:44', '2024-08-09 14:31:44'),
(1563, 7, 10, 6, 0, 0, '2024-08-09 14:31:44', '2024-08-09 14:31:44'),
(1564, 7, 11, 6, 0, 0, '2024-08-09 14:31:44', '2024-08-09 14:31:44'),
(1565, 7, 12, 6, 0, 0, '2024-08-09 14:31:44', '2024-08-09 14:31:44'),
(1566, 7, 9, 7, 0, 0, '2024-08-09 14:31:44', '2024-08-09 14:31:44'),
(1567, 7, 10, 7, 0, 0, '2024-08-09 14:31:44', '2024-08-09 14:31:44'),
(1568, 7, 11, 7, 0, 0, '2024-08-09 14:31:44', '2024-08-09 14:31:44'),
(1569, 7, 12, 7, 0, 0, '2024-08-09 14:31:44', '2024-08-09 14:31:44'),
(1570, 7, 9, 8, 0, 0, '2024-08-09 14:31:44', '2024-08-09 14:31:44'),
(1571, 7, 10, 8, 0, 0, '2024-08-09 14:31:44', '2024-08-09 14:31:44'),
(1572, 7, 11, 8, 0, 0, '2024-08-09 14:31:44', '2024-08-09 14:31:44'),
(1573, 7, 12, 8, 0, 0, '2024-08-09 14:31:44', '2024-08-09 14:31:44'),
(1574, 7, 9, 9, 0, 0, '2024-08-09 14:31:44', '2024-08-09 14:31:44'),
(1575, 7, 10, 9, 0, 0, '2024-08-09 14:31:44', '2024-08-09 14:31:44'),
(1576, 7, 11, 9, 0, 0, '2024-08-09 14:31:44', '2024-08-09 14:31:44'),
(1577, 7, 12, 9, 0, 0, '2024-08-09 14:31:44', '2024-08-09 14:31:44'),
(1578, 7, 9, 10, 0, 0, '2024-08-09 14:31:45', '2024-08-09 14:31:45'),
(1579, 7, 10, 10, 0, 0, '2024-08-09 14:31:45', '2024-08-09 14:31:45'),
(1580, 7, 11, 10, 0, 0, '2024-08-09 14:31:45', '2024-08-09 14:31:45'),
(1581, 7, 12, 10, 0, 0, '2024-08-09 14:31:45', '2024-08-09 14:31:45'),
(1582, 7, 9, 11, 0, 0, '2024-08-09 14:31:45', '2024-08-09 14:31:45'),
(1583, 7, 10, 11, 0, 0, '2024-08-09 14:31:45', '2024-08-09 14:31:45'),
(1584, 7, 11, 11, 0, 0, '2024-08-09 14:31:45', '2024-08-09 14:31:45'),
(1585, 7, 12, 11, 0, 0, '2024-08-09 14:31:45', '2024-08-09 14:31:45'),
(1586, 7, 9, 12, 0, 0, '2024-08-09 14:31:45', '2024-08-09 14:31:45'),
(1587, 7, 10, 12, 0, 0, '2024-08-09 14:31:45', '2024-08-09 14:31:45'),
(1588, 7, 11, 12, 0, 0, '2024-08-09 14:31:45', '2024-08-09 14:31:45'),
(1589, 7, 12, 12, 0, 0, '2024-08-09 14:31:45', '2024-08-09 14:31:45'),
(1590, 7, 9, 13, 0, 0, '2024-08-09 14:31:45', '2024-08-09 14:31:45'),
(1591, 7, 10, 13, 0, 0, '2024-08-09 14:31:45', '2024-08-09 14:31:45'),
(1592, 7, 11, 13, 0, 0, '2024-08-09 14:31:45', '2024-08-09 14:31:45'),
(1593, 7, 12, 13, 0, 0, '2024-08-09 14:31:45', '2024-08-09 14:31:45'),
(1594, 7, 9, 14, 0, 0, '2024-08-09 14:31:45', '2024-08-09 14:31:45'),
(1595, 7, 10, 14, 0, 0, '2024-08-09 14:31:45', '2024-08-09 14:31:45'),
(1596, 7, 11, 14, 0, 0, '2024-08-09 14:31:45', '2024-08-09 14:31:45'),
(1597, 7, 12, 14, 0, 0, '2024-08-09 14:31:45', '2024-08-09 14:31:45'),
(1598, 7, 9, 15, 0, 0, '2024-08-09 14:31:45', '2024-08-09 14:31:45'),
(1599, 7, 10, 15, 0, 0, '2024-08-09 14:31:45', '2024-08-09 14:31:45'),
(1600, 7, 11, 15, 0, 0, '2024-08-09 14:31:45', '2024-08-09 14:31:45'),
(1601, 7, 12, 15, 0, 0, '2024-08-09 14:31:45', '2024-08-09 14:31:45'),
(1602, 1, 13, 1, 0, 0, '2024-08-09 14:31:46', '2024-08-09 14:31:46'),
(1603, 1, 14, 1, 0, 0, '2024-08-09 14:31:46', '2024-08-09 14:31:46'),
(1604, 1, 15, 1, 0, 0, '2024-08-09 14:31:46', '2024-08-09 14:31:46'),
(1605, 1, 13, 2, 0, 0, '2024-08-09 14:31:46', '2024-08-09 14:31:46'),
(1606, 1, 14, 2, 0, 0, '2024-08-09 14:31:46', '2024-08-09 14:31:46'),
(1607, 1, 15, 2, 0, 0, '2024-08-09 14:31:46', '2024-08-09 14:31:46'),
(1608, 1, 13, 3, 0, 0, '2024-08-09 14:31:46', '2024-08-09 14:31:46'),
(1609, 1, 14, 3, 0, 0, '2024-08-09 14:31:46', '2024-08-09 14:31:46'),
(1610, 1, 15, 3, 0, 0, '2024-08-09 14:31:46', '2024-08-09 14:31:46'),
(1611, 1, 13, 4, 0, 0, '2024-08-09 14:31:46', '2024-08-09 14:31:46'),
(1612, 1, 14, 4, 0, 0, '2024-08-09 14:31:46', '2024-08-09 14:31:46'),
(1613, 1, 15, 4, 0, 0, '2024-08-09 14:31:46', '2024-08-09 14:31:46'),
(1614, 1, 13, 5, 0, 0, '2024-08-09 14:31:46', '2024-08-09 14:31:46'),
(1615, 1, 14, 5, 0, 0, '2024-08-09 14:31:46', '2024-08-09 14:31:46'),
(1616, 1, 15, 5, 0, 0, '2024-08-09 14:31:46', '2024-08-09 14:31:46'),
(1617, 1, 13, 6, 0, 0, '2024-08-09 14:31:46', '2024-08-09 14:31:46'),
(1618, 1, 14, 6, 0, 0, '2024-08-09 14:31:46', '2024-08-09 14:31:46'),
(1619, 1, 15, 6, 0, 0, '2024-08-09 14:31:46', '2024-08-09 14:31:46'),
(1620, 1, 13, 7, 0, 0, '2024-08-09 14:31:46', '2024-08-09 14:31:46'),
(1621, 1, 14, 7, 0, 0, '2024-08-09 14:31:46', '2024-08-09 14:31:46'),
(1622, 1, 15, 7, 0, 0, '2024-08-09 14:31:46', '2024-08-09 14:31:46'),
(1623, 1, 13, 8, 0, 0, '2024-08-09 14:31:46', '2024-08-09 14:31:46'),
(1624, 1, 14, 8, 0, 0, '2024-08-09 14:31:46', '2024-08-09 14:31:46'),
(1625, 1, 15, 8, 0, 0, '2024-08-09 14:31:46', '2024-08-09 14:31:46'),
(1626, 1, 13, 9, 0, 0, '2024-08-09 14:31:46', '2024-08-09 14:31:46'),
(1627, 1, 14, 9, 0, 0, '2024-08-09 14:31:46', '2024-08-09 14:31:46'),
(1628, 1, 15, 9, 0, 0, '2024-08-09 14:31:46', '2024-08-09 14:31:46'),
(1629, 1, 13, 10, 0, 0, '2024-08-09 14:31:46', '2024-08-09 14:31:46'),
(1630, 1, 14, 10, 0, 0, '2024-08-09 14:31:46', '2024-08-09 14:31:46'),
(1631, 1, 15, 10, 0, 0, '2024-08-09 14:31:46', '2024-08-09 14:31:46'),
(1632, 1, 13, 11, 0, 0, '2024-08-09 14:31:46', '2024-08-09 14:31:46'),
(1633, 1, 14, 11, 0, 0, '2024-08-09 14:31:46', '2024-08-09 14:31:46'),
(1634, 1, 15, 11, 0, 0, '2024-08-09 14:31:46', '2024-08-09 14:31:46'),
(1635, 1, 13, 12, 0, 0, '2024-08-09 14:31:46', '2024-08-09 14:31:46'),
(1636, 1, 14, 12, 0, 0, '2024-08-09 14:31:46', '2024-08-09 14:31:46'),
(1637, 1, 15, 12, 0, 0, '2024-08-09 14:31:46', '2024-08-09 14:31:46'),
(1638, 1, 13, 13, 0, 0, '2024-08-09 14:31:46', '2024-08-09 14:31:46'),
(1639, 1, 14, 13, 0, 0, '2024-08-09 14:31:46', '2024-08-09 14:31:46'),
(1640, 1, 15, 13, 0, 0, '2024-08-09 14:31:46', '2024-08-09 14:31:46'),
(1641, 1, 13, 14, 0, 0, '2024-08-09 14:31:46', '2024-08-09 14:31:46'),
(1642, 1, 14, 14, 0, 0, '2024-08-09 14:31:46', '2024-08-09 14:31:46'),
(1643, 1, 15, 14, 0, 0, '2024-08-09 14:31:46', '2024-08-09 14:31:46'),
(1644, 1, 13, 15, 0, 0, '2024-08-09 14:31:46', '2024-08-09 14:31:46'),
(1645, 1, 14, 15, 0, 0, '2024-08-09 14:31:46', '2024-08-09 14:31:46'),
(1646, 1, 15, 15, 0, 0, '2024-08-09 14:31:46', '2024-08-09 14:31:46'),
(1647, 2, 13, 1, 0, 0, '2024-08-09 14:31:46', '2024-08-09 14:31:46'),
(1648, 2, 14, 1, 0, 0, '2024-08-09 14:31:46', '2024-08-09 14:31:46'),
(1649, 2, 15, 1, 0, 0, '2024-08-09 14:31:46', '2024-08-09 14:31:46'),
(1650, 2, 13, 2, 0, 0, '2024-08-09 14:31:46', '2024-08-09 14:31:46'),
(1651, 2, 14, 2, 0, 0, '2024-08-09 14:31:46', '2024-08-09 14:31:46'),
(1652, 2, 15, 2, 0, 0, '2024-08-09 14:31:46', '2024-08-09 14:31:46'),
(1653, 2, 13, 3, 0, 0, '2024-08-09 14:31:46', '2024-08-09 14:31:46'),
(1654, 2, 14, 3, 0, 0, '2024-08-09 14:31:46', '2024-08-09 14:31:46'),
(1655, 2, 15, 3, 0, 0, '2024-08-09 14:31:46', '2024-08-09 14:31:46'),
(1656, 2, 13, 4, 0, 0, '2024-08-09 14:31:46', '2024-08-09 14:31:46'),
(1657, 2, 14, 4, 0, 0, '2024-08-09 14:31:47', '2024-08-09 14:31:47'),
(1658, 2, 15, 4, 0, 0, '2024-08-09 14:31:47', '2024-08-09 14:31:47'),
(1659, 2, 13, 5, 0, 0, '2024-08-09 14:31:47', '2024-08-09 14:31:47'),
(1660, 2, 14, 5, 0, 0, '2024-08-09 14:31:47', '2024-08-09 14:31:47'),
(1661, 2, 15, 5, 0, 0, '2024-08-09 14:31:47', '2024-08-09 14:31:47'),
(1662, 2, 13, 6, 0, 0, '2024-08-09 14:31:47', '2024-08-09 14:31:47'),
(1663, 2, 14, 6, 0, 0, '2024-08-09 14:31:47', '2024-08-09 14:31:47'),
(1664, 2, 15, 6, 0, 0, '2024-08-09 14:31:47', '2024-08-09 14:31:47'),
(1665, 2, 13, 7, 0, 0, '2024-08-09 14:31:47', '2024-08-09 14:31:47'),
(1666, 2, 14, 7, 0, 0, '2024-08-09 14:31:47', '2024-08-09 14:31:47'),
(1667, 2, 15, 7, 0, 0, '2024-08-09 14:31:47', '2024-08-09 14:31:47'),
(1668, 2, 13, 8, 0, 0, '2024-08-09 14:31:47', '2024-08-09 14:31:47'),
(1669, 2, 14, 8, 0, 0, '2024-08-09 14:31:47', '2024-08-09 14:31:47'),
(1670, 2, 15, 8, 0, 0, '2024-08-09 14:31:47', '2024-08-09 14:31:47'),
(1671, 2, 13, 9, 0, 0, '2024-08-09 14:31:47', '2024-08-09 14:31:47'),
(1672, 2, 14, 9, 0, 0, '2024-08-09 14:31:47', '2024-08-09 14:31:47'),
(1673, 2, 15, 9, 0, 0, '2024-08-09 14:31:47', '2024-08-09 14:31:47'),
(1674, 2, 13, 10, 0, 0, '2024-08-09 14:31:47', '2024-08-09 14:31:47'),
(1675, 2, 14, 10, 0, 0, '2024-08-09 14:31:47', '2024-08-09 14:31:47'),
(1676, 2, 15, 10, 0, 0, '2024-08-09 14:31:47', '2024-08-09 14:31:47'),
(1677, 2, 13, 11, 0, 0, '2024-08-09 14:31:47', '2024-08-09 14:31:47'),
(1678, 2, 14, 11, 0, 0, '2024-08-09 14:31:47', '2024-08-09 14:31:47'),
(1679, 2, 15, 11, 0, 0, '2024-08-09 14:31:47', '2024-08-09 14:31:47'),
(1680, 2, 13, 12, 0, 0, '2024-08-09 14:31:47', '2024-08-09 14:31:47'),
(1681, 2, 14, 12, 0, 0, '2024-08-09 14:31:47', '2024-08-09 14:31:47'),
(1682, 2, 15, 12, 0, 0, '2024-08-09 14:31:47', '2024-08-09 14:31:47'),
(1683, 2, 13, 13, 0, 0, '2024-08-09 14:31:47', '2024-08-09 14:31:47'),
(1684, 2, 14, 13, 0, 0, '2024-08-09 14:31:47', '2024-08-09 14:31:47'),
(1685, 2, 15, 13, 0, 0, '2024-08-09 14:31:47', '2024-08-09 14:31:47'),
(1686, 2, 13, 14, 0, 0, '2024-08-09 14:31:47', '2024-08-09 14:31:47'),
(1687, 2, 14, 14, 0, 0, '2024-08-09 14:31:47', '2024-08-09 14:31:47'),
(1688, 2, 15, 14, 0, 0, '2024-08-09 14:31:47', '2024-08-09 14:31:47'),
(1689, 2, 13, 15, 0, 0, '2024-08-09 14:31:47', '2024-08-09 14:31:47'),
(1690, 2, 14, 15, 0, 0, '2024-08-09 14:31:47', '2024-08-09 14:31:47'),
(1691, 2, 15, 15, 0, 0, '2024-08-09 14:31:47', '2024-08-09 14:31:47'),
(1692, 3, 13, 1, 0, 0, '2024-08-09 14:31:47', '2024-08-09 14:31:47'),
(1693, 3, 14, 1, 0, 0, '2024-08-09 14:31:47', '2024-08-09 14:31:47'),
(1694, 3, 15, 1, 0, 0, '2024-08-09 14:31:47', '2024-08-09 14:31:47'),
(1695, 3, 13, 2, 0, 0, '2024-08-09 14:31:47', '2024-08-09 14:31:47'),
(1696, 3, 14, 2, 0, 0, '2024-08-09 14:31:47', '2024-08-09 14:31:47'),
(1697, 3, 15, 2, 0, 0, '2024-08-09 14:31:47', '2024-08-09 14:31:47'),
(1698, 3, 13, 3, 0, 0, '2024-08-09 14:31:47', '2024-08-09 14:31:47'),
(1699, 3, 14, 3, 0, 0, '2024-08-09 14:31:47', '2024-08-09 14:31:47'),
(1700, 3, 15, 3, 0, 0, '2024-08-09 14:31:47', '2024-08-09 14:31:47'),
(1701, 3, 13, 4, 0, 0, '2024-08-09 14:31:47', '2024-08-09 14:31:47'),
(1702, 3, 14, 4, 0, 0, '2024-08-09 14:31:47', '2024-08-09 14:31:47'),
(1703, 3, 15, 4, 0, 0, '2024-08-09 14:31:47', '2024-08-09 14:31:47'),
(1704, 3, 13, 5, 0, 0, '2024-08-09 14:31:47', '2024-08-09 14:31:47'),
(1705, 3, 14, 5, 0, 0, '2024-08-09 14:31:47', '2024-08-09 14:31:47'),
(1706, 3, 15, 5, 0, 0, '2024-08-09 14:31:47', '2024-08-09 14:31:47'),
(1707, 3, 13, 6, 0, 0, '2024-08-09 14:31:47', '2024-08-09 14:31:47'),
(1708, 3, 14, 6, 0, 0, '2024-08-09 14:31:47', '2024-08-09 14:31:47'),
(1709, 3, 15, 6, 0, 0, '2024-08-09 14:31:47', '2024-08-09 14:31:47'),
(1710, 3, 13, 7, 0, 0, '2024-08-09 14:31:47', '2024-08-09 14:31:47'),
(1711, 3, 14, 7, 0, 0, '2024-08-09 14:31:47', '2024-08-09 14:31:47'),
(1712, 3, 15, 7, 0, 0, '2024-08-09 14:31:47', '2024-08-09 14:31:47'),
(1713, 3, 13, 8, 0, 0, '2024-08-09 14:31:47', '2024-08-09 14:31:47'),
(1714, 3, 14, 8, 0, 0, '2024-08-09 14:31:47', '2024-08-09 14:31:47'),
(1715, 3, 15, 8, 0, 0, '2024-08-09 14:31:47', '2024-08-09 14:31:47'),
(1716, 3, 13, 9, 0, 0, '2024-08-09 14:31:47', '2024-08-09 14:31:47'),
(1717, 3, 14, 9, 0, 0, '2024-08-09 14:31:47', '2024-08-09 14:31:47'),
(1718, 3, 15, 9, 0, 0, '2024-08-09 14:31:47', '2024-08-09 14:31:47'),
(1719, 3, 13, 10, 0, 0, '2024-08-09 14:31:47', '2024-08-09 14:31:47'),
(1720, 3, 14, 10, 0, 0, '2024-08-09 14:31:47', '2024-08-09 14:31:47'),
(1721, 3, 15, 10, 0, 0, '2024-08-09 14:31:47', '2024-08-09 14:31:47'),
(1722, 3, 13, 11, 0, 0, '2024-08-09 14:31:47', '2024-08-09 14:31:47'),
(1723, 3, 14, 11, 0, 0, '2024-08-09 14:31:47', '2024-08-09 14:31:47'),
(1724, 3, 15, 11, 0, 0, '2024-08-09 14:31:47', '2024-08-09 14:31:47'),
(1725, 3, 13, 12, 0, 0, '2024-08-09 14:31:47', '2024-08-09 14:31:47'),
(1726, 3, 14, 12, 0, 0, '2024-08-09 14:31:47', '2024-08-09 14:31:47'),
(1727, 3, 15, 12, 0, 0, '2024-08-09 14:31:47', '2024-08-09 14:31:47'),
(1728, 3, 13, 13, 0, 0, '2024-08-09 14:31:47', '2024-08-09 14:31:47'),
(1729, 3, 14, 13, 0, 0, '2024-08-09 14:31:47', '2024-08-09 14:31:47'),
(1730, 3, 15, 13, 0, 0, '2024-08-09 14:31:47', '2024-08-09 14:31:47'),
(1731, 3, 13, 14, 0, 0, '2024-08-09 14:31:48', '2024-08-09 14:31:48'),
(1732, 3, 14, 14, 0, 0, '2024-08-09 14:31:48', '2024-08-09 14:31:48'),
(1733, 3, 15, 14, 0, 0, '2024-08-09 14:31:48', '2024-08-09 14:31:48'),
(1734, 3, 13, 15, 0, 0, '2024-08-09 14:31:48', '2024-08-09 14:31:48'),
(1735, 3, 14, 15, 0, 0, '2024-08-09 14:31:48', '2024-08-09 14:31:48'),
(1736, 3, 15, 15, 0, 0, '2024-08-09 14:31:48', '2024-08-09 14:31:48'),
(1737, 4, 13, 1, 0, 0, '2024-08-09 14:31:48', '2024-08-09 14:31:48'),
(1738, 4, 14, 1, 0, 0, '2024-08-09 14:31:48', '2024-08-09 14:31:48'),
(1739, 4, 15, 1, 0, 0, '2024-08-09 14:31:48', '2024-08-09 14:31:48'),
(1740, 4, 13, 2, 0, 0, '2024-08-09 14:31:48', '2024-08-09 14:31:48'),
(1741, 4, 14, 2, 0, 0, '2024-08-09 14:31:48', '2024-08-09 14:31:48'),
(1742, 4, 15, 2, 0, 0, '2024-08-09 14:31:48', '2024-08-09 14:31:48'),
(1743, 4, 13, 3, 0, 0, '2024-08-09 14:31:48', '2024-08-09 14:31:48'),
(1744, 4, 14, 3, 0, 0, '2024-08-09 14:31:48', '2024-08-09 14:31:48'),
(1745, 4, 15, 3, 0, 0, '2024-08-09 14:31:48', '2024-08-09 14:31:48'),
(1746, 4, 13, 4, 0, 0, '2024-08-09 14:31:48', '2024-08-09 14:31:48'),
(1747, 4, 14, 4, 0, 0, '2024-08-09 14:31:48', '2024-08-09 14:31:48'),
(1748, 4, 15, 4, 0, 0, '2024-08-09 14:31:48', '2024-08-09 14:31:48'),
(1749, 4, 13, 5, 0, 0, '2024-08-09 14:31:48', '2024-08-09 14:31:48'),
(1750, 4, 14, 5, 0, 0, '2024-08-09 14:31:48', '2024-08-09 14:31:48'),
(1751, 4, 15, 5, 0, 0, '2024-08-09 14:31:48', '2024-08-09 14:31:48'),
(1752, 4, 13, 6, 0, 0, '2024-08-09 14:31:48', '2024-08-09 14:31:48'),
(1753, 4, 14, 6, 0, 0, '2024-08-09 14:31:48', '2024-08-09 14:31:48'),
(1754, 4, 15, 6, 0, 0, '2024-08-09 14:31:48', '2024-08-09 14:31:48'),
(1755, 4, 13, 7, 0, 0, '2024-08-09 14:31:48', '2024-08-09 14:31:48'),
(1756, 4, 14, 7, 0, 0, '2024-08-09 14:31:48', '2024-08-09 14:31:48'),
(1757, 4, 15, 7, 0, 0, '2024-08-09 14:31:48', '2024-08-09 14:31:48'),
(1758, 4, 13, 8, 0, 0, '2024-08-09 14:31:48', '2024-08-09 14:31:48'),
(1759, 4, 14, 8, 0, 0, '2024-08-09 14:31:48', '2024-08-09 14:31:48'),
(1760, 4, 15, 8, 0, 0, '2024-08-09 14:31:48', '2024-08-09 14:31:48'),
(1761, 4, 13, 9, 0, 0, '2024-08-09 14:31:48', '2024-08-09 14:31:48'),
(1762, 4, 14, 9, 0, 0, '2024-08-09 14:31:48', '2024-08-09 14:31:48'),
(1763, 4, 15, 9, 0, 0, '2024-08-09 14:31:48', '2024-08-09 14:31:48'),
(1764, 4, 13, 10, 0, 0, '2024-08-09 14:31:48', '2024-08-09 14:31:48'),
(1765, 4, 14, 10, 0, 0, '2024-08-09 14:31:48', '2024-08-09 14:31:48'),
(1766, 4, 15, 10, 0, 0, '2024-08-09 14:31:48', '2024-08-09 14:31:48'),
(1767, 4, 13, 11, 0, 0, '2024-08-09 14:31:48', '2024-08-09 14:31:48'),
(1768, 4, 14, 11, 0, 0, '2024-08-09 14:31:48', '2024-08-09 14:31:48'),
(1769, 4, 15, 11, 0, 0, '2024-08-09 14:31:48', '2024-08-09 14:31:48'),
(1770, 4, 13, 12, 0, 0, '2024-08-09 14:31:48', '2024-08-09 14:31:48'),
(1771, 4, 14, 12, 0, 0, '2024-08-09 14:31:48', '2024-08-09 14:31:48'),
(1772, 4, 15, 12, 0, 0, '2024-08-09 14:31:48', '2024-08-09 14:31:48'),
(1773, 4, 13, 13, 0, 0, '2024-08-09 14:31:48', '2024-08-09 14:31:48'),
(1774, 4, 14, 13, 0, 0, '2024-08-09 14:31:48', '2024-08-09 14:31:48'),
(1775, 4, 15, 13, 0, 0, '2024-08-09 14:31:48', '2024-08-09 14:31:48'),
(1776, 4, 13, 14, 0, 0, '2024-08-09 14:31:48', '2024-08-09 14:31:48'),
(1777, 4, 14, 14, 0, 0, '2024-08-09 14:31:48', '2024-08-09 14:31:48'),
(1778, 4, 15, 14, 0, 0, '2024-08-09 14:31:48', '2024-08-09 14:31:48'),
(1779, 4, 13, 15, 0, 0, '2024-08-09 14:31:48', '2024-08-09 14:31:48'),
(1780, 4, 14, 15, 0, 0, '2024-08-09 14:31:48', '2024-08-09 14:31:48'),
(1781, 4, 15, 15, 0, 0, '2024-08-09 14:31:48', '2024-08-09 14:31:48'),
(1782, 5, 13, 1, 0, 0, '2024-08-09 14:31:48', '2024-08-09 14:31:48'),
(1783, 5, 14, 1, 0, 0, '2024-08-09 14:31:48', '2024-08-09 14:31:48'),
(1784, 5, 15, 1, 0, 0, '2024-08-09 14:31:48', '2024-08-09 14:31:48'),
(1785, 5, 13, 2, 0, 0, '2024-08-09 14:31:48', '2024-08-09 14:31:48'),
(1786, 5, 14, 2, 0, 0, '2024-08-09 14:31:48', '2024-08-09 14:31:48'),
(1787, 5, 15, 2, 0, 0, '2024-08-09 14:31:48', '2024-08-09 14:31:48'),
(1788, 5, 13, 3, 0, 0, '2024-08-09 14:31:48', '2024-08-09 14:31:48'),
(1789, 5, 14, 3, 0, 0, '2024-08-09 14:31:48', '2024-08-09 14:31:48'),
(1790, 5, 15, 3, 0, 0, '2024-08-09 14:31:48', '2024-08-09 14:31:48'),
(1791, 5, 13, 4, 0, 0, '2024-08-09 14:31:48', '2024-08-09 14:31:48'),
(1792, 5, 14, 4, 0, 0, '2024-08-09 14:31:48', '2024-08-09 14:31:48');
INSERT INTO `ratings` (`id`, `judge_id`, `criteria_id`, `team_id`, `value`, `is_locked`, `created_at`, `updated_at`) VALUES
(1793, 5, 15, 4, 0, 0, '2024-08-09 14:31:48', '2024-08-09 14:31:48'),
(1794, 5, 13, 5, 0, 0, '2024-08-09 14:31:48', '2024-08-09 14:31:48'),
(1795, 5, 14, 5, 0, 0, '2024-08-09 14:31:48', '2024-08-09 14:31:48'),
(1796, 5, 15, 5, 0, 0, '2024-08-09 14:31:48', '2024-08-09 14:31:48'),
(1797, 5, 13, 6, 0, 0, '2024-08-09 14:31:48', '2024-08-09 14:31:48'),
(1798, 5, 14, 6, 0, 0, '2024-08-09 14:31:48', '2024-08-09 14:31:48'),
(1799, 5, 15, 6, 0, 0, '2024-08-09 14:31:48', '2024-08-09 14:31:48'),
(1800, 5, 13, 7, 0, 0, '2024-08-09 14:31:48', '2024-08-09 14:31:48'),
(1801, 5, 14, 7, 0, 0, '2024-08-09 14:31:48', '2024-08-09 14:31:48'),
(1802, 5, 15, 7, 0, 0, '2024-08-09 14:31:48', '2024-08-09 14:31:48'),
(1803, 5, 13, 8, 0, 0, '2024-08-09 14:31:48', '2024-08-09 14:31:48'),
(1804, 5, 14, 8, 0, 0, '2024-08-09 14:31:48', '2024-08-09 14:31:48'),
(1805, 5, 15, 8, 0, 0, '2024-08-09 14:31:49', '2024-08-09 14:31:49'),
(1806, 5, 13, 9, 0, 0, '2024-08-09 14:31:49', '2024-08-09 14:31:49'),
(1807, 5, 14, 9, 0, 0, '2024-08-09 14:31:49', '2024-08-09 14:31:49'),
(1808, 5, 15, 9, 0, 0, '2024-08-09 14:31:49', '2024-08-09 14:31:49'),
(1809, 5, 13, 10, 0, 0, '2024-08-09 14:31:49', '2024-08-09 14:31:49'),
(1810, 5, 14, 10, 0, 0, '2024-08-09 14:31:49', '2024-08-09 14:31:49'),
(1811, 5, 15, 10, 0, 0, '2024-08-09 14:31:49', '2024-08-09 14:31:49'),
(1812, 5, 13, 11, 0, 0, '2024-08-09 14:31:49', '2024-08-09 14:31:49'),
(1813, 5, 14, 11, 0, 0, '2024-08-09 14:31:49', '2024-08-09 14:31:49'),
(1814, 5, 15, 11, 0, 0, '2024-08-09 14:31:49', '2024-08-09 14:31:49'),
(1815, 5, 13, 12, 0, 0, '2024-08-09 14:31:49', '2024-08-09 14:31:49'),
(1816, 5, 14, 12, 0, 0, '2024-08-09 14:31:49', '2024-08-09 14:31:49'),
(1817, 5, 15, 12, 0, 0, '2024-08-09 14:31:49', '2024-08-09 14:31:49'),
(1818, 5, 13, 13, 0, 0, '2024-08-09 14:31:49', '2024-08-09 14:31:49'),
(1819, 5, 14, 13, 0, 0, '2024-08-09 14:31:49', '2024-08-09 14:31:49'),
(1820, 5, 15, 13, 0, 0, '2024-08-09 14:31:49', '2024-08-09 14:31:49'),
(1821, 5, 13, 14, 0, 0, '2024-08-09 14:31:49', '2024-08-09 14:31:49'),
(1822, 5, 14, 14, 0, 0, '2024-08-09 14:31:49', '2024-08-09 14:31:49'),
(1823, 5, 15, 14, 0, 0, '2024-08-09 14:31:49', '2024-08-09 14:31:49'),
(1824, 5, 13, 15, 0, 0, '2024-08-09 14:31:49', '2024-08-09 14:31:49'),
(1825, 5, 14, 15, 0, 0, '2024-08-09 14:31:49', '2024-08-09 14:31:49'),
(1826, 5, 15, 15, 0, 0, '2024-08-09 14:31:49', '2024-08-09 14:31:49'),
(1827, 6, 13, 1, 0, 0, '2024-08-09 14:31:49', '2024-08-09 14:31:49'),
(1828, 6, 14, 1, 0, 0, '2024-08-09 14:31:49', '2024-08-09 14:31:49'),
(1829, 6, 15, 1, 0, 0, '2024-08-09 14:31:49', '2024-08-09 14:31:49'),
(1830, 6, 13, 2, 0, 0, '2024-08-09 14:31:49', '2024-08-09 14:31:49'),
(1831, 6, 14, 2, 0, 0, '2024-08-09 14:31:49', '2024-08-09 14:31:49'),
(1832, 6, 15, 2, 0, 0, '2024-08-09 14:31:49', '2024-08-09 14:31:49'),
(1833, 6, 13, 3, 0, 0, '2024-08-09 14:31:49', '2024-08-09 14:31:49'),
(1834, 6, 14, 3, 0, 0, '2024-08-09 14:31:49', '2024-08-09 14:31:49'),
(1835, 6, 15, 3, 0, 0, '2024-08-09 14:31:49', '2024-08-09 14:31:49'),
(1836, 6, 13, 4, 0, 0, '2024-08-09 14:31:49', '2024-08-09 14:31:49'),
(1837, 6, 14, 4, 0, 0, '2024-08-09 14:31:49', '2024-08-09 14:31:49'),
(1838, 6, 15, 4, 0, 0, '2024-08-09 14:31:49', '2024-08-09 14:31:49'),
(1839, 6, 13, 5, 0, 0, '2024-08-09 14:31:49', '2024-08-09 14:31:49'),
(1840, 6, 14, 5, 0, 0, '2024-08-09 14:31:49', '2024-08-09 14:31:49'),
(1841, 6, 15, 5, 0, 0, '2024-08-09 14:31:49', '2024-08-09 14:31:49'),
(1842, 6, 13, 6, 0, 0, '2024-08-09 14:31:49', '2024-08-09 14:31:49'),
(1843, 6, 14, 6, 0, 0, '2024-08-09 14:31:49', '2024-08-09 14:31:49'),
(1844, 6, 15, 6, 0, 0, '2024-08-09 14:31:49', '2024-08-09 14:31:49'),
(1845, 6, 13, 7, 0, 0, '2024-08-09 14:31:49', '2024-08-09 14:31:49'),
(1846, 6, 14, 7, 0, 0, '2024-08-09 14:31:49', '2024-08-09 14:31:49'),
(1847, 6, 15, 7, 0, 0, '2024-08-09 14:31:49', '2024-08-09 14:31:49'),
(1848, 6, 13, 8, 0, 0, '2024-08-09 14:31:49', '2024-08-09 14:31:49'),
(1849, 6, 14, 8, 0, 0, '2024-08-09 14:31:49', '2024-08-09 14:31:49'),
(1850, 6, 15, 8, 0, 0, '2024-08-09 14:31:49', '2024-08-09 14:31:49'),
(1851, 6, 13, 9, 0, 0, '2024-08-09 14:31:49', '2024-08-09 14:31:49'),
(1852, 6, 14, 9, 0, 0, '2024-08-09 14:31:49', '2024-08-09 14:31:49'),
(1853, 6, 15, 9, 0, 0, '2024-08-09 14:31:49', '2024-08-09 14:31:49'),
(1854, 6, 13, 10, 0, 0, '2024-08-09 14:31:49', '2024-08-09 14:31:49'),
(1855, 6, 14, 10, 0, 0, '2024-08-09 14:31:49', '2024-08-09 14:31:49'),
(1856, 6, 15, 10, 0, 0, '2024-08-09 14:31:49', '2024-08-09 14:31:49'),
(1857, 6, 13, 11, 0, 0, '2024-08-09 14:31:49', '2024-08-09 14:31:49'),
(1858, 6, 14, 11, 0, 0, '2024-08-09 14:31:49', '2024-08-09 14:31:49'),
(1859, 6, 15, 11, 0, 0, '2024-08-09 14:31:49', '2024-08-09 14:31:49'),
(1860, 6, 13, 12, 0, 0, '2024-08-09 14:31:49', '2024-08-09 14:31:49'),
(1861, 6, 14, 12, 0, 0, '2024-08-09 14:31:49', '2024-08-09 14:31:49'),
(1862, 6, 15, 12, 0, 0, '2024-08-09 14:31:49', '2024-08-09 14:31:49'),
(1863, 6, 13, 13, 0, 0, '2024-08-09 14:31:49', '2024-08-09 14:31:49'),
(1864, 6, 14, 13, 0, 0, '2024-08-09 14:31:49', '2024-08-09 14:31:49'),
(1865, 6, 15, 13, 0, 0, '2024-08-09 14:31:49', '2024-08-09 14:31:49'),
(1866, 6, 13, 14, 0, 0, '2024-08-09 14:31:49', '2024-08-09 14:31:49'),
(1867, 6, 14, 14, 0, 0, '2024-08-09 14:31:49', '2024-08-09 14:31:49'),
(1868, 6, 15, 14, 0, 0, '2024-08-09 14:31:49', '2024-08-09 14:31:49'),
(1869, 6, 13, 15, 0, 0, '2024-08-09 14:31:49', '2024-08-09 14:31:49'),
(1870, 6, 14, 15, 0, 0, '2024-08-09 14:31:49', '2024-08-09 14:31:49'),
(1871, 6, 15, 15, 0, 0, '2024-08-09 14:31:49', '2024-08-09 14:31:49'),
(1872, 7, 13, 1, 0, 0, '2024-08-09 14:31:49', '2024-08-09 14:31:49'),
(1873, 7, 14, 1, 0, 0, '2024-08-09 14:31:49', '2024-08-09 14:31:49'),
(1874, 7, 15, 1, 0, 0, '2024-08-09 14:31:49', '2024-08-09 14:31:49'),
(1875, 7, 13, 2, 0, 0, '2024-08-09 14:31:49', '2024-08-09 14:31:49'),
(1876, 7, 14, 2, 0, 0, '2024-08-09 14:31:49', '2024-08-09 14:31:49'),
(1877, 7, 15, 2, 0, 0, '2024-08-09 14:31:49', '2024-08-09 14:31:49'),
(1878, 7, 13, 3, 0, 0, '2024-08-09 14:31:49', '2024-08-09 14:31:49'),
(1879, 7, 14, 3, 0, 0, '2024-08-09 14:31:49', '2024-08-09 14:31:49'),
(1880, 7, 15, 3, 0, 0, '2024-08-09 14:31:49', '2024-08-09 14:31:49'),
(1881, 7, 13, 4, 0, 0, '2024-08-09 14:31:50', '2024-08-09 14:31:50'),
(1882, 7, 14, 4, 0, 0, '2024-08-09 14:31:50', '2024-08-09 14:31:50'),
(1883, 7, 15, 4, 0, 0, '2024-08-09 14:31:50', '2024-08-09 14:31:50'),
(1884, 7, 13, 5, 0, 0, '2024-08-09 14:31:50', '2024-08-09 14:31:50'),
(1885, 7, 14, 5, 0, 0, '2024-08-09 14:31:50', '2024-08-09 14:31:50'),
(1886, 7, 15, 5, 0, 0, '2024-08-09 14:31:50', '2024-08-09 14:31:50'),
(1887, 7, 13, 6, 0, 0, '2024-08-09 14:31:50', '2024-08-09 14:31:50'),
(1888, 7, 14, 6, 0, 0, '2024-08-09 14:31:50', '2024-08-09 14:31:50'),
(1889, 7, 15, 6, 0, 0, '2024-08-09 14:31:50', '2024-08-09 14:31:50'),
(1890, 7, 13, 7, 0, 0, '2024-08-09 14:31:50', '2024-08-09 14:31:50'),
(1891, 7, 14, 7, 0, 0, '2024-08-09 14:31:50', '2024-08-09 14:31:50'),
(1892, 7, 15, 7, 0, 0, '2024-08-09 14:31:50', '2024-08-09 14:31:50'),
(1893, 7, 13, 8, 0, 0, '2024-08-09 14:31:50', '2024-08-09 14:31:50'),
(1894, 7, 14, 8, 0, 0, '2024-08-09 14:31:50', '2024-08-09 14:31:50'),
(1895, 7, 15, 8, 0, 0, '2024-08-09 14:31:50', '2024-08-09 14:31:50'),
(1896, 7, 13, 9, 0, 0, '2024-08-09 14:31:50', '2024-08-09 14:31:50'),
(1897, 7, 14, 9, 0, 0, '2024-08-09 14:31:50', '2024-08-09 14:31:50'),
(1898, 7, 15, 9, 0, 0, '2024-08-09 14:31:50', '2024-08-09 14:31:50'),
(1899, 7, 13, 10, 0, 0, '2024-08-09 14:31:50', '2024-08-09 14:31:50'),
(1900, 7, 14, 10, 0, 0, '2024-08-09 14:31:50', '2024-08-09 14:31:50'),
(1901, 7, 15, 10, 0, 0, '2024-08-09 14:31:50', '2024-08-09 14:31:50'),
(1902, 7, 13, 11, 0, 0, '2024-08-09 14:31:50', '2024-08-09 14:31:50'),
(1903, 7, 14, 11, 0, 0, '2024-08-09 14:31:50', '2024-08-09 14:31:50'),
(1904, 7, 15, 11, 0, 0, '2024-08-09 14:31:50', '2024-08-09 14:31:50'),
(1905, 7, 13, 12, 0, 0, '2024-08-09 14:31:50', '2024-08-09 14:31:50'),
(1906, 7, 14, 12, 0, 0, '2024-08-09 14:31:50', '2024-08-09 14:31:50'),
(1907, 7, 15, 12, 0, 0, '2024-08-09 14:31:50', '2024-08-09 14:31:50'),
(1908, 7, 13, 13, 0, 0, '2024-08-09 14:31:50', '2024-08-09 14:31:50'),
(1909, 7, 14, 13, 0, 0, '2024-08-09 14:31:50', '2024-08-09 14:31:50'),
(1910, 7, 15, 13, 0, 0, '2024-08-09 14:31:50', '2024-08-09 14:31:50'),
(1911, 7, 13, 14, 0, 0, '2024-08-09 14:31:50', '2024-08-09 14:31:50'),
(1912, 7, 14, 14, 0, 0, '2024-08-09 14:31:50', '2024-08-09 14:31:50'),
(1913, 7, 15, 14, 0, 0, '2024-08-09 14:31:50', '2024-08-09 14:31:50'),
(1914, 7, 13, 15, 0, 0, '2024-08-09 14:31:50', '2024-08-09 14:31:50'),
(1915, 7, 14, 15, 0, 0, '2024-08-09 14:31:50', '2024-08-09 14:31:50'),
(1916, 7, 15, 15, 0, 0, '2024-08-09 14:31:50', '2024-08-09 14:31:50'),
(1917, 1, 16, 1, 0, 0, '2024-08-09 14:32:02', '2024-08-09 14:32:02'),
(1918, 1, 17, 1, 0, 0, '2024-08-09 14:32:02', '2024-08-09 14:32:02'),
(1919, 1, 18, 1, 0, 0, '2024-08-09 14:32:02', '2024-08-09 14:32:02'),
(1920, 1, 19, 1, 0, 0, '2024-08-09 14:32:02', '2024-08-09 14:32:02'),
(1921, 1, 16, 2, 0, 0, '2024-08-09 14:32:02', '2024-08-09 14:32:02'),
(1922, 1, 17, 2, 0, 0, '2024-08-09 14:32:02', '2024-08-09 14:32:02'),
(1923, 1, 18, 2, 0, 0, '2024-08-09 14:32:02', '2024-08-09 14:32:02'),
(1924, 1, 19, 2, 0, 0, '2024-08-09 14:32:02', '2024-08-09 14:32:02'),
(1925, 1, 16, 3, 0, 0, '2024-08-09 14:32:02', '2024-08-09 14:32:02'),
(1926, 1, 17, 3, 0, 0, '2024-08-09 14:32:02', '2024-08-09 14:32:02'),
(1927, 1, 18, 3, 0, 0, '2024-08-09 14:32:02', '2024-08-09 14:32:02'),
(1928, 1, 19, 3, 0, 0, '2024-08-09 14:32:02', '2024-08-09 14:32:02'),
(1929, 1, 16, 4, 0, 0, '2024-08-09 14:32:02', '2024-08-09 14:32:02'),
(1930, 1, 17, 4, 0, 0, '2024-08-09 14:32:02', '2024-08-09 14:32:02'),
(1931, 1, 18, 4, 0, 0, '2024-08-09 14:32:02', '2024-08-09 14:32:02'),
(1932, 1, 19, 4, 0, 0, '2024-08-09 14:32:02', '2024-08-09 14:32:02'),
(1933, 1, 16, 5, 0, 0, '2024-08-09 14:32:02', '2024-08-09 14:32:02'),
(1934, 1, 17, 5, 0, 0, '2024-08-09 14:32:02', '2024-08-09 14:32:02'),
(1935, 1, 18, 5, 0, 0, '2024-08-09 14:32:02', '2024-08-09 14:32:02'),
(1936, 1, 19, 5, 0, 0, '2024-08-09 14:32:02', '2024-08-09 14:32:02'),
(1937, 1, 16, 6, 0, 0, '2024-08-09 14:32:02', '2024-08-09 14:32:02'),
(1938, 1, 17, 6, 0, 0, '2024-08-09 14:32:02', '2024-08-09 14:32:02'),
(1939, 1, 18, 6, 0, 0, '2024-08-09 14:32:02', '2024-08-09 14:32:02'),
(1940, 1, 19, 6, 0, 0, '2024-08-09 14:32:02', '2024-08-09 14:32:02'),
(1941, 1, 16, 7, 0, 0, '2024-08-09 14:32:02', '2024-08-09 14:32:02'),
(1942, 1, 17, 7, 0, 0, '2024-08-09 14:32:02', '2024-08-09 14:32:02'),
(1943, 1, 18, 7, 0, 0, '2024-08-09 14:32:02', '2024-08-09 14:32:02'),
(1944, 1, 19, 7, 0, 0, '2024-08-09 14:32:02', '2024-08-09 14:32:02'),
(1945, 1, 16, 8, 0, 0, '2024-08-09 14:32:02', '2024-08-09 14:32:02'),
(1946, 1, 17, 8, 0, 0, '2024-08-09 14:32:02', '2024-08-09 14:32:02'),
(1947, 1, 18, 8, 0, 0, '2024-08-09 14:32:02', '2024-08-09 14:32:02'),
(1948, 1, 19, 8, 0, 0, '2024-08-09 14:32:02', '2024-08-09 14:32:02'),
(1949, 1, 16, 9, 0, 0, '2024-08-09 14:32:02', '2024-08-09 14:32:02'),
(1950, 1, 17, 9, 0, 0, '2024-08-09 14:32:02', '2024-08-09 14:32:02'),
(1951, 1, 18, 9, 0, 0, '2024-08-09 14:32:02', '2024-08-09 14:32:02'),
(1952, 1, 19, 9, 0, 0, '2024-08-09 14:32:02', '2024-08-09 14:32:02'),
(1953, 1, 16, 10, 0, 0, '2024-08-09 14:32:02', '2024-08-09 14:32:02'),
(1954, 1, 17, 10, 0, 0, '2024-08-09 14:32:02', '2024-08-09 14:32:02'),
(1955, 1, 18, 10, 0, 0, '2024-08-09 14:32:02', '2024-08-09 14:32:02'),
(1956, 1, 19, 10, 0, 0, '2024-08-09 14:32:02', '2024-08-09 14:32:02'),
(1957, 1, 16, 11, 0, 0, '2024-08-09 14:32:02', '2024-08-09 14:32:02'),
(1958, 1, 17, 11, 0, 0, '2024-08-09 14:32:02', '2024-08-09 14:32:02'),
(1959, 1, 18, 11, 0, 0, '2024-08-09 14:32:02', '2024-08-09 14:32:02'),
(1960, 1, 19, 11, 0, 0, '2024-08-09 14:32:02', '2024-08-09 14:32:02'),
(1961, 1, 16, 12, 0, 0, '2024-08-09 14:32:02', '2024-08-09 14:32:02'),
(1962, 1, 17, 12, 0, 0, '2024-08-09 14:32:02', '2024-08-09 14:32:02'),
(1963, 1, 18, 12, 0, 0, '2024-08-09 14:32:03', '2024-08-09 14:32:03'),
(1964, 1, 19, 12, 0, 0, '2024-08-09 14:32:03', '2024-08-09 14:32:03'),
(1965, 1, 16, 13, 0, 0, '2024-08-09 14:32:03', '2024-08-09 14:32:03'),
(1966, 1, 17, 13, 0, 0, '2024-08-09 14:32:03', '2024-08-09 14:32:03'),
(1967, 1, 18, 13, 0, 0, '2024-08-09 14:32:03', '2024-08-09 14:32:03'),
(1968, 1, 19, 13, 0, 0, '2024-08-09 14:32:03', '2024-08-09 14:32:03'),
(1969, 1, 16, 14, 0, 0, '2024-08-09 14:32:03', '2024-08-09 14:32:03'),
(1970, 1, 17, 14, 0, 0, '2024-08-09 14:32:03', '2024-08-09 14:32:03'),
(1971, 1, 18, 14, 0, 0, '2024-08-09 14:32:03', '2024-08-09 14:32:03'),
(1972, 1, 19, 14, 0, 0, '2024-08-09 14:32:03', '2024-08-09 14:32:03'),
(1973, 1, 16, 15, 0, 0, '2024-08-09 14:32:03', '2024-08-09 14:32:03'),
(1974, 1, 17, 15, 0, 0, '2024-08-09 14:32:03', '2024-08-09 14:32:03'),
(1975, 1, 18, 15, 0, 0, '2024-08-09 14:32:03', '2024-08-09 14:32:03'),
(1976, 1, 19, 15, 0, 0, '2024-08-09 14:32:03', '2024-08-09 14:32:03'),
(1977, 2, 16, 1, 0, 0, '2024-08-09 14:32:03', '2024-08-09 14:32:03'),
(1978, 2, 17, 1, 0, 0, '2024-08-09 14:32:03', '2024-08-09 14:32:03'),
(1979, 2, 18, 1, 0, 0, '2024-08-09 14:32:03', '2024-08-09 14:32:03'),
(1980, 2, 19, 1, 0, 0, '2024-08-09 14:32:03', '2024-08-09 14:32:03'),
(1981, 2, 16, 2, 0, 0, '2024-08-09 14:32:03', '2024-08-09 14:32:03'),
(1982, 2, 17, 2, 0, 0, '2024-08-09 14:32:03', '2024-08-09 14:32:03'),
(1983, 2, 18, 2, 0, 0, '2024-08-09 14:32:03', '2024-08-09 14:32:03'),
(1984, 2, 19, 2, 0, 0, '2024-08-09 14:32:03', '2024-08-09 14:32:03'),
(1985, 2, 16, 3, 0, 0, '2024-08-09 14:32:03', '2024-08-09 14:32:03'),
(1986, 2, 17, 3, 0, 0, '2024-08-09 14:32:03', '2024-08-09 14:32:03'),
(1987, 2, 18, 3, 0, 0, '2024-08-09 14:32:03', '2024-08-09 14:32:03'),
(1988, 2, 19, 3, 0, 0, '2024-08-09 14:32:03', '2024-08-09 14:32:03'),
(1989, 2, 16, 4, 0, 0, '2024-08-09 14:32:03', '2024-08-09 14:32:03'),
(1990, 2, 17, 4, 0, 0, '2024-08-09 14:32:03', '2024-08-09 14:32:03'),
(1991, 2, 18, 4, 0, 0, '2024-08-09 14:32:03', '2024-08-09 14:32:03'),
(1992, 2, 19, 4, 0, 0, '2024-08-09 14:32:03', '2024-08-09 14:32:03'),
(1993, 2, 16, 5, 0, 0, '2024-08-09 14:32:03', '2024-08-09 14:32:03'),
(1994, 2, 17, 5, 0, 0, '2024-08-09 14:32:03', '2024-08-09 14:32:03'),
(1995, 2, 18, 5, 0, 0, '2024-08-09 14:32:03', '2024-08-09 14:32:03'),
(1996, 2, 19, 5, 0, 0, '2024-08-09 14:32:03', '2024-08-09 14:32:03'),
(1997, 2, 16, 6, 0, 0, '2024-08-09 14:32:03', '2024-08-09 14:32:03'),
(1998, 2, 17, 6, 0, 0, '2024-08-09 14:32:03', '2024-08-09 14:32:03'),
(1999, 2, 18, 6, 0, 0, '2024-08-09 14:32:03', '2024-08-09 14:32:03'),
(2000, 2, 19, 6, 0, 0, '2024-08-09 14:32:03', '2024-08-09 14:32:03'),
(2001, 2, 16, 7, 0, 0, '2024-08-09 14:32:03', '2024-08-09 14:32:03'),
(2002, 2, 17, 7, 0, 0, '2024-08-09 14:32:03', '2024-08-09 14:32:03'),
(2003, 2, 18, 7, 0, 0, '2024-08-09 14:32:03', '2024-08-09 14:32:03'),
(2004, 2, 19, 7, 0, 0, '2024-08-09 14:32:03', '2024-08-09 14:32:03'),
(2005, 2, 16, 8, 0, 0, '2024-08-09 14:32:03', '2024-08-09 14:32:03'),
(2006, 2, 17, 8, 0, 0, '2024-08-09 14:32:03', '2024-08-09 14:32:03'),
(2007, 2, 18, 8, 0, 0, '2024-08-09 14:32:03', '2024-08-09 14:32:03'),
(2008, 2, 19, 8, 0, 0, '2024-08-09 14:32:03', '2024-08-09 14:32:03'),
(2009, 2, 16, 9, 0, 0, '2024-08-09 14:32:03', '2024-08-09 14:32:03'),
(2010, 2, 17, 9, 0, 0, '2024-08-09 14:32:03', '2024-08-09 14:32:03'),
(2011, 2, 18, 9, 0, 0, '2024-08-09 14:32:03', '2024-08-09 14:32:03'),
(2012, 2, 19, 9, 0, 0, '2024-08-09 14:32:03', '2024-08-09 14:32:03'),
(2013, 2, 16, 10, 0, 0, '2024-08-09 14:32:03', '2024-08-09 14:32:03'),
(2014, 2, 17, 10, 0, 0, '2024-08-09 14:32:03', '2024-08-09 14:32:03'),
(2015, 2, 18, 10, 0, 0, '2024-08-09 14:32:03', '2024-08-09 14:32:03'),
(2016, 2, 19, 10, 0, 0, '2024-08-09 14:32:03', '2024-08-09 14:32:03'),
(2017, 2, 16, 11, 0, 0, '2024-08-09 14:32:03', '2024-08-09 14:32:03'),
(2018, 2, 17, 11, 0, 0, '2024-08-09 14:32:03', '2024-08-09 14:32:03'),
(2019, 2, 18, 11, 0, 0, '2024-08-09 14:32:03', '2024-08-09 14:32:03'),
(2020, 2, 19, 11, 0, 0, '2024-08-09 14:32:03', '2024-08-09 14:32:03'),
(2021, 2, 16, 12, 0, 0, '2024-08-09 14:32:03', '2024-08-09 14:32:03'),
(2022, 2, 17, 12, 0, 0, '2024-08-09 14:32:03', '2024-08-09 14:32:03'),
(2023, 2, 18, 12, 0, 0, '2024-08-09 14:32:03', '2024-08-09 14:32:03'),
(2024, 2, 19, 12, 0, 0, '2024-08-09 14:32:03', '2024-08-09 14:32:03'),
(2025, 2, 16, 13, 0, 0, '2024-08-09 14:32:03', '2024-08-09 14:32:03'),
(2026, 2, 17, 13, 0, 0, '2024-08-09 14:32:03', '2024-08-09 14:32:03'),
(2027, 2, 18, 13, 0, 0, '2024-08-09 14:32:03', '2024-08-09 14:32:03'),
(2028, 2, 19, 13, 0, 0, '2024-08-09 14:32:03', '2024-08-09 14:32:03'),
(2029, 2, 16, 14, 0, 0, '2024-08-09 14:32:03', '2024-08-09 14:32:03'),
(2030, 2, 17, 14, 0, 0, '2024-08-09 14:32:03', '2024-08-09 14:32:03'),
(2031, 2, 18, 14, 0, 0, '2024-08-09 14:32:03', '2024-08-09 14:32:03'),
(2032, 2, 19, 14, 0, 0, '2024-08-09 14:32:03', '2024-08-09 14:32:03'),
(2033, 2, 16, 15, 0, 0, '2024-08-09 14:32:03', '2024-08-09 14:32:03'),
(2034, 2, 17, 15, 0, 0, '2024-08-09 14:32:03', '2024-08-09 14:32:03'),
(2035, 2, 18, 15, 0, 0, '2024-08-09 14:32:03', '2024-08-09 14:32:03'),
(2036, 2, 19, 15, 0, 0, '2024-08-09 14:32:03', '2024-08-09 14:32:03'),
(2037, 3, 16, 1, 0, 0, '2024-08-09 14:32:03', '2024-08-09 14:32:03'),
(2038, 3, 17, 1, 0, 0, '2024-08-09 14:32:03', '2024-08-09 14:32:03'),
(2039, 3, 18, 1, 0, 0, '2024-08-09 14:32:03', '2024-08-09 14:32:03'),
(2040, 3, 19, 1, 0, 0, '2024-08-09 14:32:03', '2024-08-09 14:32:03'),
(2041, 3, 16, 2, 0, 0, '2024-08-09 14:32:04', '2024-08-09 14:32:04'),
(2042, 3, 17, 2, 0, 0, '2024-08-09 14:32:04', '2024-08-09 14:32:04'),
(2043, 3, 18, 2, 0, 0, '2024-08-09 14:32:04', '2024-08-09 14:32:04'),
(2044, 3, 19, 2, 0, 0, '2024-08-09 14:32:04', '2024-08-09 14:32:04'),
(2045, 3, 16, 3, 0, 0, '2024-08-09 14:32:04', '2024-08-09 14:32:04'),
(2046, 3, 17, 3, 0, 0, '2024-08-09 14:32:04', '2024-08-09 14:32:04'),
(2047, 3, 18, 3, 0, 0, '2024-08-09 14:32:04', '2024-08-09 14:32:04'),
(2048, 3, 19, 3, 0, 0, '2024-08-09 14:32:04', '2024-08-09 14:32:04'),
(2049, 3, 16, 4, 0, 0, '2024-08-09 14:32:04', '2024-08-09 14:32:04'),
(2050, 3, 17, 4, 0, 0, '2024-08-09 14:32:04', '2024-08-09 14:32:04'),
(2051, 3, 18, 4, 0, 0, '2024-08-09 14:32:04', '2024-08-09 14:32:04'),
(2052, 3, 19, 4, 0, 0, '2024-08-09 14:32:04', '2024-08-09 14:32:04'),
(2053, 3, 16, 5, 0, 0, '2024-08-09 14:32:04', '2024-08-09 14:32:04'),
(2054, 3, 17, 5, 0, 0, '2024-08-09 14:32:04', '2024-08-09 14:32:04'),
(2055, 3, 18, 5, 0, 0, '2024-08-09 14:32:04', '2024-08-09 14:32:04'),
(2056, 3, 19, 5, 0, 0, '2024-08-09 14:32:04', '2024-08-09 14:32:04'),
(2057, 3, 16, 6, 0, 0, '2024-08-09 14:32:04', '2024-08-09 14:32:04'),
(2058, 3, 17, 6, 0, 0, '2024-08-09 14:32:04', '2024-08-09 14:32:04'),
(2059, 3, 18, 6, 0, 0, '2024-08-09 14:32:04', '2024-08-09 14:32:04'),
(2060, 3, 19, 6, 0, 0, '2024-08-09 14:32:04', '2024-08-09 14:32:04'),
(2061, 3, 16, 7, 0, 0, '2024-08-09 14:32:04', '2024-08-09 14:32:04'),
(2062, 3, 17, 7, 0, 0, '2024-08-09 14:32:04', '2024-08-09 14:32:04'),
(2063, 3, 18, 7, 0, 0, '2024-08-09 14:32:04', '2024-08-09 14:32:04'),
(2064, 3, 19, 7, 0, 0, '2024-08-09 14:32:04', '2024-08-09 14:32:04'),
(2065, 3, 16, 8, 0, 0, '2024-08-09 14:32:04', '2024-08-09 14:32:04'),
(2066, 3, 17, 8, 0, 0, '2024-08-09 14:32:04', '2024-08-09 14:32:04'),
(2067, 3, 18, 8, 0, 0, '2024-08-09 14:32:04', '2024-08-09 14:32:04'),
(2068, 3, 19, 8, 0, 0, '2024-08-09 14:32:04', '2024-08-09 14:32:04'),
(2069, 3, 16, 9, 0, 0, '2024-08-09 14:32:04', '2024-08-09 14:32:04'),
(2070, 3, 17, 9, 0, 0, '2024-08-09 14:32:04', '2024-08-09 14:32:04'),
(2071, 3, 18, 9, 0, 0, '2024-08-09 14:32:04', '2024-08-09 14:32:04'),
(2072, 3, 19, 9, 0, 0, '2024-08-09 14:32:04', '2024-08-09 14:32:04'),
(2073, 3, 16, 10, 0, 0, '2024-08-09 14:32:04', '2024-08-09 14:32:04'),
(2074, 3, 17, 10, 0, 0, '2024-08-09 14:32:04', '2024-08-09 14:32:04'),
(2075, 3, 18, 10, 0, 0, '2024-08-09 14:32:04', '2024-08-09 14:32:04'),
(2076, 3, 19, 10, 0, 0, '2024-08-09 14:32:04', '2024-08-09 14:32:04'),
(2077, 3, 16, 11, 0, 0, '2024-08-09 14:32:04', '2024-08-09 14:32:04'),
(2078, 3, 17, 11, 0, 0, '2024-08-09 14:32:04', '2024-08-09 14:32:04'),
(2079, 3, 18, 11, 0, 0, '2024-08-09 14:32:04', '2024-08-09 14:32:04'),
(2080, 3, 19, 11, 0, 0, '2024-08-09 14:32:04', '2024-08-09 14:32:04'),
(2081, 3, 16, 12, 0, 0, '2024-08-09 14:32:04', '2024-08-09 14:32:04'),
(2082, 3, 17, 12, 0, 0, '2024-08-09 14:32:04', '2024-08-09 14:32:04'),
(2083, 3, 18, 12, 0, 0, '2024-08-09 14:32:04', '2024-08-09 14:32:04'),
(2084, 3, 19, 12, 0, 0, '2024-08-09 14:32:04', '2024-08-09 14:32:04'),
(2085, 3, 16, 13, 0, 0, '2024-08-09 14:32:04', '2024-08-09 14:32:04'),
(2086, 3, 17, 13, 0, 0, '2024-08-09 14:32:04', '2024-08-09 14:32:04'),
(2087, 3, 18, 13, 0, 0, '2024-08-09 14:32:04', '2024-08-09 14:32:04'),
(2088, 3, 19, 13, 0, 0, '2024-08-09 14:32:04', '2024-08-09 14:32:04'),
(2089, 3, 16, 14, 0, 0, '2024-08-09 14:32:04', '2024-08-09 14:32:04'),
(2090, 3, 17, 14, 0, 0, '2024-08-09 14:32:04', '2024-08-09 14:32:04'),
(2091, 3, 18, 14, 0, 0, '2024-08-09 14:32:04', '2024-08-09 14:32:04'),
(2092, 3, 19, 14, 0, 0, '2024-08-09 14:32:04', '2024-08-09 14:32:04'),
(2093, 3, 16, 15, 0, 0, '2024-08-09 14:32:04', '2024-08-09 14:32:04'),
(2094, 3, 17, 15, 0, 0, '2024-08-09 14:32:04', '2024-08-09 14:32:04'),
(2095, 3, 18, 15, 0, 0, '2024-08-09 14:32:04', '2024-08-09 14:32:04'),
(2096, 3, 19, 15, 0, 0, '2024-08-09 14:32:04', '2024-08-09 14:32:04'),
(2097, 4, 16, 1, 0, 0, '2024-08-09 14:32:04', '2024-08-09 14:32:04'),
(2098, 4, 17, 1, 0, 0, '2024-08-09 14:32:04', '2024-08-09 14:32:04'),
(2099, 4, 18, 1, 0, 0, '2024-08-09 14:32:04', '2024-08-09 14:32:04'),
(2100, 4, 19, 1, 0, 0, '2024-08-09 14:32:04', '2024-08-09 14:32:04'),
(2101, 4, 16, 2, 0, 0, '2024-08-09 14:32:04', '2024-08-09 14:32:04'),
(2102, 4, 17, 2, 0, 0, '2024-08-09 14:32:04', '2024-08-09 14:32:04'),
(2103, 4, 18, 2, 0, 0, '2024-08-09 14:32:04', '2024-08-09 14:32:04'),
(2104, 4, 19, 2, 0, 0, '2024-08-09 14:32:04', '2024-08-09 14:32:04'),
(2105, 4, 16, 3, 0, 0, '2024-08-09 14:32:04', '2024-08-09 14:32:04'),
(2106, 4, 17, 3, 0, 0, '2024-08-09 14:32:04', '2024-08-09 14:32:04'),
(2107, 4, 18, 3, 0, 0, '2024-08-09 14:32:04', '2024-08-09 14:32:04'),
(2108, 4, 19, 3, 0, 0, '2024-08-09 14:32:04', '2024-08-09 14:32:04'),
(2109, 4, 16, 4, 0, 0, '2024-08-09 14:32:04', '2024-08-09 14:32:04'),
(2110, 4, 17, 4, 0, 0, '2024-08-09 14:32:04', '2024-08-09 14:32:04'),
(2111, 4, 18, 4, 0, 0, '2024-08-09 14:32:04', '2024-08-09 14:32:04'),
(2112, 4, 19, 4, 0, 0, '2024-08-09 14:32:04', '2024-08-09 14:32:04'),
(2113, 4, 16, 5, 0, 0, '2024-08-09 14:32:04', '2024-08-09 14:32:04'),
(2114, 4, 17, 5, 0, 0, '2024-08-09 14:32:04', '2024-08-09 14:32:04'),
(2115, 4, 18, 5, 0, 0, '2024-08-09 14:32:04', '2024-08-09 14:32:04'),
(2116, 4, 19, 5, 0, 0, '2024-08-09 14:32:04', '2024-08-09 14:32:04'),
(2117, 4, 16, 6, 0, 0, '2024-08-09 14:32:05', '2024-08-09 14:32:05'),
(2118, 4, 17, 6, 0, 0, '2024-08-09 14:32:05', '2024-08-09 14:32:05'),
(2119, 4, 18, 6, 0, 0, '2024-08-09 14:32:05', '2024-08-09 14:32:05'),
(2120, 4, 19, 6, 0, 0, '2024-08-09 14:32:05', '2024-08-09 14:32:05'),
(2121, 4, 16, 7, 0, 0, '2024-08-09 14:32:05', '2024-08-09 14:32:05'),
(2122, 4, 17, 7, 0, 0, '2024-08-09 14:32:05', '2024-08-09 14:32:05'),
(2123, 4, 18, 7, 0, 0, '2024-08-09 14:32:05', '2024-08-09 14:32:05'),
(2124, 4, 19, 7, 0, 0, '2024-08-09 14:32:05', '2024-08-09 14:32:05'),
(2125, 4, 16, 8, 0, 0, '2024-08-09 14:32:05', '2024-08-09 14:32:05'),
(2126, 4, 17, 8, 0, 0, '2024-08-09 14:32:05', '2024-08-09 14:32:05'),
(2127, 4, 18, 8, 0, 0, '2024-08-09 14:32:05', '2024-08-09 14:32:05'),
(2128, 4, 19, 8, 0, 0, '2024-08-09 14:32:05', '2024-08-09 14:32:05'),
(2129, 4, 16, 9, 0, 0, '2024-08-09 14:32:05', '2024-08-09 14:32:05'),
(2130, 4, 17, 9, 0, 0, '2024-08-09 14:32:05', '2024-08-09 14:32:05'),
(2131, 4, 18, 9, 0, 0, '2024-08-09 14:32:05', '2024-08-09 14:32:05'),
(2132, 4, 19, 9, 0, 0, '2024-08-09 14:32:05', '2024-08-09 14:32:05'),
(2133, 4, 16, 10, 0, 0, '2024-08-09 14:32:05', '2024-08-09 14:32:05'),
(2134, 4, 17, 10, 0, 0, '2024-08-09 14:32:05', '2024-08-09 14:32:05'),
(2135, 4, 18, 10, 0, 0, '2024-08-09 14:32:05', '2024-08-09 14:32:05'),
(2136, 4, 19, 10, 0, 0, '2024-08-09 14:32:05', '2024-08-09 14:32:05'),
(2137, 4, 16, 11, 0, 0, '2024-08-09 14:32:05', '2024-08-09 14:32:05'),
(2138, 4, 17, 11, 0, 0, '2024-08-09 14:32:05', '2024-08-09 14:32:05'),
(2139, 4, 18, 11, 0, 0, '2024-08-09 14:32:05', '2024-08-09 14:32:05'),
(2140, 4, 19, 11, 0, 0, '2024-08-09 14:32:05', '2024-08-09 14:32:05'),
(2141, 4, 16, 12, 0, 0, '2024-08-09 14:32:05', '2024-08-09 14:32:05'),
(2142, 4, 17, 12, 0, 0, '2024-08-09 14:32:05', '2024-08-09 14:32:05'),
(2143, 4, 18, 12, 0, 0, '2024-08-09 14:32:05', '2024-08-09 14:32:05'),
(2144, 4, 19, 12, 0, 0, '2024-08-09 14:32:05', '2024-08-09 14:32:05'),
(2145, 4, 16, 13, 0, 0, '2024-08-09 14:32:05', '2024-08-09 14:32:05'),
(2146, 4, 17, 13, 0, 0, '2024-08-09 14:32:05', '2024-08-09 14:32:05'),
(2147, 4, 18, 13, 0, 0, '2024-08-09 14:32:05', '2024-08-09 14:32:05'),
(2148, 4, 19, 13, 0, 0, '2024-08-09 14:32:05', '2024-08-09 14:32:05'),
(2149, 4, 16, 14, 0, 0, '2024-08-09 14:32:05', '2024-08-09 14:32:05'),
(2150, 4, 17, 14, 0, 0, '2024-08-09 14:32:05', '2024-08-09 14:32:05'),
(2151, 4, 18, 14, 0, 0, '2024-08-09 14:32:05', '2024-08-09 14:32:05'),
(2152, 4, 19, 14, 0, 0, '2024-08-09 14:32:05', '2024-08-09 14:32:05'),
(2153, 4, 16, 15, 0, 0, '2024-08-09 14:32:05', '2024-08-09 14:32:05'),
(2154, 4, 17, 15, 0, 0, '2024-08-09 14:32:05', '2024-08-09 14:32:05'),
(2155, 4, 18, 15, 0, 0, '2024-08-09 14:32:05', '2024-08-09 14:32:05'),
(2156, 4, 19, 15, 0, 0, '2024-08-09 14:32:05', '2024-08-09 14:32:05'),
(2157, 5, 16, 1, 0, 0, '2024-08-09 14:32:05', '2024-08-09 14:32:05'),
(2158, 5, 17, 1, 0, 0, '2024-08-09 14:32:05', '2024-08-09 14:32:05'),
(2159, 5, 18, 1, 0, 0, '2024-08-09 14:32:05', '2024-08-09 14:32:05'),
(2160, 5, 19, 1, 0, 0, '2024-08-09 14:32:05', '2024-08-09 14:32:05'),
(2161, 5, 16, 2, 0, 0, '2024-08-09 14:32:05', '2024-08-09 14:32:05'),
(2162, 5, 17, 2, 0, 0, '2024-08-09 14:32:05', '2024-08-09 14:32:05'),
(2163, 5, 18, 2, 0, 0, '2024-08-09 14:32:05', '2024-08-09 14:32:05'),
(2164, 5, 19, 2, 0, 0, '2024-08-09 14:32:05', '2024-08-09 14:32:05'),
(2165, 5, 16, 3, 0, 0, '2024-08-09 14:32:05', '2024-08-09 14:32:05'),
(2166, 5, 17, 3, 0, 0, '2024-08-09 14:32:05', '2024-08-09 14:32:05'),
(2167, 5, 18, 3, 0, 0, '2024-08-09 14:32:05', '2024-08-09 14:32:05'),
(2168, 5, 19, 3, 0, 0, '2024-08-09 14:32:05', '2024-08-09 14:32:05'),
(2169, 5, 16, 4, 0, 0, '2024-08-09 14:32:05', '2024-08-09 14:32:05'),
(2170, 5, 17, 4, 0, 0, '2024-08-09 14:32:05', '2024-08-09 14:32:05'),
(2171, 5, 18, 4, 0, 0, '2024-08-09 14:32:05', '2024-08-09 14:32:05'),
(2172, 5, 19, 4, 0, 0, '2024-08-09 14:32:05', '2024-08-09 14:32:05'),
(2173, 5, 16, 5, 0, 0, '2024-08-09 14:32:05', '2024-08-09 14:32:05'),
(2174, 5, 17, 5, 0, 0, '2024-08-09 14:32:05', '2024-08-09 14:32:05'),
(2175, 5, 18, 5, 0, 0, '2024-08-09 14:32:05', '2024-08-09 14:32:05'),
(2176, 5, 19, 5, 0, 0, '2024-08-09 14:32:05', '2024-08-09 14:32:05'),
(2177, 5, 16, 6, 0, 0, '2024-08-09 14:32:05', '2024-08-09 14:32:05'),
(2178, 5, 17, 6, 0, 0, '2024-08-09 14:32:05', '2024-08-09 14:32:05'),
(2179, 5, 18, 6, 0, 0, '2024-08-09 14:32:05', '2024-08-09 14:32:05'),
(2180, 5, 19, 6, 0, 0, '2024-08-09 14:32:05', '2024-08-09 14:32:05'),
(2181, 5, 16, 7, 0, 0, '2024-08-09 14:32:05', '2024-08-09 14:32:05'),
(2182, 5, 17, 7, 0, 0, '2024-08-09 14:32:05', '2024-08-09 14:32:05'),
(2183, 5, 18, 7, 0, 0, '2024-08-09 14:32:05', '2024-08-09 14:32:05'),
(2184, 5, 19, 7, 0, 0, '2024-08-09 14:32:05', '2024-08-09 14:32:05'),
(2185, 5, 16, 8, 0, 0, '2024-08-09 14:32:05', '2024-08-09 14:32:05'),
(2186, 5, 17, 8, 0, 0, '2024-08-09 14:32:05', '2024-08-09 14:32:05'),
(2187, 5, 18, 8, 0, 0, '2024-08-09 14:32:05', '2024-08-09 14:32:05'),
(2188, 5, 19, 8, 0, 0, '2024-08-09 14:32:05', '2024-08-09 14:32:05'),
(2189, 5, 16, 9, 0, 0, '2024-08-09 14:32:05', '2024-08-09 14:32:05'),
(2190, 5, 17, 9, 0, 0, '2024-08-09 14:32:06', '2024-08-09 14:32:06'),
(2191, 5, 18, 9, 0, 0, '2024-08-09 14:32:06', '2024-08-09 14:32:06'),
(2192, 5, 19, 9, 0, 0, '2024-08-09 14:32:06', '2024-08-09 14:32:06'),
(2193, 5, 16, 10, 0, 0, '2024-08-09 14:32:06', '2024-08-09 14:32:06'),
(2194, 5, 17, 10, 0, 0, '2024-08-09 14:32:06', '2024-08-09 14:32:06'),
(2195, 5, 18, 10, 0, 0, '2024-08-09 14:32:06', '2024-08-09 14:32:06'),
(2196, 5, 19, 10, 0, 0, '2024-08-09 14:32:06', '2024-08-09 14:32:06'),
(2197, 5, 16, 11, 0, 0, '2024-08-09 14:32:06', '2024-08-09 14:32:06'),
(2198, 5, 17, 11, 0, 0, '2024-08-09 14:32:06', '2024-08-09 14:32:06'),
(2199, 5, 18, 11, 0, 0, '2024-08-09 14:32:06', '2024-08-09 14:32:06'),
(2200, 5, 19, 11, 0, 0, '2024-08-09 14:32:06', '2024-08-09 14:32:06'),
(2201, 5, 16, 12, 0, 0, '2024-08-09 14:32:06', '2024-08-09 14:32:06'),
(2202, 5, 17, 12, 0, 0, '2024-08-09 14:32:06', '2024-08-09 14:32:06'),
(2203, 5, 18, 12, 0, 0, '2024-08-09 14:32:06', '2024-08-09 14:32:06'),
(2204, 5, 19, 12, 0, 0, '2024-08-09 14:32:06', '2024-08-09 14:32:06'),
(2205, 5, 16, 13, 0, 0, '2024-08-09 14:32:06', '2024-08-09 14:32:06'),
(2206, 5, 17, 13, 0, 0, '2024-08-09 14:32:06', '2024-08-09 14:32:06'),
(2207, 5, 18, 13, 0, 0, '2024-08-09 14:32:06', '2024-08-09 14:32:06'),
(2208, 5, 19, 13, 0, 0, '2024-08-09 14:32:06', '2024-08-09 14:32:06'),
(2209, 5, 16, 14, 0, 0, '2024-08-09 14:32:06', '2024-08-09 14:32:06'),
(2210, 5, 17, 14, 0, 0, '2024-08-09 14:32:06', '2024-08-09 14:32:06'),
(2211, 5, 18, 14, 0, 0, '2024-08-09 14:32:06', '2024-08-09 14:32:06'),
(2212, 5, 19, 14, 0, 0, '2024-08-09 14:32:06', '2024-08-09 14:32:06'),
(2213, 5, 16, 15, 0, 0, '2024-08-09 14:32:06', '2024-08-09 14:32:06'),
(2214, 5, 17, 15, 0, 0, '2024-08-09 14:32:06', '2024-08-09 14:32:06'),
(2215, 5, 18, 15, 0, 0, '2024-08-09 14:32:06', '2024-08-09 14:32:06'),
(2216, 5, 19, 15, 0, 0, '2024-08-09 14:32:06', '2024-08-09 14:32:06'),
(2217, 6, 16, 1, 0, 0, '2024-08-09 14:32:06', '2024-08-09 14:32:06'),
(2218, 6, 17, 1, 0, 0, '2024-08-09 14:32:06', '2024-08-09 14:32:06'),
(2219, 6, 18, 1, 0, 0, '2024-08-09 14:32:06', '2024-08-09 14:32:06'),
(2220, 6, 19, 1, 0, 0, '2024-08-09 14:32:06', '2024-08-09 14:32:06'),
(2221, 6, 16, 2, 0, 0, '2024-08-09 14:32:06', '2024-08-09 14:32:06'),
(2222, 6, 17, 2, 0, 0, '2024-08-09 14:32:06', '2024-08-09 14:32:06'),
(2223, 6, 18, 2, 0, 0, '2024-08-09 14:32:06', '2024-08-09 14:32:06'),
(2224, 6, 19, 2, 0, 0, '2024-08-09 14:32:06', '2024-08-09 14:32:06'),
(2225, 6, 16, 3, 0, 0, '2024-08-09 14:32:06', '2024-08-09 14:32:06'),
(2226, 6, 17, 3, 0, 0, '2024-08-09 14:32:06', '2024-08-09 14:32:06'),
(2227, 6, 18, 3, 0, 0, '2024-08-09 14:32:06', '2024-08-09 14:32:06'),
(2228, 6, 19, 3, 0, 0, '2024-08-09 14:32:06', '2024-08-09 14:32:06'),
(2229, 6, 16, 4, 0, 0, '2024-08-09 14:32:06', '2024-08-09 14:32:06'),
(2230, 6, 17, 4, 0, 0, '2024-08-09 14:32:06', '2024-08-09 14:32:06'),
(2231, 6, 18, 4, 0, 0, '2024-08-09 14:32:06', '2024-08-09 14:32:06'),
(2232, 6, 19, 4, 0, 0, '2024-08-09 14:32:06', '2024-08-09 14:32:06'),
(2233, 6, 16, 5, 0, 0, '2024-08-09 14:32:06', '2024-08-09 14:32:06'),
(2234, 6, 17, 5, 0, 0, '2024-08-09 14:32:06', '2024-08-09 14:32:06'),
(2235, 6, 18, 5, 0, 0, '2024-08-09 14:32:06', '2024-08-09 14:32:06'),
(2236, 6, 19, 5, 0, 0, '2024-08-09 14:32:06', '2024-08-09 14:32:06'),
(2237, 6, 16, 6, 0, 0, '2024-08-09 14:32:06', '2024-08-09 14:32:06'),
(2238, 6, 17, 6, 0, 0, '2024-08-09 14:32:06', '2024-08-09 14:32:06'),
(2239, 6, 18, 6, 0, 0, '2024-08-09 14:32:06', '2024-08-09 14:32:06'),
(2240, 6, 19, 6, 0, 0, '2024-08-09 14:32:06', '2024-08-09 14:32:06'),
(2241, 6, 16, 7, 0, 0, '2024-08-09 14:32:06', '2024-08-09 14:32:06'),
(2242, 6, 17, 7, 0, 0, '2024-08-09 14:32:06', '2024-08-09 14:32:06'),
(2243, 6, 18, 7, 0, 0, '2024-08-09 14:32:06', '2024-08-09 14:32:06'),
(2244, 6, 19, 7, 0, 0, '2024-08-09 14:32:06', '2024-08-09 14:32:06'),
(2245, 6, 16, 8, 0, 0, '2024-08-09 14:32:06', '2024-08-09 14:32:06'),
(2246, 6, 17, 8, 0, 0, '2024-08-09 14:32:06', '2024-08-09 14:32:06'),
(2247, 6, 18, 8, 0, 0, '2024-08-09 14:32:06', '2024-08-09 14:32:06'),
(2248, 6, 19, 8, 0, 0, '2024-08-09 14:32:06', '2024-08-09 14:32:06'),
(2249, 6, 16, 9, 0, 0, '2024-08-09 14:32:06', '2024-08-09 14:32:06'),
(2250, 6, 17, 9, 0, 0, '2024-08-09 14:32:06', '2024-08-09 14:32:06'),
(2251, 6, 18, 9, 0, 0, '2024-08-09 14:32:06', '2024-08-09 14:32:06'),
(2252, 6, 19, 9, 0, 0, '2024-08-09 14:32:06', '2024-08-09 14:32:06'),
(2253, 6, 16, 10, 0, 0, '2024-08-09 14:32:06', '2024-08-09 14:32:06'),
(2254, 6, 17, 10, 0, 0, '2024-08-09 14:32:06', '2024-08-09 14:32:06'),
(2255, 6, 18, 10, 0, 0, '2024-08-09 14:32:06', '2024-08-09 14:32:06'),
(2256, 6, 19, 10, 0, 0, '2024-08-09 14:32:06', '2024-08-09 14:32:06'),
(2257, 6, 16, 11, 0, 0, '2024-08-09 14:32:06', '2024-08-09 14:32:06'),
(2258, 6, 17, 11, 0, 0, '2024-08-09 14:32:06', '2024-08-09 14:32:06'),
(2259, 6, 18, 11, 0, 0, '2024-08-09 14:32:06', '2024-08-09 14:32:06'),
(2260, 6, 19, 11, 0, 0, '2024-08-09 14:32:06', '2024-08-09 14:32:06'),
(2261, 6, 16, 12, 0, 0, '2024-08-09 14:32:06', '2024-08-09 14:32:06'),
(2262, 6, 17, 12, 0, 0, '2024-08-09 14:32:06', '2024-08-09 14:32:06'),
(2263, 6, 18, 12, 0, 0, '2024-08-09 14:32:06', '2024-08-09 14:32:06'),
(2264, 6, 19, 12, 0, 0, '2024-08-09 14:32:07', '2024-08-09 14:32:07'),
(2265, 6, 16, 13, 0, 0, '2024-08-09 14:32:07', '2024-08-09 14:32:07'),
(2266, 6, 17, 13, 0, 0, '2024-08-09 14:32:07', '2024-08-09 14:32:07'),
(2267, 6, 18, 13, 0, 0, '2024-08-09 14:32:07', '2024-08-09 14:32:07'),
(2268, 6, 19, 13, 0, 0, '2024-08-09 14:32:07', '2024-08-09 14:32:07'),
(2269, 6, 16, 14, 0, 0, '2024-08-09 14:32:07', '2024-08-09 14:32:07'),
(2270, 6, 17, 14, 0, 0, '2024-08-09 14:32:07', '2024-08-09 14:32:07'),
(2271, 6, 18, 14, 0, 0, '2024-08-09 14:32:07', '2024-08-09 14:32:07'),
(2272, 6, 19, 14, 0, 0, '2024-08-09 14:32:07', '2024-08-09 14:32:07'),
(2273, 6, 16, 15, 0, 0, '2024-08-09 14:32:07', '2024-08-09 14:32:07'),
(2274, 6, 17, 15, 0, 0, '2024-08-09 14:32:07', '2024-08-09 14:32:07'),
(2275, 6, 18, 15, 0, 0, '2024-08-09 14:32:07', '2024-08-09 14:32:07'),
(2276, 6, 19, 15, 0, 0, '2024-08-09 14:32:07', '2024-08-09 14:32:07'),
(2277, 7, 16, 1, 0, 0, '2024-08-09 14:32:07', '2024-08-09 14:32:07'),
(2278, 7, 17, 1, 0, 0, '2024-08-09 14:32:07', '2024-08-09 14:32:07'),
(2279, 7, 18, 1, 0, 0, '2024-08-09 14:32:07', '2024-08-09 14:32:07'),
(2280, 7, 19, 1, 0, 0, '2024-08-09 14:32:07', '2024-08-09 14:32:07'),
(2281, 7, 16, 2, 0, 0, '2024-08-09 14:32:07', '2024-08-09 14:32:07'),
(2282, 7, 17, 2, 0, 0, '2024-08-09 14:32:07', '2024-08-09 14:32:07'),
(2283, 7, 18, 2, 0, 0, '2024-08-09 14:32:07', '2024-08-09 14:32:07'),
(2284, 7, 19, 2, 0, 0, '2024-08-09 14:32:07', '2024-08-09 14:32:07'),
(2285, 7, 16, 3, 0, 0, '2024-08-09 14:32:07', '2024-08-09 14:32:07'),
(2286, 7, 17, 3, 0, 0, '2024-08-09 14:32:07', '2024-08-09 14:32:07'),
(2287, 7, 18, 3, 0, 0, '2024-08-09 14:32:07', '2024-08-09 14:32:07'),
(2288, 7, 19, 3, 0, 0, '2024-08-09 14:32:07', '2024-08-09 14:32:07'),
(2289, 7, 16, 4, 0, 0, '2024-08-09 14:32:07', '2024-08-09 14:32:07'),
(2290, 7, 17, 4, 0, 0, '2024-08-09 14:32:07', '2024-08-09 14:32:07'),
(2291, 7, 18, 4, 0, 0, '2024-08-09 14:32:07', '2024-08-09 14:32:07'),
(2292, 7, 19, 4, 0, 0, '2024-08-09 14:32:07', '2024-08-09 14:32:07'),
(2293, 7, 16, 5, 0, 0, '2024-08-09 14:32:07', '2024-08-09 14:32:07'),
(2294, 7, 17, 5, 0, 0, '2024-08-09 14:32:07', '2024-08-09 14:32:07'),
(2295, 7, 18, 5, 0, 0, '2024-08-09 14:32:07', '2024-08-09 14:32:07'),
(2296, 7, 19, 5, 0, 0, '2024-08-09 14:32:07', '2024-08-09 14:32:07'),
(2297, 7, 16, 6, 0, 0, '2024-08-09 14:32:07', '2024-08-09 14:32:07'),
(2298, 7, 17, 6, 0, 0, '2024-08-09 14:32:07', '2024-08-09 14:32:07'),
(2299, 7, 18, 6, 0, 0, '2024-08-09 14:32:07', '2024-08-09 14:32:07'),
(2300, 7, 19, 6, 0, 0, '2024-08-09 14:32:07', '2024-08-09 14:32:07'),
(2301, 7, 16, 7, 0, 0, '2024-08-09 14:32:07', '2024-08-09 14:32:07'),
(2302, 7, 17, 7, 0, 0, '2024-08-09 14:32:07', '2024-08-09 14:32:07'),
(2303, 7, 18, 7, 0, 0, '2024-08-09 14:32:07', '2024-08-09 14:32:07'),
(2304, 7, 19, 7, 0, 0, '2024-08-09 14:32:07', '2024-08-09 14:32:07'),
(2305, 7, 16, 8, 0, 0, '2024-08-09 14:32:07', '2024-08-09 14:32:07'),
(2306, 7, 17, 8, 0, 0, '2024-08-09 14:32:07', '2024-08-09 14:32:07'),
(2307, 7, 18, 8, 0, 0, '2024-08-09 14:32:07', '2024-08-09 14:32:07'),
(2308, 7, 19, 8, 0, 0, '2024-08-09 14:32:07', '2024-08-09 14:32:07'),
(2309, 7, 16, 9, 0, 0, '2024-08-09 14:32:07', '2024-08-09 14:32:07'),
(2310, 7, 17, 9, 0, 0, '2024-08-09 14:32:07', '2024-08-09 14:32:07'),
(2311, 7, 18, 9, 0, 0, '2024-08-09 14:32:07', '2024-08-09 14:32:07'),
(2312, 7, 19, 9, 0, 0, '2024-08-09 14:32:07', '2024-08-09 14:32:07'),
(2313, 7, 16, 10, 0, 0, '2024-08-09 14:32:07', '2024-08-09 14:32:07'),
(2314, 7, 17, 10, 0, 0, '2024-08-09 14:32:07', '2024-08-09 14:32:07'),
(2315, 7, 18, 10, 0, 0, '2024-08-09 14:32:07', '2024-08-09 14:32:07'),
(2316, 7, 19, 10, 0, 0, '2024-08-09 14:32:07', '2024-08-09 14:32:07'),
(2317, 7, 16, 11, 0, 0, '2024-08-09 14:32:07', '2024-08-09 14:32:07'),
(2318, 7, 17, 11, 0, 0, '2024-08-09 14:32:07', '2024-08-09 14:32:07'),
(2319, 7, 18, 11, 0, 0, '2024-08-09 14:32:07', '2024-08-09 14:32:07'),
(2320, 7, 19, 11, 0, 0, '2024-08-09 14:32:07', '2024-08-09 14:32:07'),
(2321, 7, 16, 12, 0, 0, '2024-08-09 14:32:07', '2024-08-09 14:32:07'),
(2322, 7, 17, 12, 0, 0, '2024-08-09 14:32:07', '2024-08-09 14:32:07'),
(2323, 7, 18, 12, 0, 0, '2024-08-09 14:32:07', '2024-08-09 14:32:07'),
(2324, 7, 19, 12, 0, 0, '2024-08-09 14:32:07', '2024-08-09 14:32:07'),
(2325, 7, 16, 13, 0, 0, '2024-08-09 14:32:07', '2024-08-09 14:32:07'),
(2326, 7, 17, 13, 0, 0, '2024-08-09 14:32:07', '2024-08-09 14:32:07'),
(2327, 7, 18, 13, 0, 0, '2024-08-09 14:32:07', '2024-08-09 14:32:07'),
(2328, 7, 19, 13, 0, 0, '2024-08-09 14:32:07', '2024-08-09 14:32:07'),
(2329, 7, 16, 14, 0, 0, '2024-08-09 14:32:07', '2024-08-09 14:32:07'),
(2330, 7, 17, 14, 0, 0, '2024-08-09 14:32:07', '2024-08-09 14:32:07'),
(2331, 7, 18, 14, 0, 0, '2024-08-09 14:32:07', '2024-08-09 14:32:07'),
(2332, 7, 19, 14, 0, 0, '2024-08-09 14:32:07', '2024-08-09 14:32:07'),
(2333, 7, 16, 15, 0, 0, '2024-08-09 14:32:07', '2024-08-09 14:32:07'),
(2334, 7, 17, 15, 0, 0, '2024-08-09 14:32:07', '2024-08-09 14:32:07'),
(2335, 7, 18, 15, 0, 0, '2024-08-09 14:32:07', '2024-08-09 14:32:07'),
(2336, 7, 19, 15, 0, 0, '2024-08-09 14:32:07', '2024-08-09 14:32:07');

-- --------------------------------------------------------

--
-- Table structure for table `teams`
--

CREATE TABLE `teams` (
  `id` tinyint(3) UNSIGNED NOT NULL,
  `number` tinyint(4) NOT NULL DEFAULT 0,
  `name` varchar(255) NOT NULL,
  `location` varchar(32) NOT NULL,
  `avatar` varchar(255) DEFAULT NULL,
  `created_at` timestamp NOT NULL DEFAULT current_timestamp(),
  `updated_at` timestamp NOT NULL DEFAULT current_timestamp() ON UPDATE current_timestamp()
) ENGINE=InnoDB DEFAULT CHARSET=utf8mb4 COLLATE=utf8mb4_general_ci;

--
-- Dumping data for table `teams`
--

INSERT INTO `teams` (`id`, `number`, `name`, `location`, `avatar`, `created_at`, `updated_at`) VALUES
(1, 1, 'Kimberly Occiano', 'Iriga City', '10-kimberly-occiano.jpg', '2024-08-07 16:08:14', '2024-08-09 14:29:06'),
(2, 2, 'Lhei Chelsea Moreno', 'Ligao City', '11-lhei-chelsea-moreno.jpg', '2024-08-07 16:08:34', '2024-08-09 14:29:11'),
(3, 3, 'Jamila Gonzales', 'Buhi, Camarines Sur', '07-jamila-gonzales.jpg', '2024-08-07 16:06:54', '2024-08-09 14:29:15'),
(4, 4, 'Angel Marie Melicor', 'Camalig Albay', '01-angel-marie-melicor.jpg', '2024-08-07 16:03:48', '2024-08-09 14:29:18'),
(5, 5, 'Mien Mie Egipto', 'Iriga City', '13-mien-mie-egipto.jpg', '2024-08-07 16:09:24', '2024-08-09 14:29:22'),
(6, 6, 'Daniela Joy Esquivel', 'Sta. Clara Buhi, Camarines Sur', '04-daniela-joy-esquivel.jpg', '2024-08-07 16:05:19', '2024-08-09 14:29:25'),
(7, 7, 'Benix Carol Saba', 'Iriga City', '02-benix-carol-saba.jpg', '2024-08-07 16:04:19', '2024-08-09 14:29:29'),
(8, 8, 'Janna Eloisa Galan Lanuzga', 'Nabua, Camarines Sur', '08-janna-elosa-galan-lanuzga.jpg', '2024-08-07 16:07:19', '2024-08-09 14:27:44'),
(9, 9, 'Victoria Ramboyon', 'Pili, Camarines Sur', '15-victoria-ramboyon.jpg', '2024-08-07 16:10:25', '2024-08-09 14:29:38'),
(10, 10, 'Myjonica Jean Rabino', 'Buhi, Camarines Sur', '14-myjonica-jean-rabino.jpg', '2024-08-07 16:09:50', '2024-08-09 14:29:43'),
(11, 11, 'Kaelah Joy Opea', 'Guinobatan Albay', '09-kaelah-joy-opea.jpg', '2024-08-07 16:07:53', '2024-08-09 14:29:47'),
(12, 12, 'Hannah Paula Quebral', 'Buhi, Camarines Sur', '06-hannah-paula-quebral.jpg', '2024-08-07 16:06:26', '2024-08-09 14:29:50'),
(13, 13, 'Hannah Grace Clavillas', 'Buhi, Camarines Sur', '05-hannah-grace-clavillas.jpg', '2024-08-07 16:06:01', '2024-08-09 14:29:53'),
(14, 14, 'Blessie Kateri Sofia Canales', 'Sta. Clara Buhi, Camarines Sur', '03-blessie-kateri-sofia-canales.jpg', '2024-08-07 16:04:51', '2024-08-09 14:29:56'),
(15, 15, 'Ma. Amethyst Mauring', 'Sta. Clara Buhi, Camarines Sur', '12-ma.-amethyst-mauring.jpg', '2024-08-07 16:09:02', '2024-08-09 14:30:01');

-- --------------------------------------------------------

--
-- Table structure for table `technicals`
--

CREATE TABLE `technicals` (
  `id` tinyint(3) UNSIGNED NOT NULL,
  `number` tinyint(3) UNSIGNED NOT NULL,
  `name` varchar(255) NOT NULL,
  `avatar` varchar(255) DEFAULT NULL,
  `username` varchar(255) NOT NULL,
  `password` varchar(255) NOT NULL,
  `active_portion` varchar(255) DEFAULT NULL,
  `called_at` timestamp NULL DEFAULT NULL,
  `pinged_at` timestamp NULL DEFAULT NULL,
  `created_at` timestamp NOT NULL DEFAULT current_timestamp(),
  `updated_at` timestamp NOT NULL DEFAULT current_timestamp() ON UPDATE current_timestamp()
) ENGINE=InnoDB DEFAULT CHARSET=utf8mb4 COLLATE=utf8mb4_general_ci;

--
-- Dumping data for table `technicals`
--

INSERT INTO `technicals` (`id`, `number`, `name`, `avatar`, `username`, `password`, `active_portion`, `called_at`, `pinged_at`, `created_at`, `updated_at`) VALUES
(1, 1, 'Technical 01', 'no-avatar.jpg', 'technical01', 'technical01', NULL, NULL, NULL, '2023-02-19 08:58:58', '2023-04-06 14:00:12');

-- --------------------------------------------------------

--
-- Table structure for table `technical_event`
--

CREATE TABLE `technical_event` (
  `id` tinyint(3) UNSIGNED NOT NULL,
  `technical_id` tinyint(3) UNSIGNED NOT NULL,
  `event_id` smallint(5) UNSIGNED NOT NULL,
  `active_team_id` tinyint(3) UNSIGNED NOT NULL,
  `has_active_team` tinyint(1) NOT NULL DEFAULT 0,
  `created_at` timestamp NOT NULL DEFAULT current_timestamp(),
  `updated_at` timestamp NOT NULL DEFAULT current_timestamp() ON UPDATE current_timestamp()
) ENGINE=InnoDB DEFAULT CHARSET=utf8mb4 COLLATE=utf8mb4_general_ci;

-- --------------------------------------------------------

--
-- Table structure for table `titles`
--

CREATE TABLE `titles` (
  `id` smallint(5) UNSIGNED NOT NULL,
  `event_id` smallint(5) UNSIGNED NOT NULL,
  `rank` tinyint(3) UNSIGNED NOT NULL DEFAULT 1,
  `title` varchar(255) NOT NULL,
  `created_at` timestamp NOT NULL DEFAULT current_timestamp(),
  `updated_at` timestamp NOT NULL DEFAULT current_timestamp() ON UPDATE current_timestamp()
) ENGINE=InnoDB DEFAULT CHARSET=utf8mb4 COLLATE=utf8mb4_general_ci;

--
-- Dumping data for table `titles`
--

INSERT INTO `titles` (`id`, `event_id`, `rank`, `title`, `created_at`, `updated_at`) VALUES
(1, 1, 1, 'Best in Production Performance', '2023-04-07 05:09:18', '2024-08-08 06:44:04'),
(2, 2, 1, 'Best in Swimsuit', '2023-04-07 05:09:49', '2024-08-08 06:44:49'),
(4, 4, 1, '', '2023-04-07 05:10:42', '2024-08-08 06:44:54'),
(10, 1, 2, '', '2024-08-07 15:14:23', '2024-08-07 15:14:23'),
(11, 1, 3, '', '2024-08-07 15:14:23', '2024-08-07 15:14:23'),
(12, 1, 4, '', '2024-08-07 15:14:23', '2024-08-07 15:14:23'),
(13, 1, 5, '', '2024-08-07 15:14:23', '2024-08-07 15:14:23'),
(14, 1, 6, '', '2024-08-07 15:14:23', '2024-08-07 15:14:23'),
(15, 1, 7, '', '2024-08-07 15:14:23', '2024-08-07 15:14:23'),
(16, 1, 8, '', '2024-08-07 15:14:23', '2024-08-07 15:14:23'),
(17, 1, 9, '', '2024-08-07 15:14:23', '2024-08-07 15:14:23'),
(18, 1, 10, '', '2024-08-07 15:14:23', '2024-08-07 15:14:23'),
(19, 1, 11, '', '2024-08-07 15:14:23', '2024-08-07 15:14:23'),
(20, 1, 12, '', '2024-08-07 15:14:23', '2024-08-07 15:14:23'),
(21, 2, 2, '', '2024-08-07 15:30:51', '2024-08-07 15:30:51'),
(22, 2, 3, '', '2024-08-07 15:30:51', '2024-08-07 15:30:51'),
(23, 2, 4, '', '2024-08-07 15:30:51', '2024-08-07 15:30:51'),
(24, 2, 5, '', '2024-08-07 15:30:51', '2024-08-07 15:30:51'),
(25, 2, 6, '', '2024-08-07 15:30:51', '2024-08-07 15:30:51'),
(26, 2, 7, '', '2024-08-07 15:30:51', '2024-08-07 15:30:51'),
(27, 2, 8, '', '2024-08-07 15:30:51', '2024-08-07 15:30:51'),
(28, 2, 9, '', '2024-08-07 15:30:51', '2024-08-07 15:30:51'),
(29, 2, 10, '', '2024-08-07 15:30:51', '2024-08-07 15:30:51'),
(30, 2, 11, '', '2024-08-07 15:30:51', '2024-08-07 15:30:51'),
(31, 2, 12, '', '2024-08-07 15:30:51', '2024-08-07 15:30:51'),
(43, 4, 2, '', '2024-08-07 15:30:58', '2024-08-07 15:30:58'),
(44, 4, 3, '', '2024-08-07 15:30:58', '2024-08-07 15:30:58'),
(45, 4, 4, '', '2024-08-07 15:30:58', '2024-08-07 15:30:58'),
(46, 4, 5, '', '2024-08-07 15:30:58', '2024-08-07 15:30:58'),
(47, 4, 6, '', '2024-08-07 15:30:58', '2024-08-07 15:30:58'),
(48, 4, 7, '', '2024-08-07 15:30:58', '2024-08-07 15:30:58'),
(49, 4, 8, '', '2024-08-07 15:30:58', '2024-08-07 15:30:58'),
(50, 4, 9, '', '2024-08-07 15:30:58', '2024-08-07 15:30:58'),
(51, 4, 10, '', '2024-08-07 15:30:58', '2024-08-07 15:30:58'),
(52, 4, 11, '', '2024-08-07 15:30:58', '2024-08-07 15:30:58'),
(53, 4, 12, '', '2024-08-07 15:30:58', '2024-08-07 15:30:58'),
(61, 1, 13, '', '2024-08-07 16:10:50', '2024-08-07 16:10:50'),
(62, 1, 14, '', '2024-08-07 16:10:50', '2024-08-07 16:10:50'),
(63, 1, 15, '', '2024-08-07 16:10:50', '2024-08-07 16:10:50'),
(64, 2, 13, '', '2024-08-07 16:11:15', '2024-08-07 16:11:15'),
(65, 2, 14, '', '2024-08-07 16:11:15', '2024-08-07 16:11:15'),
(66, 2, 15, '', '2024-08-07 16:11:15', '2024-08-07 16:11:15'),
(67, 4, 13, '', '2024-08-07 16:11:18', '2024-08-07 16:11:18'),
(68, 4, 14, '', '2024-08-07 16:11:18', '2024-08-07 16:11:18'),
(69, 4, 15, '', '2024-08-07 16:11:18', '2024-08-07 16:11:18'),
(70, 6, 1, 'Mutya nin Bagong Santa Clara 2024', '2024-08-07 16:11:18', '2024-08-08 06:45:45'),
(71, 6, 2, 'Mutya nin Bagong Santa Clara Turismo 2024', '2024-08-07 16:11:18', '2024-08-08 06:46:15'),
(72, 6, 3, '1st Runner Up', '2024-08-07 16:11:18', '2024-08-08 12:18:55'),
(73, 6, 4, '2nd Runner Up', '2024-08-07 16:11:18', '2024-08-08 12:19:01'),
(74, 6, 5, '', '2024-08-07 16:11:18', '2024-08-08 12:18:57'),
(75, 6, 6, '', '2024-08-07 16:11:18', '2024-08-07 16:11:18'),
(76, 6, 7, '', '2024-08-07 16:11:18', '2024-08-07 16:11:18'),
(77, 6, 8, '', '2024-08-07 16:11:18', '2024-08-07 16:11:18'),
(78, 6, 9, '', '2024-08-07 16:11:18', '2024-08-07 16:11:18'),
(79, 6, 10, '', '2024-08-07 16:11:18', '2024-08-07 16:11:18'),
(80, 6, 11, '', '2024-08-07 16:11:18', '2024-08-07 16:11:18'),
(81, 6, 12, '', '2024-08-07 16:11:18', '2024-08-07 16:11:18'),
(82, 6, 13, '', '2024-08-07 16:11:18', '2024-08-07 16:11:18'),
(83, 6, 14, '', '2024-08-07 16:11:18', '2024-08-07 16:11:18'),
(84, 6, 15, '', '2024-08-07 16:11:18', '2024-08-07 16:11:18'),
(85, 7, 1, '', '2024-08-07 16:11:20', '2024-08-07 16:11:20'),
(86, 7, 2, '', '2024-08-07 16:11:20', '2024-08-07 16:11:20'),
(87, 7, 3, '', '2024-08-07 16:11:20', '2024-08-07 16:11:20'),
(88, 7, 4, '', '2024-08-07 16:11:20', '2024-08-07 16:11:20'),
(89, 7, 5, '', '2024-08-07 16:11:20', '2024-08-07 16:11:20'),
(90, 7, 6, '', '2024-08-07 16:11:20', '2024-08-07 16:11:20'),
(91, 7, 7, '', '2024-08-07 16:11:20', '2024-08-07 16:11:20'),
(92, 7, 8, '', '2024-08-07 16:11:20', '2024-08-07 16:11:20'),
(93, 7, 9, '', '2024-08-07 16:11:20', '2024-08-07 16:11:20'),
(94, 7, 10, '', '2024-08-07 16:11:20', '2024-08-07 16:11:20'),
(95, 7, 11, '', '2024-08-07 16:11:20', '2024-08-07 16:11:20'),
(96, 7, 12, '', '2024-08-07 16:11:20', '2024-08-07 16:11:20'),
(97, 7, 13, '', '2024-08-07 16:11:20', '2024-08-07 16:11:20'),
(98, 7, 14, '', '2024-08-07 16:11:20', '2024-08-07 16:11:20'),
(99, 7, 15, '', '2024-08-07 16:11:20', '2024-08-07 16:11:20'),
(100, 8, 1, '', '2024-08-07 16:11:24', '2024-08-07 16:11:24'),
(101, 8, 2, '', '2024-08-07 16:11:24', '2024-08-07 16:11:24'),
(102, 8, 3, '', '2024-08-07 16:11:24', '2024-08-07 16:11:24'),
(103, 8, 4, '', '2024-08-07 16:11:24', '2024-08-07 16:11:24'),
(104, 8, 5, '', '2024-08-07 16:11:24', '2024-08-07 16:11:24'),
(105, 8, 6, '', '2024-08-07 16:11:24', '2024-08-07 16:11:24'),
(106, 8, 7, '', '2024-08-07 16:11:24', '2024-08-07 16:11:24'),
(107, 8, 8, '', '2024-08-07 16:11:24', '2024-08-07 16:11:24'),
(108, 8, 9, '', '2024-08-07 16:11:24', '2024-08-07 16:11:24'),
(109, 8, 10, '', '2024-08-07 16:11:24', '2024-08-07 16:11:24'),
(110, 8, 11, '', '2024-08-07 16:11:24', '2024-08-07 16:11:24'),
(111, 8, 12, '', '2024-08-07 16:11:24', '2024-08-07 16:11:24'),
(112, 8, 13, '', '2024-08-07 16:11:24', '2024-08-07 16:11:24'),
(113, 8, 14, '', '2024-08-07 16:11:24', '2024-08-07 16:11:24'),
(114, 8, 15, '', '2024-08-07 16:11:24', '2024-08-07 16:11:24'),
(115, 3, 1, 'Best in Evening Gown', '2024-08-08 05:21:56', '2024-08-08 06:44:27'),
(116, 3, 2, '', '2024-08-08 05:21:56', '2024-08-08 05:21:56'),
(117, 3, 3, '', '2024-08-08 05:21:56', '2024-08-08 05:21:56'),
(118, 3, 4, '', '2024-08-08 05:21:56', '2024-08-08 05:21:56'),
(119, 3, 5, '', '2024-08-08 05:21:56', '2024-08-08 05:21:56'),
(120, 3, 6, '', '2024-08-08 05:21:56', '2024-08-08 05:21:56'),
(121, 3, 7, '', '2024-08-08 05:21:56', '2024-08-08 05:21:56'),
(122, 3, 8, '', '2024-08-08 05:21:56', '2024-08-08 05:21:56'),
(123, 3, 9, '', '2024-08-08 05:21:56', '2024-08-08 05:21:56'),
(124, 3, 10, '', '2024-08-08 05:21:56', '2024-08-08 05:21:56'),
(125, 3, 11, '', '2024-08-08 05:21:56', '2024-08-08 05:21:56'),
(126, 3, 12, '', '2024-08-08 05:21:56', '2024-08-08 05:21:56'),
(127, 3, 13, '', '2024-08-08 05:21:56', '2024-08-08 05:21:56'),
(128, 3, 14, '', '2024-08-08 05:21:56', '2024-08-08 05:21:56'),
(129, 3, 15, '', '2024-08-08 05:21:56', '2024-08-08 05:21:56'),
(130, 5, 1, 'Best in Festival Costume', '2024-08-08 05:21:57', '2024-08-08 06:45:09'),
(131, 5, 2, '', '2024-08-08 05:21:57', '2024-08-08 05:21:57'),
(132, 5, 3, '', '2024-08-08 05:21:57', '2024-08-08 05:21:57'),
(133, 5, 4, '', '2024-08-08 05:21:57', '2024-08-08 05:21:57'),
(134, 5, 5, '', '2024-08-08 05:21:57', '2024-08-08 05:21:57'),
(135, 5, 6, '', '2024-08-08 05:21:57', '2024-08-08 05:21:57'),
(136, 5, 7, '', '2024-08-08 05:21:57', '2024-08-08 05:21:57'),
(137, 5, 8, '', '2024-08-08 05:21:57', '2024-08-08 05:21:57'),
(138, 5, 9, '', '2024-08-08 05:21:57', '2024-08-08 05:21:57'),
(139, 5, 10, '', '2024-08-08 05:21:57', '2024-08-08 05:21:57'),
(140, 5, 11, '', '2024-08-08 05:21:57', '2024-08-08 05:21:57'),
(141, 5, 12, '', '2024-08-08 05:21:57', '2024-08-08 05:21:57'),
(142, 5, 13, '', '2024-08-08 05:21:57', '2024-08-08 05:21:57'),
(143, 5, 14, '', '2024-08-08 05:21:57', '2024-08-08 05:21:57'),
(144, 5, 15, '', '2024-08-08 05:21:57', '2024-08-08 05:21:57');

--
-- Indexes for dumped tables
--

--
-- Indexes for table `admins`
--
ALTER TABLE `admins`
  ADD PRIMARY KEY (`id`);

--
-- Indexes for table `arrangements`
--
ALTER TABLE `arrangements`
  ADD PRIMARY KEY (`id`),
  ADD KEY `event_id` (`event_id`),
  ADD KEY `team_id` (`team_id`);

--
-- Indexes for table `categories`
--
ALTER TABLE `categories`
  ADD PRIMARY KEY (`id`),
  ADD KEY `competition_id` (`competition_id`);

--
-- Indexes for table `competitions`
--
ALTER TABLE `competitions`
  ADD PRIMARY KEY (`id`);

--
-- Indexes for table `criteria`
--
ALTER TABLE `criteria`
  ADD PRIMARY KEY (`id`),
  ADD KEY `event_id` (`event_id`);

--
-- Indexes for table `deductions`
--
ALTER TABLE `deductions`
  ADD PRIMARY KEY (`id`),
  ADD KEY `judge_id` (`technical_id`),
  ADD KEY `team_id` (`team_id`),
  ADD KEY `event_id` (`event_id`);

--
-- Indexes for table `eliminations`
--
ALTER TABLE `eliminations`
  ADD PRIMARY KEY (`id`),
  ADD KEY `event_id` (`event_id`),
  ADD KEY `team_id` (`team_id`);

--
-- Indexes for table `events`
--
ALTER TABLE `events`
  ADD PRIMARY KEY (`id`),
  ADD KEY `area_id` (`category_id`);

--
-- Indexes for table `judges`
--
ALTER TABLE `judges`
  ADD PRIMARY KEY (`id`);

--
-- Indexes for table `judge_event`
--
ALTER TABLE `judge_event`
  ADD PRIMARY KEY (`id`),
  ADD KEY `judge_id` (`judge_id`),
  ADD KEY `event_id` (`event_id`),
  ADD KEY `active_team_id` (`active_team_id`);

--
-- Indexes for table `noshows`
--
ALTER TABLE `noshows`
  ADD PRIMARY KEY (`id`),
  ADD KEY `event_id` (`event_id`),
  ADD KEY `team_id` (`team_id`);

--
-- Indexes for table `participants`
--
ALTER TABLE `participants`
  ADD PRIMARY KEY (`id`),
  ADD KEY `team_id` (`team_id`),
  ADD KEY `event_id` (`event_id`);

--
-- Indexes for table `points`
--
ALTER TABLE `points`
  ADD PRIMARY KEY (`id`),
  ADD KEY `event_id` (`event_id`);

--
-- Indexes for table `ratings`
--
ALTER TABLE `ratings`
  ADD PRIMARY KEY (`id`),
  ADD KEY `judge_id` (`judge_id`),
  ADD KEY `team_id` (`team_id`),
  ADD KEY `criteria_id` (`criteria_id`);

--
-- Indexes for table `teams`
--
ALTER TABLE `teams`
  ADD PRIMARY KEY (`id`);

--
-- Indexes for table `technicals`
--
ALTER TABLE `technicals`
  ADD PRIMARY KEY (`id`);

--
-- Indexes for table `technical_event`
--
ALTER TABLE `technical_event`
  ADD PRIMARY KEY (`id`),
  ADD KEY `judge_id` (`technical_id`),
  ADD KEY `event_id` (`event_id`),
  ADD KEY `active_team_id` (`active_team_id`);

--
-- Indexes for table `titles`
--
ALTER TABLE `titles`
  ADD PRIMARY KEY (`id`),
  ADD KEY `event_id` (`event_id`);

--
-- AUTO_INCREMENT for dumped tables
--

--
-- AUTO_INCREMENT for table `admins`
--
ALTER TABLE `admins`
  MODIFY `id` tinyint(3) UNSIGNED NOT NULL AUTO_INCREMENT, AUTO_INCREMENT=2;

--
-- AUTO_INCREMENT for table `arrangements`
--
ALTER TABLE `arrangements`
  MODIFY `id` smallint(5) UNSIGNED NOT NULL AUTO_INCREMENT, AUTO_INCREMENT=15;

--
-- AUTO_INCREMENT for table `categories`
--
ALTER TABLE `categories`
  MODIFY `id` tinyint(3) UNSIGNED NOT NULL AUTO_INCREMENT, AUTO_INCREMENT=15;

--
-- AUTO_INCREMENT for table `competitions`
--
ALTER TABLE `competitions`
  MODIFY `id` tinyint(3) UNSIGNED NOT NULL AUTO_INCREMENT, AUTO_INCREMENT=2;

--
-- AUTO_INCREMENT for table `criteria`
--
ALTER TABLE `criteria`
  MODIFY `id` smallint(5) UNSIGNED NOT NULL AUTO_INCREMENT, AUTO_INCREMENT=23;

--
-- AUTO_INCREMENT for table `deductions`
--
ALTER TABLE `deductions`
  MODIFY `id` mediumint(8) UNSIGNED NOT NULL AUTO_INCREMENT;

--
-- AUTO_INCREMENT for table `eliminations`
--
ALTER TABLE `eliminations`
  MODIFY `id` mediumint(9) NOT NULL AUTO_INCREMENT, AUTO_INCREMENT=51;

--
-- AUTO_INCREMENT for table `events`
--
ALTER TABLE `events`
  MODIFY `id` smallint(5) UNSIGNED NOT NULL AUTO_INCREMENT, AUTO_INCREMENT=7;

--
-- AUTO_INCREMENT for table `judges`
--
ALTER TABLE `judges`
  MODIFY `id` tinyint(3) UNSIGNED NOT NULL AUTO_INCREMENT, AUTO_INCREMENT=8;

--
-- AUTO_INCREMENT for table `judge_event`
--
ALTER TABLE `judge_event`
  MODIFY `id` tinyint(3) UNSIGNED NOT NULL AUTO_INCREMENT, AUTO_INCREMENT=101;

--
-- AUTO_INCREMENT for table `noshows`
--
ALTER TABLE `noshows`
  MODIFY `id` smallint(5) UNSIGNED NOT NULL AUTO_INCREMENT;

--
-- AUTO_INCREMENT for table `participants`
--
ALTER TABLE `participants`
  MODIFY `id` smallint(5) UNSIGNED NOT NULL AUTO_INCREMENT;

--
-- AUTO_INCREMENT for table `points`
--
ALTER TABLE `points`
  MODIFY `id` smallint(5) UNSIGNED NOT NULL AUTO_INCREMENT;

--
-- AUTO_INCREMENT for table `ratings`
--
ALTER TABLE `ratings`
  MODIFY `id` mediumint(8) UNSIGNED NOT NULL AUTO_INCREMENT, AUTO_INCREMENT=2337;

--
-- AUTO_INCREMENT for table `teams`
--
ALTER TABLE `teams`
  MODIFY `id` tinyint(3) UNSIGNED NOT NULL AUTO_INCREMENT, AUTO_INCREMENT=35;

--
-- AUTO_INCREMENT for table `technicals`
--
ALTER TABLE `technicals`
  MODIFY `id` tinyint(3) UNSIGNED NOT NULL AUTO_INCREMENT, AUTO_INCREMENT=2;

--
-- AUTO_INCREMENT for table `technical_event`
--
ALTER TABLE `technical_event`
  MODIFY `id` tinyint(3) UNSIGNED NOT NULL AUTO_INCREMENT;

--
-- AUTO_INCREMENT for table `titles`
--
ALTER TABLE `titles`
  MODIFY `id` smallint(5) UNSIGNED NOT NULL AUTO_INCREMENT, AUTO_INCREMENT=145;

--
-- Constraints for dumped tables
--

--
-- Constraints for table `arrangements`
--
ALTER TABLE `arrangements`
  ADD CONSTRAINT `arrangements_ibfk_1` FOREIGN KEY (`team_id`) REFERENCES `teams` (`id`) ON DELETE CASCADE ON UPDATE CASCADE,
  ADD CONSTRAINT `arrangements_ibfk_2` FOREIGN KEY (`event_id`) REFERENCES `events` (`id`) ON DELETE CASCADE ON UPDATE CASCADE;

--
-- Constraints for table `categories`
--
ALTER TABLE `categories`
  ADD CONSTRAINT `categories_ibfk_1` FOREIGN KEY (`competition_id`) REFERENCES `competitions` (`id`) ON UPDATE CASCADE;

--
-- Constraints for table `criteria`
--
ALTER TABLE `criteria`
  ADD CONSTRAINT `criteria_ibfk_1` FOREIGN KEY (`event_id`) REFERENCES `events` (`id`) ON UPDATE CASCADE;

--
-- Constraints for table `deductions`
--
ALTER TABLE `deductions`
  ADD CONSTRAINT `deductions_ibfk_1` FOREIGN KEY (`event_id`) REFERENCES `events` (`id`) ON DELETE CASCADE ON UPDATE CASCADE,
  ADD CONSTRAINT `deductions_ibfk_2` FOREIGN KEY (`team_id`) REFERENCES `teams` (`id`) ON DELETE CASCADE ON UPDATE CASCADE,
  ADD CONSTRAINT `deductions_ibfk_3` FOREIGN KEY (`technical_id`) REFERENCES `technicals` (`id`) ON DELETE CASCADE ON UPDATE CASCADE;

--
-- Constraints for table `eliminations`
--
ALTER TABLE `eliminations`
  ADD CONSTRAINT `eliminations_ibfk_1` FOREIGN KEY (`event_id`) REFERENCES `events` (`id`) ON DELETE CASCADE ON UPDATE CASCADE,
  ADD CONSTRAINT `eliminations_ibfk_2` FOREIGN KEY (`team_id`) REFERENCES `teams` (`id`) ON DELETE CASCADE ON UPDATE CASCADE;

--
-- Constraints for table `events`
--
ALTER TABLE `events`
  ADD CONSTRAINT `events_ibfk_1` FOREIGN KEY (`category_id`) REFERENCES `categories` (`id`) ON UPDATE CASCADE;

--
-- Constraints for table `judge_event`
--
ALTER TABLE `judge_event`
  ADD CONSTRAINT `judge_event_ibfk_1` FOREIGN KEY (`judge_id`) REFERENCES `judges` (`id`) ON DELETE CASCADE ON UPDATE CASCADE,
  ADD CONSTRAINT `judge_event_ibfk_2` FOREIGN KEY (`event_id`) REFERENCES `events` (`id`) ON DELETE CASCADE ON UPDATE CASCADE,
  ADD CONSTRAINT `judge_event_ibfk_3` FOREIGN KEY (`active_team_id`) REFERENCES `teams` (`id`) ON DELETE NO ACTION ON UPDATE CASCADE;

--
-- Constraints for table `noshows`
--
ALTER TABLE `noshows`
  ADD CONSTRAINT `noshows_ibfk_1` FOREIGN KEY (`event_id`) REFERENCES `events` (`id`) ON DELETE CASCADE ON UPDATE CASCADE,
  ADD CONSTRAINT `noshows_ibfk_2` FOREIGN KEY (`team_id`) REFERENCES `teams` (`id`) ON DELETE CASCADE ON UPDATE CASCADE;

--
-- Constraints for table `participants`
--
ALTER TABLE `participants`
  ADD CONSTRAINT `participants_ibfk_1` FOREIGN KEY (`team_id`) REFERENCES `teams` (`id`) ON DELETE CASCADE ON UPDATE CASCADE,
  ADD CONSTRAINT `participants_ibfk_2` FOREIGN KEY (`event_id`) REFERENCES `events` (`id`) ON DELETE CASCADE ON UPDATE CASCADE;

--
-- Constraints for table `points`
--
ALTER TABLE `points`
  ADD CONSTRAINT `points_ibfk_1` FOREIGN KEY (`event_id`) REFERENCES `events` (`id`) ON DELETE CASCADE ON UPDATE CASCADE;

--
-- Constraints for table `ratings`
--
ALTER TABLE `ratings`
  ADD CONSTRAINT `ratings_ibfk_1` FOREIGN KEY (`criteria_id`) REFERENCES `criteria` (`id`) ON DELETE CASCADE ON UPDATE CASCADE,
  ADD CONSTRAINT `ratings_ibfk_2` FOREIGN KEY (`team_id`) REFERENCES `teams` (`id`) ON DELETE CASCADE ON UPDATE CASCADE,
  ADD CONSTRAINT `ratings_ibfk_3` FOREIGN KEY (`judge_id`) REFERENCES `judges` (`id`) ON DELETE CASCADE ON UPDATE CASCADE;

--
-- Constraints for table `technical_event`
--
ALTER TABLE `technical_event`
  ADD CONSTRAINT `technical_event_ibfk_2` FOREIGN KEY (`technical_id`) REFERENCES `technicals` (`id`) ON DELETE CASCADE ON UPDATE CASCADE,
  ADD CONSTRAINT `technical_event_ibfk_3` FOREIGN KEY (`event_id`) REFERENCES `events` (`id`) ON DELETE CASCADE ON UPDATE CASCADE,
  ADD CONSTRAINT `technical_event_ibfk_4` FOREIGN KEY (`active_team_id`) REFERENCES `teams` (`id`) ON DELETE NO ACTION ON UPDATE CASCADE;
COMMIT;

/*!40101 SET CHARACTER_SET_CLIENT=@OLD_CHARACTER_SET_CLIENT */;
/*!40101 SET CHARACTER_SET_RESULTS=@OLD_CHARACTER_SET_RESULTS */;
/*!40101 SET COLLATION_CONNECTION=@OLD_COLLATION_CONNECTION */;
