-- phpMyAdmin SQL Dump
-- version 5.2.1
-- https://www.phpmyadmin.net/
--
-- Host: 127.0.0.1
-- Generation Time: Aug 08, 2024 at 06:43 PM
-- Server version: 10.4.28-MariaDB
-- PHP Version: 8.2.4

SET SQL_MODE = "NO_AUTO_VALUE_ON_ZERO";
START TRANSACTION;
SET time_zone = "+00:00";


/*!40101 SET @OLD_CHARACTER_SET_CLIENT=@@CHARACTER_SET_CLIENT */;
/*!40101 SET @OLD_CHARACTER_SET_RESULTS=@@CHARACTER_SET_RESULTS */;
/*!40101 SET @OLD_COLLATION_CONNECTION=@@COLLATION_CONNECTION */;
/*!40101 SET NAMES utf8mb4 */;

--
-- Database: `mnbsc-buhi`
--

-- --------------------------------------------------------

--
-- Table structure for table `admins`
--

CREATE TABLE `admins` (
  `id` tinyint(3) UNSIGNED NOT NULL,
  `number` tinyint(3) UNSIGNED NOT NULL,
  `name` varchar(255) NOT NULL,
  `avatar` varchar(255) NOT NULL,
  `username` varchar(255) NOT NULL,
  `password` varchar(255) NOT NULL,
  `active_portion` varchar(255) DEFAULT NULL,
  `called_at` timestamp NULL DEFAULT NULL,
  `pinged_at` timestamp NULL DEFAULT NULL,
  `created_at` timestamp NOT NULL DEFAULT current_timestamp(),
  `updated_at` timestamp NOT NULL DEFAULT current_timestamp() ON UPDATE current_timestamp()
) ENGINE=InnoDB DEFAULT CHARSET=utf8mb4 COLLATE=utf8mb4_general_ci;

--
-- Dumping data for table `admins`
--

INSERT INTO `admins` (`id`, `number`, `name`, `avatar`, `username`, `password`, `active_portion`, `called_at`, `pinged_at`, `created_at`, `updated_at`) VALUES
(1, 1, 'DEVELOPMENT', 'no-avatar.jpg', 'admin', 'admin', NULL, NULL, NULL, '2023-02-19 07:36:32', '2023-05-28 03:58:25');

-- --------------------------------------------------------

--
-- Table structure for table `arrangements`
--

CREATE TABLE `arrangements` (
  `id` smallint(5) UNSIGNED NOT NULL,
  `event_id` smallint(5) UNSIGNED NOT NULL,
  `team_id` tinyint(3) UNSIGNED NOT NULL,
  `order` tinyint(3) UNSIGNED NOT NULL,
  `created_at` timestamp NOT NULL DEFAULT current_timestamp(),
  `updated_at` timestamp NOT NULL DEFAULT current_timestamp() ON UPDATE current_timestamp()
) ENGINE=InnoDB DEFAULT CHARSET=utf8mb4 COLLATE=utf8mb4_general_ci;

-- --------------------------------------------------------

--
-- Table structure for table `categories`
--

CREATE TABLE `categories` (
  `id` tinyint(3) UNSIGNED NOT NULL,
  `competition_id` tinyint(3) UNSIGNED NOT NULL,
  `slug` varchar(32) NOT NULL,
  `title` varchar(255) NOT NULL,
  `created_at` timestamp NOT NULL DEFAULT current_timestamp(),
  `updated_at` timestamp NOT NULL DEFAULT current_timestamp() ON UPDATE current_timestamp()
) ENGINE=InnoDB DEFAULT CHARSET=utf8mb4 COLLATE=utf8mb4_general_ci;

--
-- Dumping data for table `categories`
--

INSERT INTO `categories` (`id`, `competition_id`, `slug`, `title`, `created_at`, `updated_at`) VALUES
(1, 1, 'pre-pageant', 'Pre-Pageant', '2024-08-08 06:59:12', '2024-08-08 07:17:01'),
(2, 1, 'pageant-night', 'Pageant Night', '2023-04-06 13:25:10', '2024-08-08 07:17:08');

-- --------------------------------------------------------

--
-- Table structure for table `competitions`
--

CREATE TABLE `competitions` (
  `id` tinyint(3) UNSIGNED NOT NULL,
  `slug` varchar(32) NOT NULL,
  `title` varchar(255) NOT NULL,
  `created_at` timestamp NOT NULL DEFAULT current_timestamp(),
  `updated_at` timestamp NOT NULL DEFAULT current_timestamp() ON UPDATE current_timestamp()
) ENGINE=InnoDB DEFAULT CHARSET=utf8mb4 COLLATE=utf8mb4_general_ci;

--
-- Dumping data for table `competitions`
--

INSERT INTO `competitions` (`id`, `slug`, `title`, `created_at`, `updated_at`) VALUES
(1, 'mnbsc-buhi-2023', 'Mutya nin Bagong Santa Clara 2023', '2023-04-06 13:24:04', '2023-04-06 13:24:04');

-- --------------------------------------------------------

--
-- Table structure for table `criteria`
--

CREATE TABLE `criteria` (
  `id` smallint(5) UNSIGNED NOT NULL,
  `event_id` smallint(5) UNSIGNED NOT NULL,
  `title` varchar(255) NOT NULL,
  `percentage` float UNSIGNED NOT NULL,
  `created_at` timestamp NOT NULL DEFAULT current_timestamp(),
  `updated_at` timestamp NOT NULL DEFAULT current_timestamp() ON UPDATE current_timestamp()
) ENGINE=InnoDB DEFAULT CHARSET=utf8mb4 COLLATE=utf8mb4_general_ci;

--
-- Dumping data for table `criteria`
--

INSERT INTO `criteria` (`id`, `event_id`, `title`, `percentage`, `created_at`, `updated_at`) VALUES
(1, 1, 'Beauty of the Face', 30, '2024-08-08 05:22:55', '2024-08-08 05:22:55'),
(2, 1, 'Mastery', 30, '2024-08-08 05:23:06', '2024-08-08 05:23:06'),
(3, 1, 'Stage Presence', 30, '2024-08-08 05:23:18', '2024-08-08 05:23:18'),
(4, 1, 'Over-all Impact', 10, '2024-08-08 05:23:29', '2024-08-08 05:23:29'),
(5, 2, 'Beauty of the Face', 30, '2024-08-08 05:23:48', '2024-08-08 05:23:48'),
(6, 2, 'Body proportion', 30, '2024-08-08 05:24:09', '2024-08-08 05:24:09'),
(7, 2, 'Stage Presence', 30, '2024-08-08 05:24:22', '2024-08-08 05:24:22'),
(8, 2, 'Over-all impact', 10, '2024-08-08 05:24:41', '2024-08-08 05:24:41'),
(9, 3, 'Beauty of the Face', 30, '2024-08-08 05:25:10', '2024-08-08 05:25:10'),
(10, 3, 'Poise and bearing', 30, '2024-08-08 05:25:22', '2024-08-08 05:25:22'),
(11, 3, 'Over-all Design', 30, '2024-08-08 05:25:36', '2024-08-08 05:25:36'),
(12, 3, 'Over-all impact', 10, '2024-08-08 05:26:06', '2024-08-08 05:26:06'),
(13, 4, 'Content of the answer', 50, '2024-08-08 05:26:41', '2024-08-08 05:26:41'),
(14, 4, 'Delivery', 40, '2024-08-08 05:26:55', '2024-08-08 05:26:55'),
(15, 4, 'Over-all impact', 10, '2024-08-08 05:27:10', '2024-08-08 05:27:19'),
(16, 5, 'Craftmanship', 30, '2024-08-08 05:27:45', '2024-08-08 05:27:45'),
(17, 5, 'Over-all design', 30, '2024-08-08 05:27:59', '2024-08-08 05:27:59'),
(18, 5, 'Stage Presence', 30, '2024-08-08 05:28:16', '2024-08-08 05:28:16'),
(19, 5, 'Over-all impact', 10, '2024-08-08 05:28:31', '2024-08-08 05:28:31'),
(20, 6, 'Content of the Answer, Delivery, and Personality', 40, '2024-08-08 05:28:58', '2024-08-08 12:05:16'),
(21, 6, 'Beauty of the Face, Body Proportion, and Over-all Look', 60, '2024-08-08 05:29:15', '2024-08-08 12:06:18');

-- --------------------------------------------------------

--
-- Table structure for table `deductions`
--

CREATE TABLE `deductions` (
  `id` mediumint(8) UNSIGNED NOT NULL,
  `technical_id` tinyint(3) UNSIGNED NOT NULL,
  `event_id` smallint(5) UNSIGNED NOT NULL,
  `team_id` tinyint(3) UNSIGNED NOT NULL,
  `value` float UNSIGNED NOT NULL DEFAULT 0,
  `is_locked` tinyint(1) NOT NULL DEFAULT 0,
  `created_at` timestamp NOT NULL DEFAULT current_timestamp(),
  `updated_at` timestamp NOT NULL DEFAULT current_timestamp() ON UPDATE current_timestamp()
) ENGINE=InnoDB DEFAULT CHARSET=utf8mb4 COLLATE=utf8mb4_general_ci;

-- --------------------------------------------------------

--
-- Table structure for table `eliminations`
--

CREATE TABLE `eliminations` (
  `id` mediumint(9) NOT NULL,
  `event_id` smallint(5) UNSIGNED NOT NULL,
  `team_id` tinyint(3) UNSIGNED NOT NULL,
  `created_at` timestamp NOT NULL DEFAULT current_timestamp(),
  `updated_at` timestamp NOT NULL DEFAULT current_timestamp() ON UPDATE current_timestamp()
) ENGINE=InnoDB DEFAULT CHARSET=utf8mb4 COLLATE=utf8mb4_general_ci;

--
-- Dumping data for table `eliminations`
--

INSERT INTO `eliminations` (`id`, `event_id`, `team_id`, `created_at`, `updated_at`) VALUES
(14, 6, 1, '2024-08-08 06:42:52', '2024-08-08 06:42:52'),
(15, 6, 2, '2024-08-08 06:42:53', '2024-08-08 06:42:53'),
(16, 6, 3, '2024-08-08 06:42:54', '2024-08-08 06:42:54'),
(17, 6, 4, '2024-08-08 06:42:54', '2024-08-08 06:42:54'),
(18, 6, 5, '2024-08-08 06:42:55', '2024-08-08 06:42:55'),
(19, 6, 6, '2024-08-08 06:42:56', '2024-08-08 06:42:56'),
(20, 6, 7, '2024-08-08 06:42:59', '2024-08-08 06:42:59'),
(21, 6, 8, '2024-08-08 06:42:59', '2024-08-08 06:42:59'),
(22, 6, 9, '2024-08-08 06:43:01', '2024-08-08 06:43:01'),
(23, 6, 10, '2024-08-08 06:43:02', '2024-08-08 06:43:02'),
(24, 6, 11, '2024-08-08 06:43:02', '2024-08-08 06:43:02'),
(25, 6, 12, '2024-08-08 06:43:03', '2024-08-08 06:43:03'),
(26, 6, 13, '2024-08-08 06:43:05', '2024-08-08 06:43:05'),
(27, 6, 14, '2024-08-08 06:43:06', '2024-08-08 06:43:06'),
(28, 6, 15, '2024-08-08 06:43:08', '2024-08-08 06:43:08');

-- --------------------------------------------------------

--
-- Table structure for table `events`
--

CREATE TABLE `events` (
  `id` smallint(5) UNSIGNED NOT NULL,
  `category_id` tinyint(3) UNSIGNED NOT NULL,
  `slug` varchar(32) NOT NULL,
  `title` varchar(255) NOT NULL,
  `created_at` timestamp NOT NULL DEFAULT current_timestamp(),
  `updated_at` timestamp NOT NULL DEFAULT current_timestamp() ON UPDATE current_timestamp()
) ENGINE=InnoDB DEFAULT CHARSET=utf8mb4 COLLATE=utf8mb4_general_ci;

--
-- Dumping data for table `events`
--

INSERT INTO `events` (`id`, `category_id`, `slug`, `title`, `created_at`, `updated_at`) VALUES
(1, 2, 'production', 'Production', '2024-08-08 05:15:57', '2024-08-08 05:15:57'),
(2, 2, 'swimwear', 'Swimwear', '2024-08-08 05:18:01', '2024-08-08 05:18:01'),
(3, 2, 'evening-gown', 'Evening Gown', '2024-08-08 05:18:28', '2024-08-08 05:18:28'),
(4, 1, 'preliminary-interview', 'Preliminary Interview', '2024-08-08 05:19:43', '2024-08-08 09:06:29'),
(5, 2, 'fiesta-carnival-costume', 'Fiesta Carnival Costume', '2024-08-08 05:20:19', '2024-08-08 05:20:19'),
(6, 2, 'final-qa', 'Final Q & A', '2024-08-08 05:20:47', '2024-08-08 05:20:47');

-- --------------------------------------------------------

--
-- Table structure for table `judges`
--

CREATE TABLE `judges` (
  `id` tinyint(3) UNSIGNED NOT NULL,
  `number` tinyint(3) UNSIGNED NOT NULL,
  `name` varchar(255) NOT NULL,
  `avatar` varchar(255) DEFAULT NULL,
  `username` varchar(255) NOT NULL,
  `password` varchar(255) NOT NULL,
  `active_portion` varchar(255) DEFAULT NULL,
  `called_at` timestamp NULL DEFAULT NULL,
  `pinged_at` timestamp NULL DEFAULT NULL,
  `created_at` timestamp NOT NULL DEFAULT current_timestamp(),
  `updated_at` timestamp NOT NULL DEFAULT current_timestamp() ON UPDATE current_timestamp()
) ENGINE=InnoDB DEFAULT CHARSET=utf8mb4 COLLATE=utf8mb4_general_ci;

--
-- Dumping data for table `judges`
--

INSERT INTO `judges` (`id`, `number`, `name`, `avatar`, `username`, `password`, `active_portion`, `called_at`, `pinged_at`, `created_at`, `updated_at`) VALUES
(1, 1, 'Judge 01', 'no-avatar.jpg', 'judge01', 'judge01', NULL, NULL, NULL, '2023-04-06 13:58:11', '2024-08-08 12:55:40'),
(2, 2, 'Judge 02', 'no-avatar.jpg', 'judge02', 'judge02', NULL, NULL, NULL, '2023-04-06 13:58:28', '2024-08-08 12:56:09'),
(3, 3, 'Judge 03', 'no-avatar.jpg', 'judge03', 'judge03', NULL, NULL, NULL, '2023-04-06 13:58:42', '2024-08-08 12:56:34'),
(4, 4, 'Judge 04', 'no-avatar.jpg', 'judge04', 'judge04', NULL, NULL, NULL, '2023-04-06 13:59:26', '2024-08-08 12:57:01'),
(5, 5, 'Judge 05', 'no-avatar.jpg', 'judge05', 'judge05', NULL, NULL, NULL, '2023-04-06 14:00:00', '2024-08-08 12:57:25'),
(6, 6, 'Judge 06', 'no-avatar.jpg', 'judge06', 'judge06', NULL, NULL, NULL, '2024-08-08 07:12:58', '2024-08-08 12:57:53'),
(7, 7, 'Judge 07', 'no-avatar.jpg', 'judge07', 'judge07', NULL, NULL, NULL, '2024-08-08 07:13:33', '2024-08-08 12:58:13'),
(8, 8, 'Judge 08', 'no-avatar.jpg', 'judge08', 'judge08', NULL, NULL, NULL, '2024-08-08 07:13:54', '2024-08-08 12:58:36');

-- --------------------------------------------------------

--
-- Table structure for table `judge_event`
--

CREATE TABLE `judge_event` (
  `id` tinyint(3) UNSIGNED NOT NULL,
  `judge_id` tinyint(3) UNSIGNED NOT NULL,
  `event_id` smallint(5) UNSIGNED NOT NULL,
  `is_chairman` tinyint(1) NOT NULL DEFAULT 0,
  `active_team_id` tinyint(3) UNSIGNED NOT NULL,
  `has_active_team` tinyint(1) NOT NULL DEFAULT 0,
  `created_at` timestamp NOT NULL DEFAULT current_timestamp(),
  `updated_at` timestamp NOT NULL DEFAULT current_timestamp() ON UPDATE current_timestamp()
) ENGINE=InnoDB DEFAULT CHARSET=utf8mb4 COLLATE=utf8mb4_general_ci;

--
-- Dumping data for table `judge_event`
--

INSERT INTO `judge_event` (`id`, `judge_id`, `event_id`, `is_chairman`, `active_team_id`, `has_active_team`, `created_at`, `updated_at`) VALUES
(1, 1, 1, 0, 1, 0, '2023-04-06 14:00:46', '2024-08-08 05:34:32'),
(2, 1, 2, 0, 1, 0, '2023-04-06 14:00:48', '2024-08-08 05:34:35'),
(4, 1, 4, 0, 1, 0, '2023-04-06 14:00:53', '2024-08-08 05:34:34'),
(6, 2, 1, 0, 1, 0, '2023-04-06 14:01:01', '2024-04-22 10:21:17'),
(7, 2, 2, 0, 1, 0, '2023-04-06 14:01:03', '2024-04-22 10:21:17'),
(9, 2, 4, 0, 1, 0, '2023-04-06 14:01:08', '2024-04-22 10:21:17'),
(11, 3, 1, 0, 1, 0, '2023-04-06 14:01:14', '2024-04-22 10:21:17'),
(12, 3, 2, 0, 1, 0, '2023-04-06 14:01:16', '2024-04-22 10:21:17'),
(14, 3, 4, 0, 1, 0, '2023-04-06 14:01:21', '2024-04-22 10:21:17'),
(16, 4, 1, 0, 1, 0, '2023-04-06 14:01:28', '2024-04-22 10:21:17'),
(17, 4, 2, 0, 1, 0, '2023-04-06 14:01:30', '2024-04-22 10:21:17'),
(19, 4, 4, 0, 1, 0, '2023-04-06 14:01:36', '2024-04-22 10:21:17'),
(21, 5, 1, 0, 1, 0, '2023-04-06 14:01:42', '2024-04-22 10:21:17'),
(22, 5, 2, 0, 1, 0, '2023-04-06 14:01:45', '2024-04-22 10:21:17'),
(24, 5, 4, 0, 1, 0, '2023-04-06 14:01:49', '2024-04-22 10:21:17'),
(26, 1, 3, 0, 1, 0, '2024-08-08 05:36:10', '2024-08-08 05:36:10'),
(27, 1, 5, 0, 1, 0, '2024-08-08 05:36:20', '2024-08-08 05:36:20'),
(28, 1, 6, 0, 1, 0, '2024-08-08 05:36:38', '2024-08-08 05:36:38'),
(29, 2, 3, 0, 1, 0, '2024-08-08 05:37:14', '2024-08-08 05:37:14'),
(30, 2, 5, 0, 1, 0, '2024-08-08 05:37:21', '2024-08-08 05:37:21'),
(31, 2, 6, 0, 1, 0, '2024-08-08 05:37:28', '2024-08-08 05:37:28'),
(32, 3, 3, 0, 1, 0, '2024-08-08 05:37:37', '2024-08-08 05:37:37'),
(33, 3, 5, 0, 1, 0, '2024-08-08 05:37:43', '2024-08-08 05:37:43'),
(34, 3, 6, 0, 1, 0, '2024-08-08 05:37:48', '2024-08-08 05:37:48'),
(35, 4, 3, 0, 1, 0, '2024-08-08 05:38:10', '2024-08-08 05:38:10'),
(36, 4, 5, 0, 1, 0, '2024-08-08 05:38:17', '2024-08-08 05:38:17'),
(37, 4, 6, 0, 1, 0, '2024-08-08 05:38:23', '2024-08-08 05:38:23'),
(38, 5, 3, 0, 1, 0, '2024-08-08 05:38:37', '2024-08-08 05:38:37'),
(39, 5, 5, 0, 1, 0, '2024-08-08 05:38:43', '2024-08-08 05:38:43'),
(40, 5, 6, 0, 1, 0, '2024-08-08 05:38:48', '2024-08-08 05:38:48'),
(41, 6, 1, 0, 1, 0, '2024-08-08 12:44:17', '2024-08-08 12:44:17'),
(42, 6, 2, 0, 1, 0, '2024-08-08 12:44:26', '2024-08-08 12:44:26'),
(43, 6, 3, 0, 1, 0, '2024-08-08 12:44:32', '2024-08-08 12:44:32'),
(44, 6, 4, 0, 1, 0, '2024-08-08 12:44:38', '2024-08-08 12:44:38'),
(45, 6, 5, 0, 1, 0, '2024-08-08 12:44:44', '2024-08-08 12:44:44'),
(46, 6, 6, 0, 1, 0, '2024-08-08 12:44:48', '2024-08-08 12:44:48'),
(47, 7, 1, 0, 1, 0, '2024-08-08 12:45:34', '2024-08-08 12:45:34'),
(48, 7, 2, 0, 1, 0, '2024-08-08 12:45:40', '2024-08-08 12:45:40'),
(49, 7, 3, 0, 1, 0, '2024-08-08 12:45:57', '2024-08-08 12:45:57'),
(50, 7, 4, 0, 1, 0, '2024-08-08 12:46:02', '2024-08-08 12:46:02'),
(51, 7, 5, 0, 1, 0, '2024-08-08 12:46:08', '2024-08-08 12:46:08'),
(52, 7, 6, 0, 1, 0, '2024-08-08 12:46:13', '2024-08-08 12:46:13'),
(53, 8, 1, 0, 1, 0, '2024-08-08 12:46:23', '2024-08-08 12:46:23'),
(54, 8, 2, 0, 1, 0, '2024-08-08 12:46:28', '2024-08-08 12:46:28'),
(55, 8, 3, 0, 1, 0, '2024-08-08 12:46:33', '2024-08-08 12:46:33'),
(56, 8, 4, 0, 1, 0, '2024-08-08 12:46:51', '2024-08-08 12:46:51'),
(57, 8, 5, 0, 1, 0, '2024-08-08 12:46:56', '2024-08-08 12:46:56'),
(58, 8, 6, 0, 1, 0, '2024-08-08 12:47:02', '2024-08-08 12:47:02');

-- --------------------------------------------------------

--
-- Table structure for table `noshows`
--

CREATE TABLE `noshows` (
  `id` smallint(5) UNSIGNED NOT NULL,
  `event_id` smallint(5) UNSIGNED NOT NULL,
  `team_id` tinyint(3) UNSIGNED NOT NULL,
  `created_at` timestamp NOT NULL DEFAULT current_timestamp(),
  `updated_at` timestamp NOT NULL DEFAULT current_timestamp() ON UPDATE current_timestamp()
) ENGINE=InnoDB DEFAULT CHARSET=utf8mb4 COLLATE=utf8mb4_general_ci;

-- --------------------------------------------------------

--
-- Table structure for table `participants`
--

CREATE TABLE `participants` (
  `id` smallint(5) UNSIGNED NOT NULL,
  `team_id` tinyint(3) UNSIGNED NOT NULL,
  `event_id` smallint(5) UNSIGNED NOT NULL,
  `number` smallint(5) UNSIGNED NOT NULL,
  `first_name` varchar(255) NOT NULL,
  `middle_name` varchar(255) DEFAULT NULL,
  `last_name` varchar(255) NOT NULL,
  `gender` enum('male','female') NOT NULL,
  `avatar` varchar(255) DEFAULT NULL,
  `created_at` timestamp NOT NULL DEFAULT current_timestamp(),
  `updated_at` timestamp NOT NULL DEFAULT current_timestamp() ON UPDATE current_timestamp()
) ENGINE=InnoDB DEFAULT CHARSET=utf8mb4 COLLATE=utf8mb4_general_ci;

-- --------------------------------------------------------

--
-- Table structure for table `points`
--

CREATE TABLE `points` (
  `id` smallint(5) UNSIGNED NOT NULL,
  `event_id` smallint(5) UNSIGNED NOT NULL,
  `rank` tinyint(3) UNSIGNED NOT NULL,
  `value` float UNSIGNED NOT NULL,
  `created_at` timestamp NOT NULL DEFAULT current_timestamp(),
  `updated_at` timestamp NOT NULL DEFAULT current_timestamp() ON UPDATE current_timestamp()
) ENGINE=InnoDB DEFAULT CHARSET=utf8mb4 COLLATE=utf8mb4_general_ci;

-- --------------------------------------------------------

--
-- Table structure for table `ratings`
--

CREATE TABLE `ratings` (
  `id` mediumint(8) UNSIGNED NOT NULL,
  `judge_id` tinyint(3) UNSIGNED NOT NULL,
  `criteria_id` smallint(5) UNSIGNED NOT NULL,
  `team_id` tinyint(3) UNSIGNED NOT NULL,
  `value` float UNSIGNED NOT NULL DEFAULT 0,
  `is_locked` tinyint(1) NOT NULL DEFAULT 0,
  `created_at` timestamp NOT NULL DEFAULT current_timestamp(),
  `updated_at` timestamp NOT NULL DEFAULT current_timestamp() ON UPDATE current_timestamp()
) ENGINE=InnoDB DEFAULT CHARSET=utf8mb4 COLLATE=utf8mb4_general_ci;

--
-- Dumping data for table `ratings`
--

INSERT INTO `ratings` (`id`, `judge_id`, `criteria_id`, `team_id`, `value`, `is_locked`, `created_at`, `updated_at`) VALUES
(901, 1, 13, 1, 0, 0, '2024-08-08 05:30:03', '2024-08-08 05:30:03'),
(902, 1, 14, 1, 0, 0, '2024-08-08 05:30:03', '2024-08-08 05:30:03'),
(903, 1, 15, 1, 0, 0, '2024-08-08 05:30:03', '2024-08-08 05:30:03'),
(904, 1, 13, 2, 0, 0, '2024-08-08 05:30:03', '2024-08-08 05:30:03'),
(905, 1, 14, 2, 0, 0, '2024-08-08 05:30:04', '2024-08-08 05:30:04'),
(906, 1, 15, 2, 0, 0, '2024-08-08 05:30:04', '2024-08-08 05:30:04'),
(907, 1, 13, 3, 0, 0, '2024-08-08 05:30:04', '2024-08-08 05:30:04'),
(908, 1, 14, 3, 0, 0, '2024-08-08 05:30:04', '2024-08-08 05:30:04'),
(909, 1, 15, 3, 0, 0, '2024-08-08 05:30:04', '2024-08-08 05:30:04'),
(910, 1, 13, 4, 0, 0, '2024-08-08 05:30:04', '2024-08-08 05:30:04'),
(911, 1, 14, 4, 0, 0, '2024-08-08 05:30:04', '2024-08-08 05:30:04'),
(912, 1, 15, 4, 0, 0, '2024-08-08 05:30:04', '2024-08-08 05:30:04'),
(913, 1, 13, 5, 0, 0, '2024-08-08 05:30:04', '2024-08-08 05:30:04'),
(914, 1, 14, 5, 0, 0, '2024-08-08 05:30:04', '2024-08-08 05:30:04'),
(915, 1, 15, 5, 0, 0, '2024-08-08 05:30:04', '2024-08-08 05:30:04'),
(916, 1, 13, 6, 0, 0, '2024-08-08 05:30:04', '2024-08-08 05:30:04'),
(917, 1, 14, 6, 0, 0, '2024-08-08 05:30:04', '2024-08-08 05:30:04'),
(918, 1, 15, 6, 0, 0, '2024-08-08 05:30:04', '2024-08-08 05:30:04'),
(919, 1, 13, 7, 0, 0, '2024-08-08 05:30:04', '2024-08-08 05:30:04'),
(920, 1, 14, 7, 0, 0, '2024-08-08 05:30:04', '2024-08-08 05:30:04'),
(921, 1, 15, 7, 0, 0, '2024-08-08 05:30:04', '2024-08-08 05:30:04'),
(922, 1, 13, 8, 0, 0, '2024-08-08 05:30:04', '2024-08-08 05:30:04'),
(923, 1, 14, 8, 0, 0, '2024-08-08 05:30:04', '2024-08-08 05:30:04'),
(924, 1, 15, 8, 0, 0, '2024-08-08 05:30:04', '2024-08-08 05:30:04'),
(925, 1, 13, 9, 0, 0, '2024-08-08 05:30:04', '2024-08-08 05:30:04'),
(926, 1, 14, 9, 0, 0, '2024-08-08 05:30:04', '2024-08-08 05:30:04'),
(927, 1, 15, 9, 0, 0, '2024-08-08 05:30:04', '2024-08-08 05:30:04'),
(928, 1, 13, 10, 0, 0, '2024-08-08 05:30:04', '2024-08-08 05:30:04'),
(929, 1, 14, 10, 0, 0, '2024-08-08 05:30:04', '2024-08-08 05:30:04'),
(930, 1, 15, 10, 0, 0, '2024-08-08 05:30:04', '2024-08-08 05:30:04'),
(931, 1, 13, 11, 0, 0, '2024-08-08 05:30:04', '2024-08-08 05:30:04'),
(932, 1, 14, 11, 0, 0, '2024-08-08 05:30:04', '2024-08-08 05:30:04'),
(933, 1, 15, 11, 0, 0, '2024-08-08 05:30:04', '2024-08-08 05:30:04'),
(934, 1, 13, 12, 0, 0, '2024-08-08 05:30:04', '2024-08-08 05:30:04'),
(935, 1, 14, 12, 0, 0, '2024-08-08 05:30:04', '2024-08-08 05:30:04'),
(936, 1, 15, 12, 0, 0, '2024-08-08 05:30:04', '2024-08-08 05:30:04'),
(937, 1, 13, 13, 0, 0, '2024-08-08 05:30:04', '2024-08-08 05:30:04'),
(938, 1, 14, 13, 0, 0, '2024-08-08 05:30:04', '2024-08-08 05:30:04'),
(939, 1, 15, 13, 0, 0, '2024-08-08 05:30:04', '2024-08-08 05:30:04'),
(940, 1, 13, 14, 0, 0, '2024-08-08 05:30:04', '2024-08-08 05:30:04'),
(941, 1, 14, 14, 0, 0, '2024-08-08 05:30:04', '2024-08-08 05:30:04'),
(942, 1, 15, 14, 0, 0, '2024-08-08 05:30:04', '2024-08-08 05:30:04'),
(943, 1, 13, 15, 0, 0, '2024-08-08 05:30:04', '2024-08-08 05:30:04'),
(944, 1, 14, 15, 0, 0, '2024-08-08 05:30:04', '2024-08-08 05:30:04'),
(945, 1, 15, 15, 0, 0, '2024-08-08 05:30:04', '2024-08-08 05:30:04'),
(946, 2, 13, 1, 0, 0, '2024-08-08 05:30:04', '2024-08-08 05:30:04'),
(947, 2, 14, 1, 0, 0, '2024-08-08 05:30:04', '2024-08-08 05:30:04'),
(948, 2, 15, 1, 0, 0, '2024-08-08 05:30:04', '2024-08-08 05:30:04'),
(949, 2, 13, 2, 0, 0, '2024-08-08 05:30:04', '2024-08-08 05:30:04'),
(950, 2, 14, 2, 0, 0, '2024-08-08 05:30:04', '2024-08-08 05:30:04'),
(951, 2, 15, 2, 0, 0, '2024-08-08 05:30:04', '2024-08-08 05:30:04'),
(952, 2, 13, 3, 0, 0, '2024-08-08 05:30:04', '2024-08-08 05:30:04'),
(953, 2, 14, 3, 0, 0, '2024-08-08 05:30:04', '2024-08-08 05:30:04'),
(954, 2, 15, 3, 0, 0, '2024-08-08 05:30:04', '2024-08-08 05:30:04'),
(955, 2, 13, 4, 0, 0, '2024-08-08 05:30:04', '2024-08-08 05:30:04'),
(956, 2, 14, 4, 0, 0, '2024-08-08 05:30:04', '2024-08-08 05:30:04'),
(957, 2, 15, 4, 0, 0, '2024-08-08 05:30:04', '2024-08-08 05:30:04'),
(958, 2, 13, 5, 0, 0, '2024-08-08 05:30:04', '2024-08-08 05:30:04'),
(959, 2, 14, 5, 0, 0, '2024-08-08 05:30:04', '2024-08-08 05:30:04'),
(960, 2, 15, 5, 0, 0, '2024-08-08 05:30:04', '2024-08-08 05:30:04'),
(961, 2, 13, 6, 0, 0, '2024-08-08 05:30:04', '2024-08-08 05:30:04'),
(962, 2, 14, 6, 0, 0, '2024-08-08 05:30:04', '2024-08-08 05:30:04'),
(963, 2, 15, 6, 0, 0, '2024-08-08 05:30:04', '2024-08-08 05:30:04'),
(964, 2, 13, 7, 0, 0, '2024-08-08 05:30:04', '2024-08-08 05:30:04'),
(965, 2, 14, 7, 0, 0, '2024-08-08 05:30:04', '2024-08-08 05:30:04'),
(966, 2, 15, 7, 0, 0, '2024-08-08 05:30:04', '2024-08-08 05:30:04'),
(967, 2, 13, 8, 0, 0, '2024-08-08 05:30:04', '2024-08-08 05:30:04'),
(968, 2, 14, 8, 0, 0, '2024-08-08 05:30:04', '2024-08-08 05:30:04'),
(969, 2, 15, 8, 0, 0, '2024-08-08 05:30:04', '2024-08-08 05:30:04'),
(970, 2, 13, 9, 0, 0, '2024-08-08 05:30:04', '2024-08-08 05:30:04'),
(971, 2, 14, 9, 0, 0, '2024-08-08 05:30:04', '2024-08-08 05:30:04'),
(972, 2, 15, 9, 0, 0, '2024-08-08 05:30:04', '2024-08-08 05:30:04'),
(973, 2, 13, 10, 0, 0, '2024-08-08 05:30:04', '2024-08-08 05:30:04'),
(974, 2, 14, 10, 0, 0, '2024-08-08 05:30:04', '2024-08-08 05:30:04'),
(975, 2, 15, 10, 0, 0, '2024-08-08 05:30:04', '2024-08-08 05:30:04'),
(976, 2, 13, 11, 0, 0, '2024-08-08 05:30:04', '2024-08-08 05:30:04'),
(977, 2, 14, 11, 0, 0, '2024-08-08 05:30:04', '2024-08-08 05:30:04'),
(978, 2, 15, 11, 0, 0, '2024-08-08 05:30:04', '2024-08-08 05:30:04'),
(979, 2, 13, 12, 0, 0, '2024-08-08 05:30:04', '2024-08-08 05:30:04'),
(980, 2, 14, 12, 0, 0, '2024-08-08 05:30:04', '2024-08-08 05:30:04'),
(981, 2, 15, 12, 0, 0, '2024-08-08 05:30:04', '2024-08-08 05:30:04'),
(982, 2, 13, 13, 0, 0, '2024-08-08 05:30:04', '2024-08-08 05:30:04'),
(983, 2, 14, 13, 0, 0, '2024-08-08 05:30:04', '2024-08-08 05:30:04'),
(984, 2, 15, 13, 0, 0, '2024-08-08 05:30:04', '2024-08-08 05:30:04'),
(985, 2, 13, 14, 0, 0, '2024-08-08 05:30:04', '2024-08-08 05:30:04'),
(986, 2, 14, 14, 0, 0, '2024-08-08 05:30:04', '2024-08-08 05:30:04'),
(987, 2, 15, 14, 0, 0, '2024-08-08 05:30:05', '2024-08-08 05:30:05'),
(988, 2, 13, 15, 0, 0, '2024-08-08 05:30:05', '2024-08-08 05:30:05'),
(989, 2, 14, 15, 0, 0, '2024-08-08 05:30:05', '2024-08-08 05:30:05'),
(990, 2, 15, 15, 0, 0, '2024-08-08 05:30:05', '2024-08-08 05:30:05'),
(991, 3, 13, 1, 0, 0, '2024-08-08 05:30:05', '2024-08-08 05:30:05'),
(992, 3, 14, 1, 0, 0, '2024-08-08 05:30:05', '2024-08-08 05:30:05'),
(993, 3, 15, 1, 0, 0, '2024-08-08 05:30:05', '2024-08-08 05:30:05'),
(994, 3, 13, 2, 0, 0, '2024-08-08 05:30:05', '2024-08-08 05:30:05'),
(995, 3, 14, 2, 0, 0, '2024-08-08 05:30:05', '2024-08-08 05:30:05'),
(996, 3, 15, 2, 0, 0, '2024-08-08 05:30:05', '2024-08-08 05:30:05'),
(997, 3, 13, 3, 0, 0, '2024-08-08 05:30:05', '2024-08-08 05:30:05'),
(998, 3, 14, 3, 0, 0, '2024-08-08 05:30:05', '2024-08-08 05:30:05'),
(999, 3, 15, 3, 0, 0, '2024-08-08 05:30:05', '2024-08-08 05:30:05'),
(1000, 3, 13, 4, 0, 0, '2024-08-08 05:30:05', '2024-08-08 05:30:05'),
(1001, 3, 14, 4, 0, 0, '2024-08-08 05:30:05', '2024-08-08 05:30:05'),
(1002, 3, 15, 4, 0, 0, '2024-08-08 05:30:05', '2024-08-08 05:30:05'),
(1003, 3, 13, 5, 0, 0, '2024-08-08 05:30:05', '2024-08-08 05:30:05'),
(1004, 3, 14, 5, 0, 0, '2024-08-08 05:30:05', '2024-08-08 05:30:05'),
(1005, 3, 15, 5, 0, 0, '2024-08-08 05:30:05', '2024-08-08 05:30:05'),
(1006, 3, 13, 6, 0, 0, '2024-08-08 05:30:05', '2024-08-08 05:30:05'),
(1007, 3, 14, 6, 0, 0, '2024-08-08 05:30:05', '2024-08-08 05:30:05'),
(1008, 3, 15, 6, 0, 0, '2024-08-08 05:30:05', '2024-08-08 05:30:05'),
(1009, 3, 13, 7, 0, 0, '2024-08-08 05:30:05', '2024-08-08 05:30:05'),
(1010, 3, 14, 7, 0, 0, '2024-08-08 05:30:05', '2024-08-08 05:30:05'),
(1011, 3, 15, 7, 0, 0, '2024-08-08 05:30:05', '2024-08-08 05:30:05'),
(1012, 3, 13, 8, 0, 0, '2024-08-08 05:30:05', '2024-08-08 05:30:05'),
(1013, 3, 14, 8, 0, 0, '2024-08-08 05:30:05', '2024-08-08 05:30:05'),
(1014, 3, 15, 8, 0, 0, '2024-08-08 05:30:05', '2024-08-08 05:30:05'),
(1015, 3, 13, 9, 0, 0, '2024-08-08 05:30:05', '2024-08-08 05:30:05'),
(1016, 3, 14, 9, 0, 0, '2024-08-08 05:30:05', '2024-08-08 05:30:05'),
(1017, 3, 15, 9, 0, 0, '2024-08-08 05:30:05', '2024-08-08 05:30:05'),
(1018, 3, 13, 10, 0, 0, '2024-08-08 05:30:05', '2024-08-08 05:30:05'),
(1019, 3, 14, 10, 0, 0, '2024-08-08 05:30:05', '2024-08-08 05:30:05'),
(1020, 3, 15, 10, 0, 0, '2024-08-08 05:30:05', '2024-08-08 05:30:05'),
(1021, 3, 13, 11, 0, 0, '2024-08-08 05:30:05', '2024-08-08 05:30:05'),
(1022, 3, 14, 11, 0, 0, '2024-08-08 05:30:05', '2024-08-08 05:30:05'),
(1023, 3, 15, 11, 0, 0, '2024-08-08 05:30:05', '2024-08-08 05:30:05'),
(1024, 3, 13, 12, 0, 0, '2024-08-08 05:30:05', '2024-08-08 05:30:05'),
(1025, 3, 14, 12, 0, 0, '2024-08-08 05:30:05', '2024-08-08 05:30:05'),
(1026, 3, 15, 12, 0, 0, '2024-08-08 05:30:05', '2024-08-08 05:30:05'),
(1027, 3, 13, 13, 0, 0, '2024-08-08 05:30:05', '2024-08-08 05:30:05'),
(1028, 3, 14, 13, 0, 0, '2024-08-08 05:30:05', '2024-08-08 05:30:05'),
(1029, 3, 15, 13, 0, 0, '2024-08-08 05:30:05', '2024-08-08 05:30:05'),
(1030, 3, 13, 14, 0, 0, '2024-08-08 05:30:05', '2024-08-08 05:30:05'),
(1031, 3, 14, 14, 0, 0, '2024-08-08 05:30:05', '2024-08-08 05:30:05'),
(1032, 3, 15, 14, 0, 0, '2024-08-08 05:30:05', '2024-08-08 05:30:05'),
(1033, 3, 13, 15, 0, 0, '2024-08-08 05:30:05', '2024-08-08 05:30:05'),
(1034, 3, 14, 15, 0, 0, '2024-08-08 05:30:05', '2024-08-08 05:30:05'),
(1035, 3, 15, 15, 0, 0, '2024-08-08 05:30:05', '2024-08-08 05:30:05'),
(1036, 4, 13, 1, 0, 0, '2024-08-08 05:30:05', '2024-08-08 05:30:05'),
(1037, 4, 14, 1, 0, 0, '2024-08-08 05:30:05', '2024-08-08 05:30:05'),
(1038, 4, 15, 1, 0, 0, '2024-08-08 05:30:05', '2024-08-08 05:30:05'),
(1039, 4, 13, 2, 0, 0, '2024-08-08 05:30:05', '2024-08-08 05:30:05'),
(1040, 4, 14, 2, 0, 0, '2024-08-08 05:30:05', '2024-08-08 05:30:05'),
(1041, 4, 15, 2, 0, 0, '2024-08-08 05:30:05', '2024-08-08 05:30:05'),
(1042, 4, 13, 3, 0, 0, '2024-08-08 05:30:05', '2024-08-08 05:30:05'),
(1043, 4, 14, 3, 0, 0, '2024-08-08 05:30:05', '2024-08-08 05:30:05'),
(1044, 4, 15, 3, 0, 0, '2024-08-08 05:30:05', '2024-08-08 05:30:05'),
(1045, 4, 13, 4, 0, 0, '2024-08-08 05:30:05', '2024-08-08 05:30:05'),
(1046, 4, 14, 4, 0, 0, '2024-08-08 05:30:05', '2024-08-08 05:30:05'),
(1047, 4, 15, 4, 0, 0, '2024-08-08 05:30:05', '2024-08-08 05:30:05'),
(1048, 4, 13, 5, 0, 0, '2024-08-08 05:30:05', '2024-08-08 05:30:05'),
(1049, 4, 14, 5, 0, 0, '2024-08-08 05:30:05', '2024-08-08 05:30:05'),
(1050, 4, 15, 5, 0, 0, '2024-08-08 05:30:05', '2024-08-08 05:30:05'),
(1051, 4, 13, 6, 0, 0, '2024-08-08 05:30:05', '2024-08-08 05:30:05'),
(1052, 4, 14, 6, 0, 0, '2024-08-08 05:30:05', '2024-08-08 05:30:05'),
(1053, 4, 15, 6, 0, 0, '2024-08-08 05:30:05', '2024-08-08 05:30:05'),
(1054, 4, 13, 7, 0, 0, '2024-08-08 05:30:05', '2024-08-08 05:30:05'),
(1055, 4, 14, 7, 0, 0, '2024-08-08 05:30:05', '2024-08-08 05:30:05'),
(1056, 4, 15, 7, 0, 0, '2024-08-08 05:30:05', '2024-08-08 05:30:05'),
(1057, 4, 13, 8, 0, 0, '2024-08-08 05:30:05', '2024-08-08 05:30:05'),
(1058, 4, 14, 8, 0, 0, '2024-08-08 05:30:05', '2024-08-08 05:30:05'),
(1059, 4, 15, 8, 0, 0, '2024-08-08 05:30:05', '2024-08-08 05:30:05'),
(1060, 4, 13, 9, 0, 0, '2024-08-08 05:30:05', '2024-08-08 05:30:05'),
(1061, 4, 14, 9, 0, 0, '2024-08-08 05:30:05', '2024-08-08 05:30:05'),
(1062, 4, 15, 9, 0, 0, '2024-08-08 05:30:05', '2024-08-08 05:30:05'),
(1063, 4, 13, 10, 0, 0, '2024-08-08 05:30:06', '2024-08-08 05:30:06'),
(1064, 4, 14, 10, 0, 0, '2024-08-08 05:30:06', '2024-08-08 05:30:06'),
(1065, 4, 15, 10, 0, 0, '2024-08-08 05:30:06', '2024-08-08 05:30:06'),
(1066, 4, 13, 11, 0, 0, '2024-08-08 05:30:06', '2024-08-08 05:30:06'),
(1067, 4, 14, 11, 0, 0, '2024-08-08 05:30:06', '2024-08-08 05:30:06'),
(1068, 4, 15, 11, 0, 0, '2024-08-08 05:30:06', '2024-08-08 05:30:06'),
(1069, 4, 13, 12, 0, 0, '2024-08-08 05:30:06', '2024-08-08 05:30:06'),
(1070, 4, 14, 12, 0, 0, '2024-08-08 05:30:06', '2024-08-08 05:30:06'),
(1071, 4, 15, 12, 0, 0, '2024-08-08 05:30:06', '2024-08-08 05:30:06'),
(1072, 4, 13, 13, 0, 0, '2024-08-08 05:30:06', '2024-08-08 05:30:06'),
(1073, 4, 14, 13, 0, 0, '2024-08-08 05:30:06', '2024-08-08 05:30:06'),
(1074, 4, 15, 13, 0, 0, '2024-08-08 05:30:06', '2024-08-08 05:30:06'),
(1075, 4, 13, 14, 0, 0, '2024-08-08 05:30:06', '2024-08-08 05:30:06'),
(1076, 4, 14, 14, 0, 0, '2024-08-08 05:30:06', '2024-08-08 05:30:06'),
(1077, 4, 15, 14, 0, 0, '2024-08-08 05:30:06', '2024-08-08 05:30:06'),
(1078, 4, 13, 15, 0, 0, '2024-08-08 05:30:06', '2024-08-08 05:30:06'),
(1079, 4, 14, 15, 0, 0, '2024-08-08 05:30:06', '2024-08-08 05:30:06'),
(1080, 4, 15, 15, 0, 0, '2024-08-08 05:30:06', '2024-08-08 05:30:06'),
(1081, 5, 13, 1, 0, 0, '2024-08-08 05:30:06', '2024-08-08 05:30:06'),
(1082, 5, 14, 1, 0, 0, '2024-08-08 05:30:06', '2024-08-08 05:30:06'),
(1083, 5, 15, 1, 0, 0, '2024-08-08 05:30:06', '2024-08-08 05:30:06'),
(1084, 5, 13, 2, 0, 0, '2024-08-08 05:30:06', '2024-08-08 05:30:06'),
(1085, 5, 14, 2, 0, 0, '2024-08-08 05:30:06', '2024-08-08 05:30:06'),
(1086, 5, 15, 2, 0, 0, '2024-08-08 05:30:06', '2024-08-08 05:30:06'),
(1087, 5, 13, 3, 0, 0, '2024-08-08 05:30:06', '2024-08-08 05:30:06'),
(1088, 5, 14, 3, 0, 0, '2024-08-08 05:30:06', '2024-08-08 05:30:06'),
(1089, 5, 15, 3, 0, 0, '2024-08-08 05:30:06', '2024-08-08 05:30:06'),
(1090, 5, 13, 4, 0, 0, '2024-08-08 05:30:06', '2024-08-08 05:30:06'),
(1091, 5, 14, 4, 0, 0, '2024-08-08 05:30:06', '2024-08-08 05:30:06'),
(1092, 5, 15, 4, 0, 0, '2024-08-08 05:30:06', '2024-08-08 05:30:06'),
(1093, 5, 13, 5, 0, 0, '2024-08-08 05:30:06', '2024-08-08 05:30:06'),
(1094, 5, 14, 5, 0, 0, '2024-08-08 05:30:06', '2024-08-08 05:30:06'),
(1095, 5, 15, 5, 0, 0, '2024-08-08 05:30:06', '2024-08-08 05:30:06'),
(1096, 5, 13, 6, 0, 0, '2024-08-08 05:30:06', '2024-08-08 05:30:06'),
(1097, 5, 14, 6, 0, 0, '2024-08-08 05:30:06', '2024-08-08 05:30:06'),
(1098, 5, 15, 6, 0, 0, '2024-08-08 05:30:06', '2024-08-08 05:30:06'),
(1099, 5, 13, 7, 0, 0, '2024-08-08 05:30:06', '2024-08-08 05:30:06'),
(1100, 5, 14, 7, 0, 0, '2024-08-08 05:30:06', '2024-08-08 05:30:06'),
(1101, 5, 15, 7, 0, 0, '2024-08-08 05:30:06', '2024-08-08 05:30:06'),
(1102, 5, 13, 8, 0, 0, '2024-08-08 05:30:06', '2024-08-08 05:30:06'),
(1103, 5, 14, 8, 0, 0, '2024-08-08 05:30:06', '2024-08-08 05:30:06'),
(1104, 5, 15, 8, 0, 0, '2024-08-08 05:30:06', '2024-08-08 05:30:06'),
(1105, 5, 13, 9, 0, 0, '2024-08-08 05:30:06', '2024-08-08 05:30:06'),
(1106, 5, 14, 9, 0, 0, '2024-08-08 05:30:06', '2024-08-08 05:30:06'),
(1107, 5, 15, 9, 0, 0, '2024-08-08 05:30:06', '2024-08-08 05:30:06'),
(1108, 5, 13, 10, 0, 0, '2024-08-08 05:30:06', '2024-08-08 05:30:06'),
(1109, 5, 14, 10, 0, 0, '2024-08-08 05:30:06', '2024-08-08 05:30:06'),
(1110, 5, 15, 10, 0, 0, '2024-08-08 05:30:06', '2024-08-08 05:30:06'),
(1111, 5, 13, 11, 0, 0, '2024-08-08 05:30:06', '2024-08-08 05:30:06'),
(1112, 5, 14, 11, 0, 0, '2024-08-08 05:30:06', '2024-08-08 05:30:06'),
(1113, 5, 15, 11, 0, 0, '2024-08-08 05:30:06', '2024-08-08 05:30:06'),
(1114, 5, 13, 12, 0, 0, '2024-08-08 05:30:06', '2024-08-08 05:30:06'),
(1115, 5, 14, 12, 0, 0, '2024-08-08 05:30:06', '2024-08-08 05:30:06'),
(1116, 5, 15, 12, 0, 0, '2024-08-08 05:30:06', '2024-08-08 05:30:06'),
(1117, 5, 13, 13, 0, 0, '2024-08-08 05:30:06', '2024-08-08 05:30:06'),
(1118, 5, 14, 13, 0, 0, '2024-08-08 05:30:06', '2024-08-08 05:30:06'),
(1119, 5, 15, 13, 0, 0, '2024-08-08 05:30:06', '2024-08-08 05:30:06'),
(1120, 5, 13, 14, 0, 0, '2024-08-08 05:30:06', '2024-08-08 05:30:06'),
(1121, 5, 14, 14, 0, 0, '2024-08-08 05:30:06', '2024-08-08 05:30:06'),
(1122, 5, 15, 14, 0, 0, '2024-08-08 05:30:06', '2024-08-08 05:30:06'),
(1123, 5, 13, 15, 0, 0, '2024-08-08 05:30:06', '2024-08-08 05:30:06'),
(1124, 5, 14, 15, 0, 0, '2024-08-08 05:30:06', '2024-08-08 05:30:06'),
(1125, 5, 15, 15, 0, 0, '2024-08-08 05:30:06', '2024-08-08 05:30:06'),
(1126, 1, 5, 1, 0, 0, '2024-08-08 05:30:07', '2024-08-08 05:30:07'),
(1127, 1, 6, 1, 0, 0, '2024-08-08 05:30:07', '2024-08-08 05:30:07'),
(1128, 1, 7, 1, 0, 0, '2024-08-08 05:30:07', '2024-08-08 05:30:07'),
(1129, 1, 8, 1, 0, 0, '2024-08-08 05:30:07', '2024-08-08 05:30:07'),
(1130, 1, 5, 2, 0, 0, '2024-08-08 05:30:07', '2024-08-08 05:30:07'),
(1131, 1, 6, 2, 0, 0, '2024-08-08 05:30:07', '2024-08-08 05:30:07'),
(1132, 1, 7, 2, 0, 0, '2024-08-08 05:30:07', '2024-08-08 05:30:07'),
(1133, 1, 8, 2, 0, 0, '2024-08-08 05:30:07', '2024-08-08 05:30:07'),
(1134, 1, 5, 3, 0, 0, '2024-08-08 05:30:07', '2024-08-08 05:30:07'),
(1135, 1, 6, 3, 0, 0, '2024-08-08 05:30:07', '2024-08-08 05:30:07'),
(1136, 1, 7, 3, 0, 0, '2024-08-08 05:30:07', '2024-08-08 05:30:07'),
(1137, 1, 8, 3, 0, 0, '2024-08-08 05:30:07', '2024-08-08 05:30:07'),
(1138, 1, 5, 4, 0, 0, '2024-08-08 05:30:07', '2024-08-08 05:30:07'),
(1139, 1, 6, 4, 0, 0, '2024-08-08 05:30:07', '2024-08-08 05:30:07'),
(1140, 1, 7, 4, 0, 0, '2024-08-08 05:30:07', '2024-08-08 05:30:07'),
(1141, 1, 8, 4, 0, 0, '2024-08-08 05:30:07', '2024-08-08 05:30:07'),
(1142, 1, 5, 5, 0, 0, '2024-08-08 05:30:07', '2024-08-08 05:30:07'),
(1143, 1, 6, 5, 0, 0, '2024-08-08 05:30:07', '2024-08-08 05:30:07'),
(1144, 1, 7, 5, 0, 0, '2024-08-08 05:30:07', '2024-08-08 05:30:07'),
(1145, 1, 8, 5, 0, 0, '2024-08-08 05:30:07', '2024-08-08 05:30:07'),
(1146, 1, 5, 6, 0, 0, '2024-08-08 05:30:07', '2024-08-08 05:30:07'),
(1147, 1, 6, 6, 0, 0, '2024-08-08 05:30:07', '2024-08-08 05:30:07'),
(1148, 1, 7, 6, 0, 0, '2024-08-08 05:30:07', '2024-08-08 05:30:07'),
(1149, 1, 8, 6, 0, 0, '2024-08-08 05:30:07', '2024-08-08 05:30:07'),
(1150, 1, 5, 7, 0, 0, '2024-08-08 05:30:07', '2024-08-08 05:30:07'),
(1151, 1, 6, 7, 0, 0, '2024-08-08 05:30:07', '2024-08-08 05:30:07'),
(1152, 1, 7, 7, 0, 0, '2024-08-08 05:30:07', '2024-08-08 05:30:07'),
(1153, 1, 8, 7, 0, 0, '2024-08-08 05:30:07', '2024-08-08 05:30:07'),
(1154, 1, 5, 8, 0, 0, '2024-08-08 05:30:07', '2024-08-08 05:30:07'),
(1155, 1, 6, 8, 0, 0, '2024-08-08 05:30:07', '2024-08-08 05:30:07'),
(1156, 1, 7, 8, 0, 0, '2024-08-08 05:30:07', '2024-08-08 05:30:07'),
(1157, 1, 8, 8, 0, 0, '2024-08-08 05:30:07', '2024-08-08 05:30:07'),
(1158, 1, 5, 9, 0, 0, '2024-08-08 05:30:07', '2024-08-08 05:30:07'),
(1159, 1, 6, 9, 0, 0, '2024-08-08 05:30:07', '2024-08-08 05:30:07'),
(1160, 1, 7, 9, 0, 0, '2024-08-08 05:30:07', '2024-08-08 05:30:07'),
(1161, 1, 8, 9, 0, 0, '2024-08-08 05:30:07', '2024-08-08 05:30:07'),
(1162, 1, 5, 10, 0, 0, '2024-08-08 05:30:07', '2024-08-08 05:30:07'),
(1163, 1, 6, 10, 0, 0, '2024-08-08 05:30:07', '2024-08-08 05:30:07'),
(1164, 1, 7, 10, 0, 0, '2024-08-08 05:30:07', '2024-08-08 05:30:07'),
(1165, 1, 8, 10, 0, 0, '2024-08-08 05:30:07', '2024-08-08 05:30:07'),
(1166, 1, 5, 11, 0, 0, '2024-08-08 05:30:07', '2024-08-08 05:30:07'),
(1167, 1, 6, 11, 0, 0, '2024-08-08 05:30:07', '2024-08-08 05:30:07'),
(1168, 1, 7, 11, 0, 0, '2024-08-08 05:30:07', '2024-08-08 05:30:07'),
(1169, 1, 8, 11, 0, 0, '2024-08-08 05:30:07', '2024-08-08 05:30:07'),
(1170, 1, 5, 12, 0, 0, '2024-08-08 05:30:07', '2024-08-08 05:30:07'),
(1171, 1, 6, 12, 0, 0, '2024-08-08 05:30:07', '2024-08-08 05:30:07'),
(1172, 1, 7, 12, 0, 0, '2024-08-08 05:30:07', '2024-08-08 05:30:07'),
(1173, 1, 8, 12, 0, 0, '2024-08-08 05:30:07', '2024-08-08 05:30:07'),
(1174, 1, 5, 13, 0, 0, '2024-08-08 05:30:07', '2024-08-08 05:30:07'),
(1175, 1, 6, 13, 0, 0, '2024-08-08 05:30:07', '2024-08-08 05:30:07'),
(1176, 1, 7, 13, 0, 0, '2024-08-08 05:30:07', '2024-08-08 05:30:07'),
(1177, 1, 8, 13, 0, 0, '2024-08-08 05:30:07', '2024-08-08 05:30:07'),
(1178, 1, 5, 14, 0, 0, '2024-08-08 05:30:07', '2024-08-08 05:30:07'),
(1179, 1, 6, 14, 0, 0, '2024-08-08 05:30:07', '2024-08-08 05:30:07'),
(1180, 1, 7, 14, 0, 0, '2024-08-08 05:30:07', '2024-08-08 05:30:07'),
(1181, 1, 8, 14, 0, 0, '2024-08-08 05:30:07', '2024-08-08 05:30:07'),
(1182, 1, 5, 15, 0, 0, '2024-08-08 05:30:07', '2024-08-08 05:30:07'),
(1183, 1, 6, 15, 0, 0, '2024-08-08 05:30:07', '2024-08-08 05:30:07'),
(1184, 1, 7, 15, 0, 0, '2024-08-08 05:30:07', '2024-08-08 05:30:07'),
(1185, 1, 8, 15, 0, 0, '2024-08-08 05:30:07', '2024-08-08 05:30:07'),
(1186, 2, 5, 1, 0, 0, '2024-08-08 05:30:07', '2024-08-08 05:30:07'),
(1187, 2, 6, 1, 0, 0, '2024-08-08 05:30:07', '2024-08-08 05:30:07'),
(1188, 2, 7, 1, 0, 0, '2024-08-08 05:30:07', '2024-08-08 05:30:07'),
(1189, 2, 8, 1, 0, 0, '2024-08-08 05:30:07', '2024-08-08 05:30:07'),
(1190, 2, 5, 2, 0, 0, '2024-08-08 05:30:07', '2024-08-08 05:30:07'),
(1191, 2, 6, 2, 0, 0, '2024-08-08 05:30:08', '2024-08-08 05:30:08'),
(1192, 2, 7, 2, 0, 0, '2024-08-08 05:30:08', '2024-08-08 05:30:08'),
(1193, 2, 8, 2, 0, 0, '2024-08-08 05:30:08', '2024-08-08 05:30:08'),
(1194, 2, 5, 3, 0, 0, '2024-08-08 05:30:08', '2024-08-08 05:30:08'),
(1195, 2, 6, 3, 0, 0, '2024-08-08 05:30:08', '2024-08-08 05:30:08'),
(1196, 2, 7, 3, 0, 0, '2024-08-08 05:30:08', '2024-08-08 05:30:08'),
(1197, 2, 8, 3, 0, 0, '2024-08-08 05:30:08', '2024-08-08 05:30:08'),
(1198, 2, 5, 4, 0, 0, '2024-08-08 05:30:08', '2024-08-08 05:30:08'),
(1199, 2, 6, 4, 0, 0, '2024-08-08 05:30:08', '2024-08-08 05:30:08'),
(1200, 2, 7, 4, 0, 0, '2024-08-08 05:30:08', '2024-08-08 05:30:08'),
(1201, 2, 8, 4, 0, 0, '2024-08-08 05:30:08', '2024-08-08 05:30:08'),
(1202, 2, 5, 5, 0, 0, '2024-08-08 05:30:08', '2024-08-08 05:30:08'),
(1203, 2, 6, 5, 0, 0, '2024-08-08 05:30:08', '2024-08-08 05:30:08'),
(1204, 2, 7, 5, 0, 0, '2024-08-08 05:30:08', '2024-08-08 05:30:08'),
(1205, 2, 8, 5, 0, 0, '2024-08-08 05:30:08', '2024-08-08 05:30:08'),
(1206, 2, 5, 6, 0, 0, '2024-08-08 05:30:08', '2024-08-08 05:30:08'),
(1207, 2, 6, 6, 0, 0, '2024-08-08 05:30:08', '2024-08-08 05:30:08'),
(1208, 2, 7, 6, 0, 0, '2024-08-08 05:30:08', '2024-08-08 05:30:08'),
(1209, 2, 8, 6, 0, 0, '2024-08-08 05:30:08', '2024-08-08 05:30:08'),
(1210, 2, 5, 7, 0, 0, '2024-08-08 05:30:08', '2024-08-08 05:30:08'),
(1211, 2, 6, 7, 0, 0, '2024-08-08 05:30:08', '2024-08-08 05:30:08'),
(1212, 2, 7, 7, 0, 0, '2024-08-08 05:30:08', '2024-08-08 05:30:08'),
(1213, 2, 8, 7, 0, 0, '2024-08-08 05:30:08', '2024-08-08 05:30:08'),
(1214, 2, 5, 8, 0, 0, '2024-08-08 05:30:08', '2024-08-08 05:30:08'),
(1215, 2, 6, 8, 0, 0, '2024-08-08 05:30:08', '2024-08-08 05:30:08'),
(1216, 2, 7, 8, 0, 0, '2024-08-08 05:30:08', '2024-08-08 05:30:08'),
(1217, 2, 8, 8, 0, 0, '2024-08-08 05:30:08', '2024-08-08 05:30:08'),
(1218, 2, 5, 9, 0, 0, '2024-08-08 05:30:08', '2024-08-08 05:30:08'),
(1219, 2, 6, 9, 0, 0, '2024-08-08 05:30:08', '2024-08-08 05:30:08'),
(1220, 2, 7, 9, 0, 0, '2024-08-08 05:30:08', '2024-08-08 05:30:08'),
(1221, 2, 8, 9, 0, 0, '2024-08-08 05:30:08', '2024-08-08 05:30:08'),
(1222, 2, 5, 10, 0, 0, '2024-08-08 05:30:08', '2024-08-08 05:30:08'),
(1223, 2, 6, 10, 0, 0, '2024-08-08 05:30:08', '2024-08-08 05:30:08'),
(1224, 2, 7, 10, 0, 0, '2024-08-08 05:30:08', '2024-08-08 05:30:08'),
(1225, 2, 8, 10, 0, 0, '2024-08-08 05:30:08', '2024-08-08 05:30:08'),
(1226, 2, 5, 11, 0, 0, '2024-08-08 05:30:08', '2024-08-08 05:30:08'),
(1227, 2, 6, 11, 0, 0, '2024-08-08 05:30:08', '2024-08-08 05:30:08'),
(1228, 2, 7, 11, 0, 0, '2024-08-08 05:30:08', '2024-08-08 05:30:08'),
(1229, 2, 8, 11, 0, 0, '2024-08-08 05:30:08', '2024-08-08 05:30:08'),
(1230, 2, 5, 12, 0, 0, '2024-08-08 05:30:08', '2024-08-08 05:30:08'),
(1231, 2, 6, 12, 0, 0, '2024-08-08 05:30:08', '2024-08-08 05:30:08'),
(1232, 2, 7, 12, 0, 0, '2024-08-08 05:30:08', '2024-08-08 05:30:08'),
(1233, 2, 8, 12, 0, 0, '2024-08-08 05:30:08', '2024-08-08 05:30:08'),
(1234, 2, 5, 13, 0, 0, '2024-08-08 05:30:08', '2024-08-08 05:30:08'),
(1235, 2, 6, 13, 0, 0, '2024-08-08 05:30:08', '2024-08-08 05:30:08'),
(1236, 2, 7, 13, 0, 0, '2024-08-08 05:30:08', '2024-08-08 05:30:08'),
(1237, 2, 8, 13, 0, 0, '2024-08-08 05:30:08', '2024-08-08 05:30:08'),
(1238, 2, 5, 14, 0, 0, '2024-08-08 05:30:08', '2024-08-08 05:30:08'),
(1239, 2, 6, 14, 0, 0, '2024-08-08 05:30:08', '2024-08-08 05:30:08'),
(1240, 2, 7, 14, 0, 0, '2024-08-08 05:30:08', '2024-08-08 05:30:08'),
(1241, 2, 8, 14, 0, 0, '2024-08-08 05:30:08', '2024-08-08 05:30:08'),
(1242, 2, 5, 15, 0, 0, '2024-08-08 05:30:08', '2024-08-08 05:30:08'),
(1243, 2, 6, 15, 0, 0, '2024-08-08 05:30:08', '2024-08-08 05:30:08'),
(1244, 2, 7, 15, 0, 0, '2024-08-08 05:30:08', '2024-08-08 05:30:08'),
(1245, 2, 8, 15, 0, 0, '2024-08-08 05:30:08', '2024-08-08 05:30:08'),
(1246, 3, 5, 1, 0, 0, '2024-08-08 05:30:08', '2024-08-08 05:30:08'),
(1247, 3, 6, 1, 0, 0, '2024-08-08 05:30:08', '2024-08-08 05:30:08'),
(1248, 3, 7, 1, 0, 0, '2024-08-08 05:30:08', '2024-08-08 05:30:08'),
(1249, 3, 8, 1, 0, 0, '2024-08-08 05:30:08', '2024-08-08 05:30:08'),
(1250, 3, 5, 2, 0, 0, '2024-08-08 05:30:08', '2024-08-08 05:30:08'),
(1251, 3, 6, 2, 0, 0, '2024-08-08 05:30:08', '2024-08-08 05:30:08'),
(1252, 3, 7, 2, 0, 0, '2024-08-08 05:30:08', '2024-08-08 05:30:08'),
(1253, 3, 8, 2, 0, 0, '2024-08-08 05:30:08', '2024-08-08 05:30:08'),
(1254, 3, 5, 3, 0, 0, '2024-08-08 05:30:08', '2024-08-08 05:30:08'),
(1255, 3, 6, 3, 0, 0, '2024-08-08 05:30:08', '2024-08-08 05:30:08'),
(1256, 3, 7, 3, 0, 0, '2024-08-08 05:30:08', '2024-08-08 05:30:08'),
(1257, 3, 8, 3, 0, 0, '2024-08-08 05:30:08', '2024-08-08 05:30:08'),
(1258, 3, 5, 4, 0, 0, '2024-08-08 05:30:08', '2024-08-08 05:30:08'),
(1259, 3, 6, 4, 0, 0, '2024-08-08 05:30:08', '2024-08-08 05:30:08'),
(1260, 3, 7, 4, 0, 0, '2024-08-08 05:30:08', '2024-08-08 05:30:08'),
(1261, 3, 8, 4, 0, 0, '2024-08-08 05:30:08', '2024-08-08 05:30:08'),
(1262, 3, 5, 5, 0, 0, '2024-08-08 05:30:08', '2024-08-08 05:30:08'),
(1263, 3, 6, 5, 0, 0, '2024-08-08 05:30:09', '2024-08-08 05:30:09'),
(1264, 3, 7, 5, 0, 0, '2024-08-08 05:30:09', '2024-08-08 05:30:09'),
(1265, 3, 8, 5, 0, 0, '2024-08-08 05:30:09', '2024-08-08 05:30:09'),
(1266, 3, 5, 6, 0, 0, '2024-08-08 05:30:09', '2024-08-08 05:30:09'),
(1267, 3, 6, 6, 0, 0, '2024-08-08 05:30:09', '2024-08-08 05:30:09'),
(1268, 3, 7, 6, 0, 0, '2024-08-08 05:30:09', '2024-08-08 05:30:09'),
(1269, 3, 8, 6, 0, 0, '2024-08-08 05:30:09', '2024-08-08 05:30:09'),
(1270, 3, 5, 7, 0, 0, '2024-08-08 05:30:09', '2024-08-08 05:30:09'),
(1271, 3, 6, 7, 0, 0, '2024-08-08 05:30:09', '2024-08-08 05:30:09'),
(1272, 3, 7, 7, 0, 0, '2024-08-08 05:30:09', '2024-08-08 05:30:09'),
(1273, 3, 8, 7, 0, 0, '2024-08-08 05:30:09', '2024-08-08 05:30:09'),
(1274, 3, 5, 8, 0, 0, '2024-08-08 05:30:09', '2024-08-08 05:30:09'),
(1275, 3, 6, 8, 0, 0, '2024-08-08 05:30:09', '2024-08-08 05:30:09'),
(1276, 3, 7, 8, 0, 0, '2024-08-08 05:30:09', '2024-08-08 05:30:09'),
(1277, 3, 8, 8, 0, 0, '2024-08-08 05:30:09', '2024-08-08 05:30:09'),
(1278, 3, 5, 9, 0, 0, '2024-08-08 05:30:09', '2024-08-08 05:30:09'),
(1279, 3, 6, 9, 0, 0, '2024-08-08 05:30:09', '2024-08-08 05:30:09'),
(1280, 3, 7, 9, 0, 0, '2024-08-08 05:30:09', '2024-08-08 05:30:09'),
(1281, 3, 8, 9, 0, 0, '2024-08-08 05:30:09', '2024-08-08 05:30:09'),
(1282, 3, 5, 10, 0, 0, '2024-08-08 05:30:09', '2024-08-08 05:30:09'),
(1283, 3, 6, 10, 0, 0, '2024-08-08 05:30:09', '2024-08-08 05:30:09'),
(1284, 3, 7, 10, 0, 0, '2024-08-08 05:30:09', '2024-08-08 05:30:09'),
(1285, 3, 8, 10, 0, 0, '2024-08-08 05:30:09', '2024-08-08 05:30:09'),
(1286, 3, 5, 11, 0, 0, '2024-08-08 05:30:09', '2024-08-08 05:30:09'),
(1287, 3, 6, 11, 0, 0, '2024-08-08 05:30:09', '2024-08-08 05:30:09'),
(1288, 3, 7, 11, 0, 0, '2024-08-08 05:30:09', '2024-08-08 05:30:09'),
(1289, 3, 8, 11, 0, 0, '2024-08-08 05:30:09', '2024-08-08 05:30:09'),
(1290, 3, 5, 12, 0, 0, '2024-08-08 05:30:09', '2024-08-08 05:30:09'),
(1291, 3, 6, 12, 0, 0, '2024-08-08 05:30:09', '2024-08-08 05:30:09'),
(1292, 3, 7, 12, 0, 0, '2024-08-08 05:30:09', '2024-08-08 05:30:09'),
(1293, 3, 8, 12, 0, 0, '2024-08-08 05:30:09', '2024-08-08 05:30:09'),
(1294, 3, 5, 13, 0, 0, '2024-08-08 05:30:09', '2024-08-08 05:30:09'),
(1295, 3, 6, 13, 0, 0, '2024-08-08 05:30:09', '2024-08-08 05:30:09'),
(1296, 3, 7, 13, 0, 0, '2024-08-08 05:30:09', '2024-08-08 05:30:09'),
(1297, 3, 8, 13, 0, 0, '2024-08-08 05:30:09', '2024-08-08 05:30:09'),
(1298, 3, 5, 14, 0, 0, '2024-08-08 05:30:09', '2024-08-08 05:30:09'),
(1299, 3, 6, 14, 0, 0, '2024-08-08 05:30:09', '2024-08-08 05:30:09'),
(1300, 3, 7, 14, 0, 0, '2024-08-08 05:30:09', '2024-08-08 05:30:09'),
(1301, 3, 8, 14, 0, 0, '2024-08-08 05:30:09', '2024-08-08 05:30:09'),
(1302, 3, 5, 15, 0, 0, '2024-08-08 05:30:09', '2024-08-08 05:30:09'),
(1303, 3, 6, 15, 0, 0, '2024-08-08 05:30:09', '2024-08-08 05:30:09'),
(1304, 3, 7, 15, 0, 0, '2024-08-08 05:30:09', '2024-08-08 05:30:09'),
(1305, 3, 8, 15, 0, 0, '2024-08-08 05:30:09', '2024-08-08 05:30:09'),
(1306, 4, 5, 1, 0, 0, '2024-08-08 05:30:09', '2024-08-08 05:30:09'),
(1307, 4, 6, 1, 0, 0, '2024-08-08 05:30:09', '2024-08-08 05:30:09'),
(1308, 4, 7, 1, 0, 0, '2024-08-08 05:30:09', '2024-08-08 05:30:09'),
(1309, 4, 8, 1, 0, 0, '2024-08-08 05:30:09', '2024-08-08 05:30:09'),
(1310, 4, 5, 2, 0, 0, '2024-08-08 05:30:09', '2024-08-08 05:30:09'),
(1311, 4, 6, 2, 0, 0, '2024-08-08 05:30:09', '2024-08-08 05:30:09'),
(1312, 4, 7, 2, 0, 0, '2024-08-08 05:30:09', '2024-08-08 05:30:09'),
(1313, 4, 8, 2, 0, 0, '2024-08-08 05:30:09', '2024-08-08 05:30:09'),
(1314, 4, 5, 3, 0, 0, '2024-08-08 05:30:09', '2024-08-08 05:30:09'),
(1315, 4, 6, 3, 0, 0, '2024-08-08 05:30:09', '2024-08-08 05:30:09'),
(1316, 4, 7, 3, 0, 0, '2024-08-08 05:30:09', '2024-08-08 05:30:09'),
(1317, 4, 8, 3, 0, 0, '2024-08-08 05:30:09', '2024-08-08 05:30:09'),
(1318, 4, 5, 4, 0, 0, '2024-08-08 05:30:09', '2024-08-08 05:30:09'),
(1319, 4, 6, 4, 0, 0, '2024-08-08 05:30:09', '2024-08-08 05:30:09'),
(1320, 4, 7, 4, 0, 0, '2024-08-08 05:30:09', '2024-08-08 05:30:09'),
(1321, 4, 8, 4, 0, 0, '2024-08-08 05:30:09', '2024-08-08 05:30:09'),
(1322, 4, 5, 5, 0, 0, '2024-08-08 05:30:09', '2024-08-08 05:30:09'),
(1323, 4, 6, 5, 0, 0, '2024-08-08 05:30:09', '2024-08-08 05:30:09'),
(1324, 4, 7, 5, 0, 0, '2024-08-08 05:30:09', '2024-08-08 05:30:09'),
(1325, 4, 8, 5, 0, 0, '2024-08-08 05:30:09', '2024-08-08 05:30:09'),
(1326, 4, 5, 6, 0, 0, '2024-08-08 05:30:09', '2024-08-08 05:30:09'),
(1327, 4, 6, 6, 0, 0, '2024-08-08 05:30:09', '2024-08-08 05:30:09'),
(1328, 4, 7, 6, 0, 0, '2024-08-08 05:30:09', '2024-08-08 05:30:09'),
(1329, 4, 8, 6, 0, 0, '2024-08-08 05:30:09', '2024-08-08 05:30:09'),
(1330, 4, 5, 7, 0, 0, '2024-08-08 05:30:09', '2024-08-08 05:30:09'),
(1331, 4, 6, 7, 0, 0, '2024-08-08 05:30:09', '2024-08-08 05:30:09'),
(1332, 4, 7, 7, 0, 0, '2024-08-08 05:30:09', '2024-08-08 05:30:09'),
(1333, 4, 8, 7, 0, 0, '2024-08-08 05:30:09', '2024-08-08 05:30:09'),
(1334, 4, 5, 8, 0, 0, '2024-08-08 05:30:09', '2024-08-08 05:30:09'),
(1335, 4, 6, 8, 0, 0, '2024-08-08 05:30:09', '2024-08-08 05:30:09'),
(1336, 4, 7, 8, 0, 0, '2024-08-08 05:30:09', '2024-08-08 05:30:09'),
(1337, 4, 8, 8, 0, 0, '2024-08-08 05:30:09', '2024-08-08 05:30:09'),
(1338, 4, 5, 9, 0, 0, '2024-08-08 05:30:09', '2024-08-08 05:30:09'),
(1339, 4, 6, 9, 0, 0, '2024-08-08 05:30:09', '2024-08-08 05:30:09'),
(1340, 4, 7, 9, 0, 0, '2024-08-08 05:30:09', '2024-08-08 05:30:09'),
(1341, 4, 8, 9, 0, 0, '2024-08-08 05:30:09', '2024-08-08 05:30:09'),
(1342, 4, 5, 10, 0, 0, '2024-08-08 05:30:09', '2024-08-08 05:30:09'),
(1343, 4, 6, 10, 0, 0, '2024-08-08 05:30:10', '2024-08-08 05:30:10'),
(1344, 4, 7, 10, 0, 0, '2024-08-08 05:30:10', '2024-08-08 05:30:10'),
(1345, 4, 8, 10, 0, 0, '2024-08-08 05:30:10', '2024-08-08 05:30:10'),
(1346, 4, 5, 11, 0, 0, '2024-08-08 05:30:10', '2024-08-08 05:30:10'),
(1347, 1, 1, 1, 0, 0, '2024-08-08 05:30:10', '2024-08-08 06:21:54'),
(1348, 4, 6, 11, 0, 0, '2024-08-08 05:30:10', '2024-08-08 05:30:10'),
(1349, 1, 2, 1, 0, 0, '2024-08-08 05:30:10', '2024-08-08 06:21:52'),
(1350, 1, 3, 1, 0, 0, '2024-08-08 05:30:10', '2024-08-08 06:21:48'),
(1351, 4, 7, 11, 0, 0, '2024-08-08 05:30:10', '2024-08-08 05:30:10'),
(1352, 1, 4, 1, 0, 0, '2024-08-08 05:30:10', '2024-08-08 06:21:46'),
(1353, 4, 8, 11, 0, 0, '2024-08-08 05:30:10', '2024-08-08 05:30:10'),
(1354, 1, 1, 2, 0, 0, '2024-08-08 05:30:10', '2024-08-08 05:30:10'),
(1355, 4, 5, 12, 0, 0, '2024-08-08 05:30:10', '2024-08-08 05:30:10'),
(1356, 1, 2, 2, 0, 0, '2024-08-08 05:30:10', '2024-08-08 05:30:10'),
(1357, 1, 3, 2, 0, 0, '2024-08-08 05:30:10', '2024-08-08 05:30:10'),
(1358, 4, 6, 12, 0, 0, '2024-08-08 05:30:10', '2024-08-08 05:30:10'),
(1359, 4, 7, 12, 0, 0, '2024-08-08 05:30:10', '2024-08-08 05:30:10'),
(1360, 1, 4, 2, 0, 0, '2024-08-08 05:30:10', '2024-08-08 05:30:10'),
(1361, 4, 8, 12, 0, 0, '2024-08-08 05:30:10', '2024-08-08 05:30:10'),
(1362, 1, 1, 3, 0, 0, '2024-08-08 05:30:10', '2024-08-08 05:30:10'),
(1363, 1, 2, 3, 0, 0, '2024-08-08 05:30:10', '2024-08-08 05:30:10'),
(1364, 4, 5, 13, 0, 0, '2024-08-08 05:30:10', '2024-08-08 05:30:10'),
(1365, 1, 3, 3, 0, 0, '2024-08-08 05:30:10', '2024-08-08 05:30:10'),
(1366, 4, 6, 13, 0, 0, '2024-08-08 05:30:10', '2024-08-08 05:30:10'),
(1367, 1, 4, 3, 0, 0, '2024-08-08 05:30:10', '2024-08-08 05:30:10'),
(1368, 4, 7, 13, 0, 0, '2024-08-08 05:30:10', '2024-08-08 05:30:10'),
(1369, 4, 8, 13, 0, 0, '2024-08-08 05:30:10', '2024-08-08 05:30:10'),
(1370, 1, 1, 4, 0, 0, '2024-08-08 05:30:10', '2024-08-08 05:30:10'),
(1371, 1, 2, 4, 0, 0, '2024-08-08 05:30:10', '2024-08-08 05:30:10'),
(1372, 4, 5, 14, 0, 0, '2024-08-08 05:30:10', '2024-08-08 05:30:10'),
(1373, 1, 3, 4, 0, 0, '2024-08-08 05:30:10', '2024-08-08 05:30:10'),
(1374, 4, 6, 14, 0, 0, '2024-08-08 05:30:10', '2024-08-08 05:30:10'),
(1375, 1, 4, 4, 0, 0, '2024-08-08 05:30:10', '2024-08-08 05:30:10'),
(1376, 4, 7, 14, 0, 0, '2024-08-08 05:30:10', '2024-08-08 05:30:10'),
(1377, 1, 1, 5, 0, 0, '2024-08-08 05:30:10', '2024-08-08 05:30:10'),
(1378, 4, 8, 14, 0, 0, '2024-08-08 05:30:10', '2024-08-08 05:30:10'),
(1379, 1, 2, 5, 0, 0, '2024-08-08 05:30:10', '2024-08-08 05:30:10'),
(1380, 4, 5, 15, 0, 0, '2024-08-08 05:30:10', '2024-08-08 05:30:10'),
(1381, 1, 3, 5, 0, 0, '2024-08-08 05:30:10', '2024-08-08 05:30:10'),
(1382, 4, 6, 15, 0, 0, '2024-08-08 05:30:10', '2024-08-08 05:30:10'),
(1383, 1, 4, 5, 0, 0, '2024-08-08 05:30:10', '2024-08-08 05:30:10'),
(1384, 4, 7, 15, 0, 0, '2024-08-08 05:30:10', '2024-08-08 05:30:10'),
(1385, 1, 1, 6, 0, 0, '2024-08-08 05:30:10', '2024-08-08 05:30:10'),
(1386, 4, 8, 15, 0, 0, '2024-08-08 05:30:10', '2024-08-08 05:30:10'),
(1387, 1, 2, 6, 0, 0, '2024-08-08 05:30:10', '2024-08-08 05:30:10'),
(1388, 1, 3, 6, 0, 0, '2024-08-08 05:30:10', '2024-08-08 05:30:10'),
(1389, 5, 5, 1, 0, 0, '2024-08-08 05:30:10', '2024-08-08 05:30:10'),
(1390, 1, 4, 6, 0, 0, '2024-08-08 05:30:10', '2024-08-08 05:30:10'),
(1391, 5, 6, 1, 0, 0, '2024-08-08 05:30:10', '2024-08-08 05:30:10'),
(1392, 1, 1, 7, 0, 0, '2024-08-08 05:30:10', '2024-08-08 05:30:10'),
(1393, 5, 7, 1, 0, 0, '2024-08-08 05:30:10', '2024-08-08 05:30:10'),
(1394, 1, 2, 7, 0, 0, '2024-08-08 05:30:10', '2024-08-08 05:30:10'),
(1395, 5, 8, 1, 0, 0, '2024-08-08 05:30:10', '2024-08-08 05:30:10'),
(1396, 1, 3, 7, 0, 0, '2024-08-08 05:30:10', '2024-08-08 05:30:10'),
(1397, 5, 5, 2, 0, 0, '2024-08-08 05:30:10', '2024-08-08 05:30:10'),
(1398, 1, 4, 7, 0, 0, '2024-08-08 05:30:10', '2024-08-08 05:30:10'),
(1399, 5, 6, 2, 0, 0, '2024-08-08 05:30:10', '2024-08-08 05:30:10'),
(1400, 1, 1, 8, 0, 0, '2024-08-08 05:30:10', '2024-08-08 05:30:10'),
(1401, 5, 7, 2, 0, 0, '2024-08-08 05:30:10', '2024-08-08 05:30:10'),
(1402, 1, 2, 8, 0, 0, '2024-08-08 05:30:10', '2024-08-08 05:30:10'),
(1403, 5, 8, 2, 0, 0, '2024-08-08 05:30:10', '2024-08-08 05:30:10'),
(1404, 1, 3, 8, 0, 0, '2024-08-08 05:30:10', '2024-08-08 05:30:10'),
(1405, 1, 4, 8, 0, 0, '2024-08-08 05:30:10', '2024-08-08 05:30:10'),
(1406, 5, 5, 3, 0, 0, '2024-08-08 05:30:10', '2024-08-08 05:30:10'),
(1407, 1, 1, 9, 0, 0, '2024-08-08 05:30:10', '2024-08-08 05:30:10'),
(1408, 5, 6, 3, 0, 0, '2024-08-08 05:30:10', '2024-08-08 05:30:10'),
(1409, 1, 2, 9, 0, 0, '2024-08-08 05:30:10', '2024-08-08 05:30:10'),
(1410, 5, 7, 3, 0, 0, '2024-08-08 05:30:10', '2024-08-08 05:30:10'),
(1411, 1, 3, 9, 0, 0, '2024-08-08 05:30:10', '2024-08-08 05:30:10'),
(1412, 5, 8, 3, 0, 0, '2024-08-08 05:30:10', '2024-08-08 05:30:10'),
(1413, 1, 4, 9, 0, 0, '2024-08-08 05:30:10', '2024-08-08 05:30:10'),
(1414, 5, 5, 4, 0, 0, '2024-08-08 05:30:10', '2024-08-08 05:30:10'),
(1415, 1, 1, 10, 0, 0, '2024-08-08 05:30:10', '2024-08-08 05:30:10'),
(1416, 5, 6, 4, 0, 0, '2024-08-08 05:30:10', '2024-08-08 05:30:10'),
(1417, 1, 2, 10, 0, 0, '2024-08-08 05:30:10', '2024-08-08 05:30:10'),
(1418, 5, 7, 4, 0, 0, '2024-08-08 05:30:10', '2024-08-08 05:30:10'),
(1419, 1, 3, 10, 0, 0, '2024-08-08 05:30:10', '2024-08-08 05:30:10'),
(1420, 5, 8, 4, 0, 0, '2024-08-08 05:30:10', '2024-08-08 05:30:10'),
(1421, 1, 4, 10, 0, 0, '2024-08-08 05:30:10', '2024-08-08 05:30:10'),
(1422, 5, 5, 5, 0, 0, '2024-08-08 05:30:10', '2024-08-08 05:30:10'),
(1423, 1, 1, 11, 0, 0, '2024-08-08 05:30:10', '2024-08-08 05:30:10'),
(1424, 5, 6, 5, 0, 0, '2024-08-08 05:30:10', '2024-08-08 05:30:10'),
(1425, 1, 2, 11, 0, 0, '2024-08-08 05:30:10', '2024-08-08 05:30:10'),
(1426, 5, 7, 5, 0, 0, '2024-08-08 05:30:10', '2024-08-08 05:30:10'),
(1427, 1, 3, 11, 0, 0, '2024-08-08 05:30:10', '2024-08-08 05:30:10'),
(1428, 5, 8, 5, 0, 0, '2024-08-08 05:30:10', '2024-08-08 05:30:10'),
(1429, 1, 4, 11, 0, 0, '2024-08-08 05:30:10', '2024-08-08 05:30:10'),
(1430, 5, 5, 6, 0, 0, '2024-08-08 05:30:10', '2024-08-08 05:30:10'),
(1431, 1, 1, 12, 0, 0, '2024-08-08 05:30:10', '2024-08-08 05:30:10'),
(1432, 5, 6, 6, 0, 0, '2024-08-08 05:30:10', '2024-08-08 05:30:10'),
(1433, 1, 2, 12, 0, 0, '2024-08-08 05:30:10', '2024-08-08 05:30:10'),
(1434, 5, 7, 6, 0, 0, '2024-08-08 05:30:10', '2024-08-08 05:30:10'),
(1435, 1, 3, 12, 0, 0, '2024-08-08 05:30:10', '2024-08-08 05:30:10'),
(1436, 5, 8, 6, 0, 0, '2024-08-08 05:30:10', '2024-08-08 05:30:10'),
(1437, 1, 4, 12, 0, 0, '2024-08-08 05:30:10', '2024-08-08 05:30:10'),
(1438, 1, 1, 13, 0, 0, '2024-08-08 05:30:10', '2024-08-08 05:30:10'),
(1439, 5, 5, 7, 0, 0, '2024-08-08 05:30:10', '2024-08-08 05:30:10'),
(1440, 1, 2, 13, 0, 0, '2024-08-08 05:30:10', '2024-08-08 05:30:10'),
(1441, 5, 6, 7, 0, 0, '2024-08-08 05:30:10', '2024-08-08 05:30:10'),
(1442, 5, 7, 7, 0, 0, '2024-08-08 05:30:10', '2024-08-08 05:30:10'),
(1443, 1, 3, 13, 0, 0, '2024-08-08 05:30:10', '2024-08-08 05:30:10'),
(1444, 5, 8, 7, 0, 0, '2024-08-08 05:30:10', '2024-08-08 05:30:10'),
(1445, 1, 4, 13, 0, 0, '2024-08-08 05:30:10', '2024-08-08 05:30:10'),
(1446, 5, 5, 8, 0, 0, '2024-08-08 05:30:10', '2024-08-08 05:30:10'),
(1447, 1, 1, 14, 0, 0, '2024-08-08 05:30:10', '2024-08-08 05:30:10'),
(1448, 5, 6, 8, 0, 0, '2024-08-08 05:30:10', '2024-08-08 05:30:10'),
(1449, 1, 2, 14, 0, 0, '2024-08-08 05:30:10', '2024-08-08 05:30:10'),
(1450, 5, 7, 8, 0, 0, '2024-08-08 05:30:10', '2024-08-08 05:30:10'),
(1451, 1, 3, 14, 0, 0, '2024-08-08 05:30:10', '2024-08-08 05:30:10'),
(1452, 5, 8, 8, 0, 0, '2024-08-08 05:30:10', '2024-08-08 05:30:10'),
(1453, 1, 4, 14, 0, 0, '2024-08-08 05:30:10', '2024-08-08 05:30:10'),
(1454, 1, 1, 15, 0, 0, '2024-08-08 05:30:10', '2024-08-08 05:30:10'),
(1455, 5, 5, 9, 0, 0, '2024-08-08 05:30:10', '2024-08-08 05:30:10'),
(1456, 1, 2, 15, 0, 0, '2024-08-08 05:30:10', '2024-08-08 05:30:10'),
(1457, 5, 6, 9, 0, 0, '2024-08-08 05:30:10', '2024-08-08 05:30:10'),
(1458, 1, 3, 15, 0, 0, '2024-08-08 05:30:10', '2024-08-08 05:30:10'),
(1459, 5, 7, 9, 0, 0, '2024-08-08 05:30:10', '2024-08-08 05:30:10'),
(1460, 1, 4, 15, 0, 0, '2024-08-08 05:30:10', '2024-08-08 05:30:10'),
(1461, 5, 8, 9, 0, 0, '2024-08-08 05:30:10', '2024-08-08 05:30:10'),
(1462, 5, 5, 10, 0, 0, '2024-08-08 05:30:10', '2024-08-08 05:30:10'),
(1463, 5, 6, 10, 0, 0, '2024-08-08 05:30:10', '2024-08-08 05:30:10'),
(1464, 5, 7, 10, 0, 0, '2024-08-08 05:30:10', '2024-08-08 05:30:10'),
(1465, 5, 8, 10, 0, 0, '2024-08-08 05:30:10', '2024-08-08 05:30:10'),
(1466, 5, 5, 11, 0, 0, '2024-08-08 05:30:10', '2024-08-08 05:30:10'),
(1467, 5, 6, 11, 0, 0, '2024-08-08 05:30:10', '2024-08-08 05:30:10'),
(1468, 5, 7, 11, 0, 0, '2024-08-08 05:30:10', '2024-08-08 05:30:10'),
(1469, 5, 8, 11, 0, 0, '2024-08-08 05:30:10', '2024-08-08 05:30:10'),
(1470, 5, 5, 12, 0, 0, '2024-08-08 05:30:10', '2024-08-08 05:30:10'),
(1471, 5, 6, 12, 0, 0, '2024-08-08 05:30:10', '2024-08-08 05:30:10'),
(1472, 5, 7, 12, 0, 0, '2024-08-08 05:30:10', '2024-08-08 05:30:10'),
(1473, 5, 8, 12, 0, 0, '2024-08-08 05:30:10', '2024-08-08 05:30:10'),
(1474, 5, 5, 13, 0, 0, '2024-08-08 05:30:11', '2024-08-08 05:30:11'),
(1475, 5, 6, 13, 0, 0, '2024-08-08 05:30:11', '2024-08-08 05:30:11'),
(1476, 5, 7, 13, 0, 0, '2024-08-08 05:30:11', '2024-08-08 05:30:11'),
(1477, 5, 8, 13, 0, 0, '2024-08-08 05:30:11', '2024-08-08 05:30:11'),
(1478, 5, 5, 14, 0, 0, '2024-08-08 05:30:11', '2024-08-08 05:30:11'),
(1479, 5, 6, 14, 0, 0, '2024-08-08 05:30:11', '2024-08-08 05:30:11'),
(1480, 5, 7, 14, 0, 0, '2024-08-08 05:30:11', '2024-08-08 05:30:11'),
(1481, 5, 8, 14, 0, 0, '2024-08-08 05:30:11', '2024-08-08 05:30:11'),
(1482, 5, 5, 15, 0, 0, '2024-08-08 05:30:11', '2024-08-08 05:30:11'),
(1483, 5, 6, 15, 0, 0, '2024-08-08 05:30:11', '2024-08-08 05:30:11'),
(1484, 5, 7, 15, 0, 0, '2024-08-08 05:30:11', '2024-08-08 05:30:11'),
(1485, 5, 8, 15, 0, 0, '2024-08-08 05:30:11', '2024-08-08 05:30:11'),
(1486, 1, 9, 1, 0, 0, '2024-08-08 05:39:01', '2024-08-08 05:39:01'),
(1487, 1, 10, 1, 0, 0, '2024-08-08 05:39:01', '2024-08-08 05:39:01'),
(1488, 1, 11, 1, 0, 0, '2024-08-08 05:39:01', '2024-08-08 05:39:01'),
(1489, 1, 12, 1, 0, 0, '2024-08-08 05:39:01', '2024-08-08 05:39:01'),
(1490, 1, 9, 2, 0, 0, '2024-08-08 05:39:01', '2024-08-08 05:39:01'),
(1491, 1, 10, 2, 0, 0, '2024-08-08 05:39:01', '2024-08-08 05:39:01'),
(1492, 1, 11, 2, 0, 0, '2024-08-08 05:39:01', '2024-08-08 05:39:01'),
(1493, 1, 12, 2, 0, 0, '2024-08-08 05:39:01', '2024-08-08 05:39:01'),
(1494, 1, 9, 3, 0, 0, '2024-08-08 05:39:01', '2024-08-08 05:39:01'),
(1495, 1, 10, 3, 0, 0, '2024-08-08 05:39:01', '2024-08-08 05:39:01'),
(1496, 1, 11, 3, 0, 0, '2024-08-08 05:39:01', '2024-08-08 05:39:01'),
(1497, 1, 12, 3, 0, 0, '2024-08-08 05:39:01', '2024-08-08 05:39:01'),
(1498, 1, 9, 4, 0, 0, '2024-08-08 05:39:01', '2024-08-08 05:39:01'),
(1499, 1, 10, 4, 0, 0, '2024-08-08 05:39:01', '2024-08-08 05:39:01'),
(1500, 1, 11, 4, 0, 0, '2024-08-08 05:39:01', '2024-08-08 05:39:01'),
(1501, 1, 12, 4, 0, 0, '2024-08-08 05:39:01', '2024-08-08 05:39:01'),
(1502, 1, 9, 5, 0, 0, '2024-08-08 05:39:01', '2024-08-08 05:39:01'),
(1503, 1, 10, 5, 0, 0, '2024-08-08 05:39:01', '2024-08-08 05:39:01'),
(1504, 1, 11, 5, 0, 0, '2024-08-08 05:39:01', '2024-08-08 05:39:01'),
(1505, 1, 12, 5, 0, 0, '2024-08-08 05:39:01', '2024-08-08 05:39:01'),
(1506, 1, 9, 6, 0, 0, '2024-08-08 05:39:01', '2024-08-08 05:39:01'),
(1507, 1, 10, 6, 0, 0, '2024-08-08 05:39:01', '2024-08-08 05:39:01'),
(1508, 1, 11, 6, 0, 0, '2024-08-08 05:39:01', '2024-08-08 05:39:01'),
(1509, 1, 12, 6, 0, 0, '2024-08-08 05:39:01', '2024-08-08 05:39:01'),
(1510, 1, 9, 7, 0, 0, '2024-08-08 05:39:01', '2024-08-08 05:39:01'),
(1511, 1, 10, 7, 0, 0, '2024-08-08 05:39:01', '2024-08-08 05:39:01'),
(1512, 1, 11, 7, 0, 0, '2024-08-08 05:39:01', '2024-08-08 05:39:01'),
(1513, 1, 12, 7, 0, 0, '2024-08-08 05:39:01', '2024-08-08 05:39:01'),
(1514, 1, 9, 8, 0, 0, '2024-08-08 05:39:01', '2024-08-08 05:39:01'),
(1515, 1, 10, 8, 0, 0, '2024-08-08 05:39:01', '2024-08-08 05:39:01'),
(1516, 1, 11, 8, 0, 0, '2024-08-08 05:39:01', '2024-08-08 05:39:01'),
(1517, 1, 12, 8, 0, 0, '2024-08-08 05:39:01', '2024-08-08 05:39:01'),
(1518, 1, 9, 9, 0, 0, '2024-08-08 05:39:01', '2024-08-08 05:39:01'),
(1519, 1, 10, 9, 0, 0, '2024-08-08 05:39:01', '2024-08-08 05:39:01'),
(1520, 1, 11, 9, 0, 0, '2024-08-08 05:39:01', '2024-08-08 05:39:01'),
(1521, 1, 12, 9, 0, 0, '2024-08-08 05:39:01', '2024-08-08 05:39:01'),
(1522, 1, 9, 10, 0, 0, '2024-08-08 05:39:01', '2024-08-08 05:39:01'),
(1523, 1, 10, 10, 0, 0, '2024-08-08 05:39:01', '2024-08-08 05:39:01'),
(1524, 1, 11, 10, 0, 0, '2024-08-08 05:39:01', '2024-08-08 05:39:01'),
(1525, 1, 12, 10, 0, 0, '2024-08-08 05:39:01', '2024-08-08 05:39:01'),
(1526, 1, 9, 11, 0, 0, '2024-08-08 05:39:01', '2024-08-08 05:39:01'),
(1527, 1, 10, 11, 0, 0, '2024-08-08 05:39:01', '2024-08-08 05:39:01'),
(1528, 1, 11, 11, 0, 0, '2024-08-08 05:39:01', '2024-08-08 05:39:01'),
(1529, 1, 12, 11, 0, 0, '2024-08-08 05:39:01', '2024-08-08 05:39:01'),
(1530, 1, 9, 12, 0, 0, '2024-08-08 05:39:01', '2024-08-08 05:39:01'),
(1531, 1, 10, 12, 0, 0, '2024-08-08 05:39:01', '2024-08-08 05:39:01'),
(1532, 1, 11, 12, 0, 0, '2024-08-08 05:39:01', '2024-08-08 05:39:01'),
(1533, 1, 12, 12, 0, 0, '2024-08-08 05:39:01', '2024-08-08 05:39:01'),
(1534, 1, 9, 13, 0, 0, '2024-08-08 05:39:01', '2024-08-08 05:39:01'),
(1535, 1, 10, 13, 0, 0, '2024-08-08 05:39:01', '2024-08-08 05:39:01'),
(1536, 1, 11, 13, 0, 0, '2024-08-08 05:39:01', '2024-08-08 05:39:01'),
(1537, 1, 12, 13, 0, 0, '2024-08-08 05:39:01', '2024-08-08 05:39:01'),
(1538, 1, 9, 14, 0, 0, '2024-08-08 05:39:01', '2024-08-08 05:39:01'),
(1539, 1, 10, 14, 0, 0, '2024-08-08 05:39:01', '2024-08-08 05:39:01'),
(1540, 1, 11, 14, 0, 0, '2024-08-08 05:39:01', '2024-08-08 05:39:01'),
(1541, 1, 12, 14, 0, 0, '2024-08-08 05:39:01', '2024-08-08 05:39:01'),
(1542, 1, 9, 15, 0, 0, '2024-08-08 05:39:01', '2024-08-08 05:39:01'),
(1543, 1, 10, 15, 0, 0, '2024-08-08 05:39:01', '2024-08-08 05:39:01'),
(1544, 1, 11, 15, 0, 0, '2024-08-08 05:39:01', '2024-08-08 05:39:01'),
(1545, 1, 12, 15, 0, 0, '2024-08-08 05:39:01', '2024-08-08 05:39:01'),
(1546, 1, 20, 1, 0, 0, '2024-08-08 05:42:49', '2024-08-08 05:42:49'),
(1547, 1, 21, 1, 0, 0, '2024-08-08 05:42:49', '2024-08-08 05:42:49'),
(1549, 1, 20, 2, 0, 0, '2024-08-08 05:42:49', '2024-08-08 05:42:49'),
(1550, 1, 21, 2, 0, 0, '2024-08-08 05:42:49', '2024-08-08 05:42:49'),
(1552, 1, 20, 3, 0, 0, '2024-08-08 05:42:49', '2024-08-08 05:42:49'),
(1553, 1, 21, 3, 0, 0, '2024-08-08 05:42:49', '2024-08-08 05:42:49'),
(1555, 1, 20, 4, 0, 0, '2024-08-08 05:42:49', '2024-08-08 05:42:49'),
(1556, 1, 21, 4, 0, 0, '2024-08-08 05:42:49', '2024-08-08 05:42:49'),
(1558, 1, 20, 5, 0, 0, '2024-08-08 05:42:49', '2024-08-08 05:42:49'),
(1559, 1, 21, 5, 0, 0, '2024-08-08 05:42:49', '2024-08-08 05:42:49'),
(1561, 1, 20, 6, 0, 0, '2024-08-08 05:42:49', '2024-08-08 05:42:49'),
(1562, 1, 21, 6, 0, 0, '2024-08-08 05:42:49', '2024-08-08 05:42:49'),
(1564, 1, 20, 7, 0, 0, '2024-08-08 05:42:49', '2024-08-08 05:42:49'),
(1565, 1, 21, 7, 0, 0, '2024-08-08 05:42:49', '2024-08-08 05:42:49'),
(1567, 1, 20, 8, 0, 0, '2024-08-08 05:42:49', '2024-08-08 05:42:49'),
(1568, 1, 21, 8, 0, 0, '2024-08-08 05:42:49', '2024-08-08 05:42:49'),
(1570, 1, 20, 9, 0, 0, '2024-08-08 05:42:49', '2024-08-08 05:42:49'),
(1571, 1, 21, 9, 0, 0, '2024-08-08 05:42:49', '2024-08-08 05:42:49'),
(1573, 1, 20, 10, 0, 0, '2024-08-08 05:42:49', '2024-08-08 05:42:49'),
(1574, 1, 21, 10, 0, 0, '2024-08-08 05:42:49', '2024-08-08 05:42:49'),
(1576, 1, 20, 11, 0, 0, '2024-08-08 05:42:49', '2024-08-08 05:42:49'),
(1577, 1, 21, 11, 0, 0, '2024-08-08 05:42:49', '2024-08-08 05:42:49'),
(1579, 1, 20, 12, 0, 0, '2024-08-08 05:42:49', '2024-08-08 05:42:49'),
(1580, 1, 21, 12, 0, 0, '2024-08-08 05:42:49', '2024-08-08 05:42:49'),
(1582, 1, 20, 13, 0, 0, '2024-08-08 05:42:49', '2024-08-08 05:42:49'),
(1583, 1, 21, 13, 0, 0, '2024-08-08 05:42:49', '2024-08-08 05:42:49'),
(1585, 1, 20, 14, 0, 0, '2024-08-08 05:42:49', '2024-08-08 05:42:49'),
(1586, 1, 21, 14, 0, 0, '2024-08-08 05:42:49', '2024-08-08 05:42:49'),
(1588, 1, 20, 15, 0, 0, '2024-08-08 05:42:49', '2024-08-08 05:42:49'),
(1589, 1, 21, 15, 0, 0, '2024-08-08 05:42:49', '2024-08-08 05:42:49'),
(1591, 2, 20, 1, 0, 0, '2024-08-08 05:42:49', '2024-08-08 05:42:49'),
(1592, 2, 21, 1, 0, 0, '2024-08-08 05:42:50', '2024-08-08 05:42:50'),
(1594, 2, 20, 2, 0, 0, '2024-08-08 05:42:50', '2024-08-08 05:42:50'),
(1595, 2, 21, 2, 0, 0, '2024-08-08 05:42:50', '2024-08-08 05:42:50'),
(1597, 2, 20, 3, 0, 0, '2024-08-08 05:42:50', '2024-08-08 05:42:50'),
(1598, 2, 21, 3, 0, 0, '2024-08-08 05:42:50', '2024-08-08 05:42:50'),
(1600, 2, 20, 4, 0, 0, '2024-08-08 05:42:50', '2024-08-08 05:42:50'),
(1601, 2, 21, 4, 0, 0, '2024-08-08 05:42:50', '2024-08-08 05:42:50'),
(1603, 2, 20, 5, 0, 0, '2024-08-08 05:42:50', '2024-08-08 05:42:50'),
(1604, 2, 21, 5, 0, 0, '2024-08-08 05:42:50', '2024-08-08 05:42:50'),
(1606, 2, 20, 6, 0, 0, '2024-08-08 05:42:50', '2024-08-08 05:42:50'),
(1607, 2, 21, 6, 0, 0, '2024-08-08 05:42:50', '2024-08-08 05:42:50'),
(1609, 2, 20, 7, 0, 0, '2024-08-08 05:42:50', '2024-08-08 05:42:50'),
(1610, 2, 21, 7, 0, 0, '2024-08-08 05:42:50', '2024-08-08 05:42:50'),
(1612, 2, 20, 8, 0, 0, '2024-08-08 05:42:50', '2024-08-08 05:42:50'),
(1613, 2, 21, 8, 0, 0, '2024-08-08 05:42:50', '2024-08-08 05:42:50'),
(1615, 2, 20, 9, 0, 0, '2024-08-08 05:42:50', '2024-08-08 05:42:50'),
(1616, 2, 21, 9, 0, 0, '2024-08-08 05:42:50', '2024-08-08 05:42:50'),
(1618, 2, 20, 10, 0, 0, '2024-08-08 05:42:50', '2024-08-08 05:42:50'),
(1619, 2, 21, 10, 0, 0, '2024-08-08 05:42:50', '2024-08-08 05:42:50'),
(1621, 2, 20, 11, 0, 0, '2024-08-08 05:42:50', '2024-08-08 05:42:50'),
(1622, 2, 21, 11, 0, 0, '2024-08-08 05:42:50', '2024-08-08 05:42:50'),
(1624, 2, 20, 12, 0, 0, '2024-08-08 05:42:50', '2024-08-08 05:42:50'),
(1625, 2, 21, 12, 0, 0, '2024-08-08 05:42:50', '2024-08-08 05:42:50'),
(1627, 2, 20, 13, 0, 0, '2024-08-08 05:42:50', '2024-08-08 05:42:50'),
(1628, 2, 21, 13, 0, 0, '2024-08-08 05:42:50', '2024-08-08 05:42:50'),
(1630, 2, 20, 14, 0, 0, '2024-08-08 05:42:50', '2024-08-08 05:42:50'),
(1631, 2, 21, 14, 0, 0, '2024-08-08 05:42:50', '2024-08-08 05:42:50'),
(1633, 2, 20, 15, 0, 0, '2024-08-08 05:42:50', '2024-08-08 05:42:50'),
(1634, 2, 21, 15, 0, 0, '2024-08-08 05:42:50', '2024-08-08 05:42:50'),
(1636, 3, 20, 1, 0, 0, '2024-08-08 05:42:50', '2024-08-08 05:42:50'),
(1637, 3, 21, 1, 0, 0, '2024-08-08 05:42:50', '2024-08-08 05:42:50'),
(1639, 3, 20, 2, 0, 0, '2024-08-08 05:42:50', '2024-08-08 05:42:50'),
(1640, 3, 21, 2, 0, 0, '2024-08-08 05:42:50', '2024-08-08 05:42:50'),
(1642, 3, 20, 3, 0, 0, '2024-08-08 05:42:50', '2024-08-08 05:42:50'),
(1643, 3, 21, 3, 0, 0, '2024-08-08 05:42:50', '2024-08-08 05:42:50'),
(1645, 3, 20, 4, 0, 0, '2024-08-08 05:42:50', '2024-08-08 05:42:50'),
(1646, 3, 21, 4, 0, 0, '2024-08-08 05:42:50', '2024-08-08 05:42:50'),
(1648, 3, 20, 5, 0, 0, '2024-08-08 05:42:50', '2024-08-08 05:42:50'),
(1649, 3, 21, 5, 0, 0, '2024-08-08 05:42:50', '2024-08-08 05:42:50'),
(1651, 3, 20, 6, 0, 0, '2024-08-08 05:42:50', '2024-08-08 05:42:50'),
(1652, 3, 21, 6, 0, 0, '2024-08-08 05:42:50', '2024-08-08 05:42:50'),
(1654, 3, 20, 7, 0, 0, '2024-08-08 05:42:50', '2024-08-08 05:42:50'),
(1655, 3, 21, 7, 0, 0, '2024-08-08 05:42:50', '2024-08-08 05:42:50'),
(1657, 3, 20, 8, 0, 0, '2024-08-08 05:42:50', '2024-08-08 05:42:50'),
(1658, 3, 21, 8, 0, 0, '2024-08-08 05:42:50', '2024-08-08 05:42:50'),
(1660, 3, 20, 9, 0, 0, '2024-08-08 05:42:50', '2024-08-08 05:42:50'),
(1661, 3, 21, 9, 0, 0, '2024-08-08 05:42:50', '2024-08-08 05:42:50'),
(1663, 3, 20, 10, 0, 0, '2024-08-08 05:42:50', '2024-08-08 05:42:50'),
(1664, 3, 21, 10, 0, 0, '2024-08-08 05:42:50', '2024-08-08 05:42:50'),
(1666, 3, 20, 11, 0, 0, '2024-08-08 05:42:50', '2024-08-08 05:42:50'),
(1667, 3, 21, 11, 0, 0, '2024-08-08 05:42:50', '2024-08-08 05:42:50'),
(1669, 3, 20, 12, 0, 0, '2024-08-08 05:42:51', '2024-08-08 05:42:51'),
(1670, 3, 21, 12, 0, 0, '2024-08-08 05:42:51', '2024-08-08 05:42:51'),
(1672, 3, 20, 13, 0, 0, '2024-08-08 05:42:51', '2024-08-08 05:42:51'),
(1673, 3, 21, 13, 0, 0, '2024-08-08 05:42:51', '2024-08-08 05:42:51'),
(1675, 3, 20, 14, 0, 0, '2024-08-08 05:42:51', '2024-08-08 05:42:51'),
(1676, 3, 21, 14, 0, 0, '2024-08-08 05:42:51', '2024-08-08 05:42:51'),
(1678, 3, 20, 15, 0, 0, '2024-08-08 05:42:51', '2024-08-08 05:42:51'),
(1679, 3, 21, 15, 0, 0, '2024-08-08 05:42:51', '2024-08-08 05:42:51'),
(1681, 4, 20, 1, 0, 0, '2024-08-08 05:42:51', '2024-08-08 05:42:51');
INSERT INTO `ratings` (`id`, `judge_id`, `criteria_id`, `team_id`, `value`, `is_locked`, `created_at`, `updated_at`) VALUES
(1682, 4, 21, 1, 0, 0, '2024-08-08 05:42:51', '2024-08-08 05:42:51'),
(1684, 4, 20, 2, 0, 0, '2024-08-08 05:42:51', '2024-08-08 05:42:51'),
(1685, 4, 21, 2, 0, 0, '2024-08-08 05:42:51', '2024-08-08 05:42:51'),
(1687, 4, 20, 3, 0, 0, '2024-08-08 05:42:51', '2024-08-08 05:42:51'),
(1688, 4, 21, 3, 0, 0, '2024-08-08 05:42:51', '2024-08-08 05:42:51'),
(1690, 4, 20, 4, 0, 0, '2024-08-08 05:42:51', '2024-08-08 05:42:51'),
(1691, 4, 21, 4, 0, 0, '2024-08-08 05:42:51', '2024-08-08 05:42:51'),
(1693, 4, 20, 5, 0, 0, '2024-08-08 05:42:51', '2024-08-08 05:42:51'),
(1694, 4, 21, 5, 0, 0, '2024-08-08 05:42:51', '2024-08-08 05:42:51'),
(1696, 4, 20, 6, 0, 0, '2024-08-08 05:42:51', '2024-08-08 05:42:51'),
(1697, 4, 21, 6, 0, 0, '2024-08-08 05:42:51', '2024-08-08 05:42:51'),
(1699, 4, 20, 7, 0, 0, '2024-08-08 05:42:51', '2024-08-08 05:42:51'),
(1700, 4, 21, 7, 0, 0, '2024-08-08 05:42:51', '2024-08-08 05:42:51'),
(1702, 4, 20, 8, 0, 0, '2024-08-08 05:42:51', '2024-08-08 05:42:51'),
(1703, 4, 21, 8, 0, 0, '2024-08-08 05:42:51', '2024-08-08 05:42:51'),
(1705, 4, 20, 9, 0, 0, '2024-08-08 05:42:51', '2024-08-08 05:42:51'),
(1706, 4, 21, 9, 0, 0, '2024-08-08 05:42:51', '2024-08-08 05:42:51'),
(1708, 4, 20, 10, 0, 0, '2024-08-08 05:42:51', '2024-08-08 05:42:51'),
(1709, 4, 21, 10, 0, 0, '2024-08-08 05:42:51', '2024-08-08 05:42:51'),
(1711, 4, 20, 11, 0, 0, '2024-08-08 05:42:51', '2024-08-08 05:42:51'),
(1712, 4, 21, 11, 0, 0, '2024-08-08 05:42:51', '2024-08-08 05:42:51'),
(1714, 4, 20, 12, 0, 0, '2024-08-08 05:42:51', '2024-08-08 05:42:51'),
(1715, 4, 21, 12, 0, 0, '2024-08-08 05:42:51', '2024-08-08 05:42:51'),
(1717, 4, 20, 13, 0, 0, '2024-08-08 05:42:51', '2024-08-08 05:42:51'),
(1718, 4, 21, 13, 0, 0, '2024-08-08 05:42:51', '2024-08-08 05:42:51'),
(1720, 4, 20, 14, 0, 0, '2024-08-08 05:42:51', '2024-08-08 05:42:51'),
(1721, 4, 21, 14, 0, 0, '2024-08-08 05:42:51', '2024-08-08 05:42:51'),
(1723, 4, 20, 15, 0, 0, '2024-08-08 05:42:51', '2024-08-08 05:42:51'),
(1724, 4, 21, 15, 0, 0, '2024-08-08 05:42:51', '2024-08-08 05:42:51'),
(1726, 5, 20, 1, 0, 0, '2024-08-08 05:42:51', '2024-08-08 05:42:51'),
(1727, 5, 21, 1, 0, 0, '2024-08-08 05:42:51', '2024-08-08 05:42:51'),
(1729, 5, 20, 2, 0, 0, '2024-08-08 05:42:51', '2024-08-08 05:42:51'),
(1730, 5, 21, 2, 0, 0, '2024-08-08 05:42:51', '2024-08-08 05:42:51'),
(1732, 5, 20, 3, 0, 0, '2024-08-08 05:42:51', '2024-08-08 05:42:51'),
(1733, 5, 21, 3, 0, 0, '2024-08-08 05:42:51', '2024-08-08 05:42:51'),
(1735, 5, 20, 4, 0, 0, '2024-08-08 05:42:51', '2024-08-08 05:42:51'),
(1736, 5, 21, 4, 0, 0, '2024-08-08 05:42:51', '2024-08-08 05:42:51'),
(1738, 5, 20, 5, 0, 0, '2024-08-08 05:42:51', '2024-08-08 05:42:51'),
(1739, 5, 21, 5, 0, 0, '2024-08-08 05:42:51', '2024-08-08 05:42:51'),
(1741, 5, 20, 6, 0, 0, '2024-08-08 05:42:51', '2024-08-08 05:42:51'),
(1742, 5, 21, 6, 0, 0, '2024-08-08 05:42:51', '2024-08-08 05:42:51'),
(1744, 5, 20, 7, 0, 0, '2024-08-08 05:42:52', '2024-08-08 05:42:52'),
(1745, 5, 21, 7, 0, 0, '2024-08-08 05:42:52', '2024-08-08 05:42:52'),
(1747, 5, 20, 8, 0, 0, '2024-08-08 05:42:52', '2024-08-08 05:42:52'),
(1748, 5, 21, 8, 0, 0, '2024-08-08 05:42:52', '2024-08-08 05:42:52'),
(1750, 5, 20, 9, 0, 0, '2024-08-08 05:42:52', '2024-08-08 05:42:52'),
(1751, 5, 21, 9, 0, 0, '2024-08-08 05:42:52', '2024-08-08 05:42:52'),
(1753, 5, 20, 10, 0, 0, '2024-08-08 05:42:52', '2024-08-08 05:42:52'),
(1754, 5, 21, 10, 0, 0, '2024-08-08 05:42:52', '2024-08-08 05:42:52'),
(1756, 5, 20, 11, 0, 0, '2024-08-08 05:42:52', '2024-08-08 05:42:52'),
(1757, 5, 21, 11, 0, 0, '2024-08-08 05:42:52', '2024-08-08 05:42:52'),
(1759, 5, 20, 12, 0, 0, '2024-08-08 05:42:52', '2024-08-08 05:42:52'),
(1760, 5, 21, 12, 0, 0, '2024-08-08 05:42:52', '2024-08-08 05:42:52'),
(1762, 5, 20, 13, 0, 0, '2024-08-08 05:42:52', '2024-08-08 05:42:52'),
(1763, 5, 21, 13, 0, 0, '2024-08-08 05:42:52', '2024-08-08 05:42:52'),
(1765, 5, 20, 14, 0, 0, '2024-08-08 05:42:52', '2024-08-08 05:42:52'),
(1766, 5, 21, 14, 0, 0, '2024-08-08 05:42:52', '2024-08-08 05:42:52'),
(1768, 5, 20, 15, 0, 0, '2024-08-08 05:42:52', '2024-08-08 05:42:52'),
(1769, 5, 21, 15, 0, 0, '2024-08-08 05:42:52', '2024-08-08 05:42:52'),
(1771, 2, 1, 1, 0, 0, '2024-08-08 06:15:05', '2024-08-08 06:15:05'),
(1772, 2, 2, 1, 0, 0, '2024-08-08 06:15:05', '2024-08-08 06:15:05'),
(1773, 2, 3, 1, 0, 0, '2024-08-08 06:15:05', '2024-08-08 06:15:05'),
(1774, 2, 4, 1, 0, 0, '2024-08-08 06:15:05', '2024-08-08 06:15:05'),
(1775, 2, 1, 2, 0, 0, '2024-08-08 06:15:05', '2024-08-08 06:15:05'),
(1776, 2, 2, 2, 0, 0, '2024-08-08 06:15:05', '2024-08-08 06:15:05'),
(1777, 2, 3, 2, 0, 0, '2024-08-08 06:15:05', '2024-08-08 06:15:05'),
(1778, 2, 4, 2, 0, 0, '2024-08-08 06:15:05', '2024-08-08 06:15:05'),
(1779, 2, 1, 3, 0, 0, '2024-08-08 06:15:05', '2024-08-08 06:15:05'),
(1780, 2, 2, 3, 0, 0, '2024-08-08 06:15:05', '2024-08-08 06:15:05'),
(1781, 2, 3, 3, 0, 0, '2024-08-08 06:15:05', '2024-08-08 06:15:05'),
(1782, 2, 4, 3, 0, 0, '2024-08-08 06:15:05', '2024-08-08 06:15:05'),
(1783, 2, 1, 4, 0, 0, '2024-08-08 06:15:05', '2024-08-08 06:15:05'),
(1784, 2, 2, 4, 0, 0, '2024-08-08 06:15:05', '2024-08-08 06:15:05'),
(1785, 2, 3, 4, 0, 0, '2024-08-08 06:15:05', '2024-08-08 06:15:05'),
(1786, 2, 4, 4, 0, 0, '2024-08-08 06:15:05', '2024-08-08 06:15:05'),
(1787, 2, 1, 5, 0, 0, '2024-08-08 06:15:05', '2024-08-08 06:15:05'),
(1788, 2, 2, 5, 0, 0, '2024-08-08 06:15:05', '2024-08-08 06:15:05'),
(1789, 2, 3, 5, 0, 0, '2024-08-08 06:15:05', '2024-08-08 06:15:05'),
(1790, 2, 4, 5, 0, 0, '2024-08-08 06:15:05', '2024-08-08 06:15:05'),
(1791, 2, 1, 6, 0, 0, '2024-08-08 06:15:05', '2024-08-08 06:15:05'),
(1792, 2, 2, 6, 0, 0, '2024-08-08 06:15:05', '2024-08-08 06:15:05'),
(1793, 2, 3, 6, 0, 0, '2024-08-08 06:15:05', '2024-08-08 06:15:05'),
(1794, 2, 4, 6, 0, 0, '2024-08-08 06:15:05', '2024-08-08 06:15:05'),
(1795, 2, 1, 7, 0, 0, '2024-08-08 06:15:05', '2024-08-08 06:15:05'),
(1796, 2, 2, 7, 0, 0, '2024-08-08 06:15:05', '2024-08-08 06:15:05'),
(1797, 2, 3, 7, 0, 0, '2024-08-08 06:15:05', '2024-08-08 06:15:05'),
(1798, 2, 4, 7, 0, 0, '2024-08-08 06:15:06', '2024-08-08 06:15:06'),
(1799, 2, 1, 8, 0, 0, '2024-08-08 06:15:06', '2024-08-08 06:15:06'),
(1800, 2, 2, 8, 0, 0, '2024-08-08 06:15:06', '2024-08-08 06:15:06'),
(1801, 2, 3, 8, 0, 0, '2024-08-08 06:15:06', '2024-08-08 06:15:06'),
(1802, 2, 4, 8, 0, 0, '2024-08-08 06:15:06', '2024-08-08 06:15:06'),
(1803, 2, 1, 9, 0, 0, '2024-08-08 06:15:06', '2024-08-08 06:15:06'),
(1804, 2, 2, 9, 0, 0, '2024-08-08 06:15:06', '2024-08-08 06:15:06'),
(1805, 2, 3, 9, 0, 0, '2024-08-08 06:15:06', '2024-08-08 06:15:06'),
(1806, 2, 4, 9, 0, 0, '2024-08-08 06:15:06', '2024-08-08 06:15:06'),
(1807, 2, 1, 10, 0, 0, '2024-08-08 06:15:06', '2024-08-08 06:15:06'),
(1808, 2, 2, 10, 0, 0, '2024-08-08 06:15:06', '2024-08-08 06:15:06'),
(1809, 2, 3, 10, 0, 0, '2024-08-08 06:15:06', '2024-08-08 06:15:06'),
(1810, 2, 4, 10, 0, 0, '2024-08-08 06:15:06', '2024-08-08 06:15:06'),
(1811, 2, 1, 11, 0, 0, '2024-08-08 06:15:06', '2024-08-08 06:15:06'),
(1812, 2, 2, 11, 0, 0, '2024-08-08 06:15:06', '2024-08-08 06:15:06'),
(1813, 2, 3, 11, 0, 0, '2024-08-08 06:15:06', '2024-08-08 06:15:06'),
(1814, 2, 4, 11, 0, 0, '2024-08-08 06:15:06', '2024-08-08 06:15:06'),
(1815, 2, 1, 12, 0, 0, '2024-08-08 06:15:06', '2024-08-08 06:15:06'),
(1816, 2, 2, 12, 0, 0, '2024-08-08 06:15:06', '2024-08-08 06:15:06'),
(1817, 2, 3, 12, 0, 0, '2024-08-08 06:15:06', '2024-08-08 06:15:06'),
(1818, 2, 4, 12, 0, 0, '2024-08-08 06:15:06', '2024-08-08 06:15:06'),
(1819, 2, 1, 13, 0, 0, '2024-08-08 06:15:06', '2024-08-08 06:15:06'),
(1820, 2, 2, 13, 0, 0, '2024-08-08 06:15:06', '2024-08-08 06:15:06'),
(1821, 2, 3, 13, 0, 0, '2024-08-08 06:15:06', '2024-08-08 06:15:06'),
(1822, 2, 4, 13, 0, 0, '2024-08-08 06:15:06', '2024-08-08 06:15:06'),
(1823, 2, 1, 14, 0, 0, '2024-08-08 06:15:06', '2024-08-08 06:15:06'),
(1824, 2, 2, 14, 0, 0, '2024-08-08 06:15:06', '2024-08-08 06:15:06'),
(1825, 2, 3, 14, 0, 0, '2024-08-08 06:15:06', '2024-08-08 06:15:06'),
(1826, 2, 4, 14, 0, 0, '2024-08-08 06:15:06', '2024-08-08 06:15:06'),
(1827, 2, 1, 15, 0, 0, '2024-08-08 06:15:06', '2024-08-08 06:15:06'),
(1828, 2, 2, 15, 0, 0, '2024-08-08 06:15:06', '2024-08-08 06:15:06'),
(1829, 2, 3, 15, 0, 0, '2024-08-08 06:15:06', '2024-08-08 06:15:06'),
(1830, 2, 4, 15, 0, 0, '2024-08-08 06:15:06', '2024-08-08 06:15:06'),
(1831, 3, 1, 1, 0, 0, '2024-08-08 06:15:06', '2024-08-08 06:15:06'),
(1832, 3, 2, 1, 0, 0, '2024-08-08 06:15:06', '2024-08-08 06:15:06'),
(1833, 3, 3, 1, 0, 0, '2024-08-08 06:15:06', '2024-08-08 06:15:06'),
(1834, 3, 4, 1, 0, 0, '2024-08-08 06:15:06', '2024-08-08 06:15:06'),
(1835, 3, 1, 2, 0, 0, '2024-08-08 06:15:06', '2024-08-08 06:15:06'),
(1836, 3, 2, 2, 0, 0, '2024-08-08 06:15:06', '2024-08-08 06:15:06'),
(1837, 3, 3, 2, 0, 0, '2024-08-08 06:15:06', '2024-08-08 06:15:06'),
(1838, 3, 4, 2, 0, 0, '2024-08-08 06:15:06', '2024-08-08 06:15:06'),
(1839, 3, 1, 3, 0, 0, '2024-08-08 06:15:06', '2024-08-08 06:15:06'),
(1840, 3, 2, 3, 0, 0, '2024-08-08 06:15:06', '2024-08-08 06:15:06'),
(1841, 3, 3, 3, 0, 0, '2024-08-08 06:15:06', '2024-08-08 06:15:06'),
(1842, 3, 4, 3, 0, 0, '2024-08-08 06:15:06', '2024-08-08 06:15:06'),
(1843, 3, 1, 4, 0, 0, '2024-08-08 06:15:06', '2024-08-08 06:15:06'),
(1844, 3, 2, 4, 0, 0, '2024-08-08 06:15:06', '2024-08-08 06:15:06'),
(1845, 3, 3, 4, 0, 0, '2024-08-08 06:15:06', '2024-08-08 06:15:06'),
(1846, 3, 4, 4, 0, 0, '2024-08-08 06:15:06', '2024-08-08 06:15:06'),
(1847, 3, 1, 5, 0, 0, '2024-08-08 06:15:06', '2024-08-08 06:15:06'),
(1848, 3, 2, 5, 0, 0, '2024-08-08 06:15:06', '2024-08-08 06:15:06'),
(1849, 3, 3, 5, 0, 0, '2024-08-08 06:15:06', '2024-08-08 06:15:06'),
(1850, 3, 4, 5, 0, 0, '2024-08-08 06:15:06', '2024-08-08 06:15:06'),
(1851, 3, 1, 6, 0, 0, '2024-08-08 06:15:06', '2024-08-08 06:15:06'),
(1852, 3, 2, 6, 0, 0, '2024-08-08 06:15:06', '2024-08-08 06:15:06'),
(1853, 3, 3, 6, 0, 0, '2024-08-08 06:15:06', '2024-08-08 06:15:06'),
(1854, 3, 4, 6, 0, 0, '2024-08-08 06:15:06', '2024-08-08 06:15:06'),
(1855, 3, 1, 7, 0, 0, '2024-08-08 06:15:06', '2024-08-08 06:15:06'),
(1856, 3, 2, 7, 0, 0, '2024-08-08 06:15:06', '2024-08-08 06:15:06'),
(1857, 3, 3, 7, 0, 0, '2024-08-08 06:15:06', '2024-08-08 06:15:06'),
(1858, 3, 4, 7, 0, 0, '2024-08-08 06:15:06', '2024-08-08 06:15:06'),
(1859, 3, 1, 8, 0, 0, '2024-08-08 06:15:06', '2024-08-08 06:15:06'),
(1860, 3, 2, 8, 0, 0, '2024-08-08 06:15:06', '2024-08-08 06:15:06'),
(1861, 3, 3, 8, 0, 0, '2024-08-08 06:15:06', '2024-08-08 06:15:06'),
(1862, 3, 4, 8, 0, 0, '2024-08-08 06:15:06', '2024-08-08 06:15:06'),
(1863, 3, 1, 9, 0, 0, '2024-08-08 06:15:06', '2024-08-08 06:15:06'),
(1864, 3, 2, 9, 0, 0, '2024-08-08 06:15:06', '2024-08-08 06:15:06'),
(1865, 3, 3, 9, 0, 0, '2024-08-08 06:15:06', '2024-08-08 06:15:06'),
(1866, 3, 4, 9, 0, 0, '2024-08-08 06:15:06', '2024-08-08 06:15:06'),
(1867, 3, 1, 10, 0, 0, '2024-08-08 06:15:06', '2024-08-08 06:15:06'),
(1868, 3, 2, 10, 0, 0, '2024-08-08 06:15:07', '2024-08-08 06:15:07'),
(1869, 3, 3, 10, 0, 0, '2024-08-08 06:15:07', '2024-08-08 06:15:07'),
(1870, 3, 4, 10, 0, 0, '2024-08-08 06:15:07', '2024-08-08 06:15:07'),
(1871, 3, 1, 11, 0, 0, '2024-08-08 06:15:07', '2024-08-08 06:15:07'),
(1872, 3, 2, 11, 0, 0, '2024-08-08 06:15:07', '2024-08-08 06:15:07'),
(1873, 3, 3, 11, 0, 0, '2024-08-08 06:15:07', '2024-08-08 06:15:07'),
(1874, 3, 4, 11, 0, 0, '2024-08-08 06:15:07', '2024-08-08 06:15:07'),
(1875, 3, 1, 12, 0, 0, '2024-08-08 06:15:07', '2024-08-08 06:15:07'),
(1876, 3, 2, 12, 0, 0, '2024-08-08 06:15:07', '2024-08-08 06:15:07'),
(1877, 3, 3, 12, 0, 0, '2024-08-08 06:15:07', '2024-08-08 06:15:07'),
(1878, 3, 4, 12, 0, 0, '2024-08-08 06:15:07', '2024-08-08 06:15:07'),
(1879, 3, 1, 13, 0, 0, '2024-08-08 06:15:07', '2024-08-08 06:15:07'),
(1880, 3, 2, 13, 0, 0, '2024-08-08 06:15:07', '2024-08-08 06:15:07'),
(1881, 3, 3, 13, 0, 0, '2024-08-08 06:15:07', '2024-08-08 06:15:07'),
(1882, 3, 4, 13, 0, 0, '2024-08-08 06:15:07', '2024-08-08 06:15:07'),
(1883, 3, 1, 14, 0, 0, '2024-08-08 06:15:07', '2024-08-08 06:15:07'),
(1884, 3, 2, 14, 0, 0, '2024-08-08 06:15:07', '2024-08-08 06:15:07'),
(1885, 3, 3, 14, 0, 0, '2024-08-08 06:15:07', '2024-08-08 06:15:07'),
(1886, 3, 4, 14, 0, 0, '2024-08-08 06:15:07', '2024-08-08 06:15:07'),
(1887, 3, 1, 15, 0, 0, '2024-08-08 06:15:07', '2024-08-08 06:15:07'),
(1888, 3, 2, 15, 0, 0, '2024-08-08 06:15:07', '2024-08-08 06:15:07'),
(1889, 3, 3, 15, 0, 0, '2024-08-08 06:15:07', '2024-08-08 06:15:07'),
(1890, 3, 4, 15, 0, 0, '2024-08-08 06:15:07', '2024-08-08 06:15:07'),
(1891, 4, 1, 1, 0, 0, '2024-08-08 06:15:07', '2024-08-08 06:15:07'),
(1892, 4, 2, 1, 0, 0, '2024-08-08 06:15:07', '2024-08-08 06:15:07'),
(1893, 4, 3, 1, 0, 0, '2024-08-08 06:15:07', '2024-08-08 06:15:07'),
(1894, 4, 4, 1, 0, 0, '2024-08-08 06:15:07', '2024-08-08 06:15:07'),
(1895, 4, 1, 2, 0, 0, '2024-08-08 06:15:07', '2024-08-08 06:15:07'),
(1896, 4, 2, 2, 0, 0, '2024-08-08 06:15:07', '2024-08-08 06:15:07'),
(1897, 4, 3, 2, 0, 0, '2024-08-08 06:15:07', '2024-08-08 06:15:07'),
(1898, 4, 4, 2, 0, 0, '2024-08-08 06:15:07', '2024-08-08 06:15:07'),
(1899, 4, 1, 3, 0, 0, '2024-08-08 06:15:07', '2024-08-08 06:15:07'),
(1900, 4, 2, 3, 0, 0, '2024-08-08 06:15:07', '2024-08-08 06:15:07'),
(1901, 4, 3, 3, 0, 0, '2024-08-08 06:15:07', '2024-08-08 06:15:07'),
(1902, 4, 4, 3, 0, 0, '2024-08-08 06:15:07', '2024-08-08 06:15:07'),
(1903, 4, 1, 4, 0, 0, '2024-08-08 06:15:07', '2024-08-08 06:15:07'),
(1904, 4, 2, 4, 0, 0, '2024-08-08 06:15:07', '2024-08-08 06:15:07'),
(1905, 4, 3, 4, 0, 0, '2024-08-08 06:15:07', '2024-08-08 06:15:07'),
(1906, 4, 4, 4, 0, 0, '2024-08-08 06:15:07', '2024-08-08 06:15:07'),
(1907, 4, 1, 5, 0, 0, '2024-08-08 06:15:07', '2024-08-08 06:15:07'),
(1908, 4, 2, 5, 0, 0, '2024-08-08 06:15:07', '2024-08-08 06:15:07'),
(1909, 4, 3, 5, 0, 0, '2024-08-08 06:15:07', '2024-08-08 06:15:07'),
(1910, 4, 4, 5, 0, 0, '2024-08-08 06:15:07', '2024-08-08 06:15:07'),
(1911, 4, 1, 6, 0, 0, '2024-08-08 06:15:07', '2024-08-08 06:15:07'),
(1912, 4, 2, 6, 0, 0, '2024-08-08 06:15:07', '2024-08-08 06:15:07'),
(1913, 4, 3, 6, 0, 0, '2024-08-08 06:15:07', '2024-08-08 06:15:07'),
(1914, 4, 4, 6, 0, 0, '2024-08-08 06:15:07', '2024-08-08 06:15:07'),
(1915, 4, 1, 7, 0, 0, '2024-08-08 06:15:07', '2024-08-08 06:15:07'),
(1916, 4, 2, 7, 0, 0, '2024-08-08 06:15:07', '2024-08-08 06:15:07'),
(1917, 4, 3, 7, 0, 0, '2024-08-08 06:15:07', '2024-08-08 06:15:07'),
(1918, 4, 4, 7, 0, 0, '2024-08-08 06:15:07', '2024-08-08 06:15:07'),
(1919, 4, 1, 8, 0, 0, '2024-08-08 06:15:07', '2024-08-08 06:15:07'),
(1920, 4, 2, 8, 0, 0, '2024-08-08 06:15:07', '2024-08-08 06:15:07'),
(1921, 4, 3, 8, 0, 0, '2024-08-08 06:15:07', '2024-08-08 06:15:07'),
(1922, 4, 4, 8, 0, 0, '2024-08-08 06:15:07', '2024-08-08 06:15:07'),
(1923, 4, 1, 9, 0, 0, '2024-08-08 06:15:07', '2024-08-08 06:15:07'),
(1924, 4, 2, 9, 0, 0, '2024-08-08 06:15:07', '2024-08-08 06:15:07'),
(1925, 4, 3, 9, 0, 0, '2024-08-08 06:15:07', '2024-08-08 06:15:07'),
(1926, 4, 4, 9, 0, 0, '2024-08-08 06:15:07', '2024-08-08 06:15:07'),
(1927, 4, 1, 10, 0, 0, '2024-08-08 06:15:07', '2024-08-08 06:15:07'),
(1928, 4, 2, 10, 0, 0, '2024-08-08 06:15:07', '2024-08-08 06:15:07'),
(1929, 4, 3, 10, 0, 0, '2024-08-08 06:15:07', '2024-08-08 06:15:07'),
(1930, 4, 4, 10, 0, 0, '2024-08-08 06:15:07', '2024-08-08 06:15:07'),
(1931, 4, 1, 11, 0, 0, '2024-08-08 06:15:07', '2024-08-08 06:15:07'),
(1932, 4, 2, 11, 0, 0, '2024-08-08 06:15:07', '2024-08-08 06:15:07'),
(1933, 4, 3, 11, 0, 0, '2024-08-08 06:15:07', '2024-08-08 06:15:07'),
(1934, 4, 4, 11, 0, 0, '2024-08-08 06:15:07', '2024-08-08 06:15:07'),
(1935, 4, 1, 12, 0, 0, '2024-08-08 06:15:07', '2024-08-08 06:15:07'),
(1936, 4, 2, 12, 0, 0, '2024-08-08 06:15:07', '2024-08-08 06:15:07'),
(1937, 4, 3, 12, 0, 0, '2024-08-08 06:15:07', '2024-08-08 06:15:07'),
(1938, 4, 4, 12, 0, 0, '2024-08-08 06:15:07', '2024-08-08 06:15:07'),
(1939, 4, 1, 13, 0, 0, '2024-08-08 06:15:07', '2024-08-08 06:15:07'),
(1940, 4, 2, 13, 0, 0, '2024-08-08 06:15:07', '2024-08-08 06:15:07'),
(1941, 4, 3, 13, 0, 0, '2024-08-08 06:15:08', '2024-08-08 06:15:08'),
(1942, 4, 4, 13, 0, 0, '2024-08-08 06:15:08', '2024-08-08 06:15:08'),
(1943, 4, 1, 14, 0, 0, '2024-08-08 06:15:08', '2024-08-08 06:15:08'),
(1944, 4, 2, 14, 0, 0, '2024-08-08 06:15:08', '2024-08-08 06:15:08'),
(1945, 4, 3, 14, 0, 0, '2024-08-08 06:15:08', '2024-08-08 06:15:08'),
(1946, 4, 4, 14, 0, 0, '2024-08-08 06:15:08', '2024-08-08 06:15:08'),
(1947, 4, 1, 15, 0, 0, '2024-08-08 06:15:08', '2024-08-08 06:15:08'),
(1948, 4, 2, 15, 0, 0, '2024-08-08 06:15:08', '2024-08-08 06:15:08'),
(1949, 4, 3, 15, 0, 0, '2024-08-08 06:15:08', '2024-08-08 06:15:08'),
(1950, 4, 4, 15, 0, 0, '2024-08-08 06:15:08', '2024-08-08 06:15:08'),
(1951, 5, 1, 1, 0, 0, '2024-08-08 06:15:08', '2024-08-08 06:15:08'),
(1952, 5, 2, 1, 0, 0, '2024-08-08 06:15:08', '2024-08-08 06:15:08'),
(1953, 5, 3, 1, 0, 0, '2024-08-08 06:15:08', '2024-08-08 06:15:08'),
(1954, 5, 4, 1, 0, 0, '2024-08-08 06:15:08', '2024-08-08 06:15:08'),
(1955, 5, 1, 2, 0, 0, '2024-08-08 06:15:08', '2024-08-08 06:15:08'),
(1956, 5, 2, 2, 0, 0, '2024-08-08 06:15:08', '2024-08-08 06:15:08'),
(1957, 5, 3, 2, 0, 0, '2024-08-08 06:15:08', '2024-08-08 06:15:08'),
(1958, 5, 4, 2, 0, 0, '2024-08-08 06:15:08', '2024-08-08 06:15:08'),
(1959, 5, 1, 3, 0, 0, '2024-08-08 06:15:08', '2024-08-08 06:15:08'),
(1960, 5, 2, 3, 0, 0, '2024-08-08 06:15:08', '2024-08-08 06:15:08'),
(1961, 5, 3, 3, 0, 0, '2024-08-08 06:15:08', '2024-08-08 06:15:08'),
(1962, 5, 4, 3, 0, 0, '2024-08-08 06:15:08', '2024-08-08 06:15:08'),
(1963, 5, 1, 4, 0, 0, '2024-08-08 06:15:08', '2024-08-08 06:15:08'),
(1964, 5, 2, 4, 0, 0, '2024-08-08 06:15:08', '2024-08-08 06:15:08'),
(1965, 5, 3, 4, 0, 0, '2024-08-08 06:15:08', '2024-08-08 06:15:08'),
(1966, 5, 4, 4, 0, 0, '2024-08-08 06:15:08', '2024-08-08 06:15:08'),
(1967, 5, 1, 5, 0, 0, '2024-08-08 06:15:08', '2024-08-08 06:15:08'),
(1968, 5, 2, 5, 0, 0, '2024-08-08 06:15:08', '2024-08-08 06:15:08'),
(1969, 5, 3, 5, 0, 0, '2024-08-08 06:15:08', '2024-08-08 06:15:08'),
(1970, 5, 4, 5, 0, 0, '2024-08-08 06:15:08', '2024-08-08 06:15:08'),
(1971, 5, 1, 6, 0, 0, '2024-08-08 06:15:08', '2024-08-08 06:15:08'),
(1972, 5, 2, 6, 0, 0, '2024-08-08 06:15:08', '2024-08-08 06:15:08'),
(1973, 5, 3, 6, 0, 0, '2024-08-08 06:15:08', '2024-08-08 06:15:08'),
(1974, 5, 4, 6, 0, 0, '2024-08-08 06:15:08', '2024-08-08 06:15:08'),
(1975, 5, 1, 7, 0, 0, '2024-08-08 06:15:08', '2024-08-08 06:15:08'),
(1976, 5, 2, 7, 0, 0, '2024-08-08 06:15:08', '2024-08-08 06:15:08'),
(1977, 5, 3, 7, 0, 0, '2024-08-08 06:15:08', '2024-08-08 06:15:08'),
(1978, 5, 4, 7, 0, 0, '2024-08-08 06:15:08', '2024-08-08 06:15:08'),
(1979, 5, 1, 8, 0, 0, '2024-08-08 06:15:08', '2024-08-08 06:15:08'),
(1980, 5, 2, 8, 0, 0, '2024-08-08 06:15:08', '2024-08-08 06:15:08'),
(1981, 5, 3, 8, 0, 0, '2024-08-08 06:15:08', '2024-08-08 06:15:08'),
(1982, 5, 4, 8, 0, 0, '2024-08-08 06:15:08', '2024-08-08 06:15:08'),
(1983, 5, 1, 9, 0, 0, '2024-08-08 06:15:08', '2024-08-08 06:15:08'),
(1984, 5, 2, 9, 0, 0, '2024-08-08 06:15:08', '2024-08-08 06:15:08'),
(1985, 5, 3, 9, 0, 0, '2024-08-08 06:15:08', '2024-08-08 06:15:08'),
(1986, 5, 4, 9, 0, 0, '2024-08-08 06:15:08', '2024-08-08 06:15:08'),
(1987, 5, 1, 10, 0, 0, '2024-08-08 06:15:08', '2024-08-08 06:15:08'),
(1988, 5, 2, 10, 0, 0, '2024-08-08 06:15:08', '2024-08-08 06:15:08'),
(1989, 5, 3, 10, 0, 0, '2024-08-08 06:15:08', '2024-08-08 06:15:08'),
(1990, 5, 4, 10, 0, 0, '2024-08-08 06:15:08', '2024-08-08 06:15:08'),
(1991, 5, 1, 11, 0, 0, '2024-08-08 06:15:08', '2024-08-08 06:15:08'),
(1992, 5, 2, 11, 0, 0, '2024-08-08 06:15:08', '2024-08-08 06:15:08'),
(1993, 5, 3, 11, 0, 0, '2024-08-08 06:15:08', '2024-08-08 06:15:08'),
(1994, 5, 4, 11, 0, 0, '2024-08-08 06:15:08', '2024-08-08 06:15:08'),
(1995, 5, 1, 12, 0, 0, '2024-08-08 06:15:08', '2024-08-08 06:15:08'),
(1996, 5, 2, 12, 0, 0, '2024-08-08 06:15:08', '2024-08-08 06:15:08'),
(1997, 5, 3, 12, 0, 0, '2024-08-08 06:15:08', '2024-08-08 06:15:08'),
(1998, 5, 4, 12, 0, 0, '2024-08-08 06:15:08', '2024-08-08 06:15:08'),
(1999, 5, 1, 13, 0, 0, '2024-08-08 06:15:08', '2024-08-08 06:15:08'),
(2000, 5, 2, 13, 0, 0, '2024-08-08 06:15:08', '2024-08-08 06:15:08'),
(2001, 5, 3, 13, 0, 0, '2024-08-08 06:15:08', '2024-08-08 06:15:08'),
(2002, 5, 4, 13, 0, 0, '2024-08-08 06:15:08', '2024-08-08 06:15:08'),
(2003, 5, 1, 14, 0, 0, '2024-08-08 06:15:08', '2024-08-08 06:15:08'),
(2004, 5, 2, 14, 0, 0, '2024-08-08 06:15:08', '2024-08-08 06:15:08'),
(2005, 5, 3, 14, 0, 0, '2024-08-08 06:15:08', '2024-08-08 06:15:08'),
(2006, 5, 4, 14, 0, 0, '2024-08-08 06:15:08', '2024-08-08 06:15:08'),
(2007, 5, 1, 15, 0, 0, '2024-08-08 06:15:08', '2024-08-08 06:15:08'),
(2008, 5, 2, 15, 0, 0, '2024-08-08 06:15:08', '2024-08-08 06:15:08'),
(2009, 5, 3, 15, 0, 0, '2024-08-08 06:15:08', '2024-08-08 06:15:08'),
(2010, 5, 4, 15, 0, 0, '2024-08-08 06:15:08', '2024-08-08 06:15:08'),
(2011, 2, 9, 1, 0, 0, '2024-08-08 06:15:12', '2024-08-08 06:15:12'),
(2012, 2, 10, 1, 0, 0, '2024-08-08 06:15:12', '2024-08-08 06:15:12'),
(2013, 2, 11, 1, 0, 0, '2024-08-08 06:15:12', '2024-08-08 06:15:12'),
(2014, 2, 12, 1, 0, 0, '2024-08-08 06:15:12', '2024-08-08 06:15:12'),
(2015, 2, 9, 2, 0, 0, '2024-08-08 06:15:12', '2024-08-08 06:15:12'),
(2016, 2, 10, 2, 0, 0, '2024-08-08 06:15:12', '2024-08-08 06:15:12'),
(2017, 2, 11, 2, 0, 0, '2024-08-08 06:15:12', '2024-08-08 06:15:12'),
(2018, 2, 12, 2, 0, 0, '2024-08-08 06:15:12', '2024-08-08 06:15:12'),
(2019, 2, 9, 3, 0, 0, '2024-08-08 06:15:12', '2024-08-08 06:15:12'),
(2020, 2, 10, 3, 0, 0, '2024-08-08 06:15:12', '2024-08-08 06:15:12'),
(2021, 2, 11, 3, 0, 0, '2024-08-08 06:15:12', '2024-08-08 06:15:12'),
(2022, 2, 12, 3, 0, 0, '2024-08-08 06:15:12', '2024-08-08 06:15:12'),
(2023, 2, 9, 4, 0, 0, '2024-08-08 06:15:12', '2024-08-08 06:15:12'),
(2024, 2, 10, 4, 0, 0, '2024-08-08 06:15:12', '2024-08-08 06:15:12'),
(2025, 2, 11, 4, 0, 0, '2024-08-08 06:15:13', '2024-08-08 06:15:13'),
(2026, 2, 12, 4, 0, 0, '2024-08-08 06:15:13', '2024-08-08 06:15:13'),
(2027, 2, 9, 5, 0, 0, '2024-08-08 06:15:13', '2024-08-08 06:15:13'),
(2028, 2, 10, 5, 0, 0, '2024-08-08 06:15:13', '2024-08-08 06:15:13'),
(2029, 2, 11, 5, 0, 0, '2024-08-08 06:15:13', '2024-08-08 06:15:13'),
(2030, 2, 12, 5, 0, 0, '2024-08-08 06:15:13', '2024-08-08 06:15:13'),
(2031, 2, 9, 6, 0, 0, '2024-08-08 06:15:13', '2024-08-08 06:15:13'),
(2032, 2, 10, 6, 0, 0, '2024-08-08 06:15:13', '2024-08-08 06:15:13'),
(2033, 2, 11, 6, 0, 0, '2024-08-08 06:15:13', '2024-08-08 06:15:13'),
(2034, 2, 12, 6, 0, 0, '2024-08-08 06:15:13', '2024-08-08 06:15:13'),
(2035, 2, 9, 7, 0, 0, '2024-08-08 06:15:13', '2024-08-08 06:15:13'),
(2036, 2, 10, 7, 0, 0, '2024-08-08 06:15:13', '2024-08-08 06:15:13'),
(2037, 2, 11, 7, 0, 0, '2024-08-08 06:15:13', '2024-08-08 06:15:13'),
(2038, 2, 12, 7, 0, 0, '2024-08-08 06:15:13', '2024-08-08 06:15:13'),
(2039, 2, 9, 8, 0, 0, '2024-08-08 06:15:13', '2024-08-08 06:15:13'),
(2040, 2, 10, 8, 0, 0, '2024-08-08 06:15:13', '2024-08-08 06:15:13'),
(2041, 2, 11, 8, 0, 0, '2024-08-08 06:15:13', '2024-08-08 06:15:13'),
(2042, 2, 12, 8, 0, 0, '2024-08-08 06:15:13', '2024-08-08 06:15:13'),
(2043, 2, 9, 9, 0, 0, '2024-08-08 06:15:13', '2024-08-08 06:15:13'),
(2044, 2, 10, 9, 0, 0, '2024-08-08 06:15:13', '2024-08-08 06:15:13'),
(2045, 2, 11, 9, 0, 0, '2024-08-08 06:15:13', '2024-08-08 06:15:13'),
(2046, 2, 12, 9, 0, 0, '2024-08-08 06:15:13', '2024-08-08 06:15:13'),
(2047, 2, 9, 10, 0, 0, '2024-08-08 06:15:13', '2024-08-08 06:15:13'),
(2048, 2, 10, 10, 0, 0, '2024-08-08 06:15:13', '2024-08-08 06:15:13'),
(2049, 2, 11, 10, 0, 0, '2024-08-08 06:15:13', '2024-08-08 06:15:13'),
(2050, 2, 12, 10, 0, 0, '2024-08-08 06:15:13', '2024-08-08 06:15:13'),
(2051, 2, 9, 11, 0, 0, '2024-08-08 06:15:13', '2024-08-08 06:15:13'),
(2052, 2, 10, 11, 0, 0, '2024-08-08 06:15:13', '2024-08-08 06:15:13'),
(2053, 2, 11, 11, 0, 0, '2024-08-08 06:15:13', '2024-08-08 06:15:13'),
(2054, 2, 12, 11, 0, 0, '2024-08-08 06:15:13', '2024-08-08 06:15:13'),
(2055, 2, 9, 12, 0, 0, '2024-08-08 06:15:13', '2024-08-08 06:15:13'),
(2056, 2, 10, 12, 0, 0, '2024-08-08 06:15:13', '2024-08-08 06:15:13'),
(2057, 2, 11, 12, 0, 0, '2024-08-08 06:15:13', '2024-08-08 06:15:13'),
(2058, 2, 12, 12, 0, 0, '2024-08-08 06:15:13', '2024-08-08 06:15:13'),
(2059, 2, 9, 13, 0, 0, '2024-08-08 06:15:13', '2024-08-08 06:15:13'),
(2060, 2, 10, 13, 0, 0, '2024-08-08 06:15:13', '2024-08-08 06:15:13'),
(2061, 2, 11, 13, 0, 0, '2024-08-08 06:15:13', '2024-08-08 06:15:13'),
(2062, 2, 12, 13, 0, 0, '2024-08-08 06:15:13', '2024-08-08 06:15:13'),
(2063, 2, 9, 14, 0, 0, '2024-08-08 06:15:13', '2024-08-08 06:15:13'),
(2064, 2, 10, 14, 0, 0, '2024-08-08 06:15:13', '2024-08-08 06:15:13'),
(2065, 2, 11, 14, 0, 0, '2024-08-08 06:15:13', '2024-08-08 06:15:13'),
(2066, 2, 12, 14, 0, 0, '2024-08-08 06:15:13', '2024-08-08 06:15:13'),
(2067, 2, 9, 15, 0, 0, '2024-08-08 06:15:13', '2024-08-08 06:15:13'),
(2068, 2, 10, 15, 0, 0, '2024-08-08 06:15:13', '2024-08-08 06:15:13'),
(2069, 2, 11, 15, 0, 0, '2024-08-08 06:15:13', '2024-08-08 06:15:13'),
(2070, 2, 12, 15, 0, 0, '2024-08-08 06:15:13', '2024-08-08 06:15:13'),
(2071, 3, 9, 1, 0, 0, '2024-08-08 06:15:13', '2024-08-08 06:15:13'),
(2072, 3, 10, 1, 0, 0, '2024-08-08 06:15:13', '2024-08-08 06:15:13'),
(2073, 3, 11, 1, 0, 0, '2024-08-08 06:15:13', '2024-08-08 06:15:13'),
(2074, 3, 12, 1, 0, 0, '2024-08-08 06:15:13', '2024-08-08 06:15:13'),
(2075, 3, 9, 2, 0, 0, '2024-08-08 06:15:13', '2024-08-08 06:15:13'),
(2076, 3, 10, 2, 0, 0, '2024-08-08 06:15:13', '2024-08-08 06:15:13'),
(2077, 3, 11, 2, 0, 0, '2024-08-08 06:15:13', '2024-08-08 06:15:13'),
(2078, 3, 12, 2, 0, 0, '2024-08-08 06:15:13', '2024-08-08 06:15:13'),
(2079, 3, 9, 3, 0, 0, '2024-08-08 06:15:13', '2024-08-08 06:15:13'),
(2080, 3, 10, 3, 0, 0, '2024-08-08 06:15:13', '2024-08-08 06:15:13'),
(2081, 3, 11, 3, 0, 0, '2024-08-08 06:15:13', '2024-08-08 06:15:13'),
(2082, 3, 12, 3, 0, 0, '2024-08-08 06:15:13', '2024-08-08 06:15:13'),
(2083, 3, 9, 4, 0, 0, '2024-08-08 06:15:13', '2024-08-08 06:15:13'),
(2084, 3, 10, 4, 0, 0, '2024-08-08 06:15:13', '2024-08-08 06:15:13'),
(2085, 3, 11, 4, 0, 0, '2024-08-08 06:15:13', '2024-08-08 06:15:13'),
(2086, 3, 12, 4, 0, 0, '2024-08-08 06:15:13', '2024-08-08 06:15:13'),
(2087, 3, 9, 5, 0, 0, '2024-08-08 06:15:13', '2024-08-08 06:15:13'),
(2088, 3, 10, 5, 0, 0, '2024-08-08 06:15:13', '2024-08-08 06:15:13'),
(2089, 3, 11, 5, 0, 0, '2024-08-08 06:15:13', '2024-08-08 06:15:13'),
(2090, 3, 12, 5, 0, 0, '2024-08-08 06:15:13', '2024-08-08 06:15:13'),
(2091, 3, 9, 6, 0, 0, '2024-08-08 06:15:13', '2024-08-08 06:15:13'),
(2092, 3, 10, 6, 0, 0, '2024-08-08 06:15:13', '2024-08-08 06:15:13'),
(2093, 3, 11, 6, 0, 0, '2024-08-08 06:15:13', '2024-08-08 06:15:13'),
(2094, 3, 12, 6, 0, 0, '2024-08-08 06:15:13', '2024-08-08 06:15:13'),
(2095, 3, 9, 7, 0, 0, '2024-08-08 06:15:13', '2024-08-08 06:15:13'),
(2096, 3, 10, 7, 0, 0, '2024-08-08 06:15:13', '2024-08-08 06:15:13'),
(2097, 3, 11, 7, 0, 0, '2024-08-08 06:15:13', '2024-08-08 06:15:13'),
(2098, 3, 12, 7, 0, 0, '2024-08-08 06:15:13', '2024-08-08 06:15:13'),
(2099, 3, 9, 8, 0, 0, '2024-08-08 06:15:13', '2024-08-08 06:15:13'),
(2100, 3, 10, 8, 0, 0, '2024-08-08 06:15:13', '2024-08-08 06:15:13'),
(2101, 3, 11, 8, 0, 0, '2024-08-08 06:15:13', '2024-08-08 06:15:13'),
(2102, 3, 12, 8, 0, 0, '2024-08-08 06:15:13', '2024-08-08 06:15:13'),
(2103, 3, 9, 9, 0, 0, '2024-08-08 06:15:13', '2024-08-08 06:15:13'),
(2104, 3, 10, 9, 0, 0, '2024-08-08 06:15:13', '2024-08-08 06:15:13'),
(2105, 3, 11, 9, 0, 0, '2024-08-08 06:15:13', '2024-08-08 06:15:13'),
(2106, 3, 12, 9, 0, 0, '2024-08-08 06:15:14', '2024-08-08 06:15:14'),
(2107, 3, 9, 10, 0, 0, '2024-08-08 06:15:14', '2024-08-08 06:15:14'),
(2108, 3, 10, 10, 0, 0, '2024-08-08 06:15:14', '2024-08-08 06:15:14'),
(2109, 3, 11, 10, 0, 0, '2024-08-08 06:15:14', '2024-08-08 06:15:14'),
(2110, 3, 12, 10, 0, 0, '2024-08-08 06:15:14', '2024-08-08 06:15:14'),
(2111, 3, 9, 11, 0, 0, '2024-08-08 06:15:14', '2024-08-08 06:15:14'),
(2112, 3, 10, 11, 0, 0, '2024-08-08 06:15:14', '2024-08-08 06:15:14'),
(2113, 3, 11, 11, 0, 0, '2024-08-08 06:15:14', '2024-08-08 06:15:14'),
(2114, 3, 12, 11, 0, 0, '2024-08-08 06:15:14', '2024-08-08 06:15:14'),
(2115, 3, 9, 12, 0, 0, '2024-08-08 06:15:14', '2024-08-08 06:15:14'),
(2116, 3, 10, 12, 0, 0, '2024-08-08 06:15:14', '2024-08-08 06:15:14'),
(2117, 3, 11, 12, 0, 0, '2024-08-08 06:15:14', '2024-08-08 06:15:14'),
(2118, 3, 12, 12, 0, 0, '2024-08-08 06:15:14', '2024-08-08 06:15:14'),
(2119, 3, 9, 13, 0, 0, '2024-08-08 06:15:14', '2024-08-08 06:15:14'),
(2120, 3, 10, 13, 0, 0, '2024-08-08 06:15:14', '2024-08-08 06:15:14'),
(2121, 3, 11, 13, 0, 0, '2024-08-08 06:15:14', '2024-08-08 06:15:14'),
(2122, 3, 12, 13, 0, 0, '2024-08-08 06:15:14', '2024-08-08 06:15:14'),
(2123, 3, 9, 14, 0, 0, '2024-08-08 06:15:14', '2024-08-08 06:15:14'),
(2124, 3, 10, 14, 0, 0, '2024-08-08 06:15:14', '2024-08-08 06:15:14'),
(2125, 3, 11, 14, 0, 0, '2024-08-08 06:15:14', '2024-08-08 06:15:14'),
(2126, 3, 12, 14, 0, 0, '2024-08-08 06:15:14', '2024-08-08 06:15:14'),
(2127, 3, 9, 15, 0, 0, '2024-08-08 06:15:14', '2024-08-08 06:15:14'),
(2128, 3, 10, 15, 0, 0, '2024-08-08 06:15:14', '2024-08-08 06:15:14'),
(2129, 3, 11, 15, 0, 0, '2024-08-08 06:15:14', '2024-08-08 06:15:14'),
(2130, 3, 12, 15, 0, 0, '2024-08-08 06:15:14', '2024-08-08 06:15:14'),
(2131, 4, 9, 1, 0, 0, '2024-08-08 06:15:14', '2024-08-08 06:15:14'),
(2132, 4, 10, 1, 0, 0, '2024-08-08 06:15:14', '2024-08-08 06:15:14'),
(2133, 4, 11, 1, 0, 0, '2024-08-08 06:15:14', '2024-08-08 06:15:14'),
(2134, 4, 12, 1, 0, 0, '2024-08-08 06:15:14', '2024-08-08 06:15:14'),
(2135, 4, 9, 2, 0, 0, '2024-08-08 06:15:14', '2024-08-08 06:15:14'),
(2136, 4, 10, 2, 0, 0, '2024-08-08 06:15:14', '2024-08-08 06:15:14'),
(2137, 4, 11, 2, 0, 0, '2024-08-08 06:15:14', '2024-08-08 06:15:14'),
(2138, 4, 12, 2, 0, 0, '2024-08-08 06:15:14', '2024-08-08 06:15:14'),
(2139, 4, 9, 3, 0, 0, '2024-08-08 06:15:14', '2024-08-08 06:15:14'),
(2140, 4, 10, 3, 0, 0, '2024-08-08 06:15:14', '2024-08-08 06:15:14'),
(2141, 4, 11, 3, 0, 0, '2024-08-08 06:15:14', '2024-08-08 06:15:14'),
(2142, 4, 12, 3, 0, 0, '2024-08-08 06:15:14', '2024-08-08 06:15:14'),
(2143, 4, 9, 4, 0, 0, '2024-08-08 06:15:14', '2024-08-08 06:15:14'),
(2144, 4, 10, 4, 0, 0, '2024-08-08 06:15:14', '2024-08-08 06:15:14'),
(2145, 4, 11, 4, 0, 0, '2024-08-08 06:15:14', '2024-08-08 06:15:14'),
(2146, 4, 12, 4, 0, 0, '2024-08-08 06:15:14', '2024-08-08 06:15:14'),
(2147, 4, 9, 5, 0, 0, '2024-08-08 06:15:14', '2024-08-08 06:15:14'),
(2148, 4, 10, 5, 0, 0, '2024-08-08 06:15:14', '2024-08-08 06:15:14'),
(2149, 4, 11, 5, 0, 0, '2024-08-08 06:15:14', '2024-08-08 06:15:14'),
(2150, 4, 12, 5, 0, 0, '2024-08-08 06:15:14', '2024-08-08 06:15:14'),
(2151, 4, 9, 6, 0, 0, '2024-08-08 06:15:14', '2024-08-08 06:15:14'),
(2152, 4, 10, 6, 0, 0, '2024-08-08 06:15:14', '2024-08-08 06:15:14'),
(2153, 4, 11, 6, 0, 0, '2024-08-08 06:15:14', '2024-08-08 06:15:14'),
(2154, 4, 12, 6, 0, 0, '2024-08-08 06:15:14', '2024-08-08 06:15:14'),
(2155, 4, 9, 7, 0, 0, '2024-08-08 06:15:14', '2024-08-08 06:15:14'),
(2156, 4, 10, 7, 0, 0, '2024-08-08 06:15:14', '2024-08-08 06:15:14'),
(2157, 4, 11, 7, 0, 0, '2024-08-08 06:15:14', '2024-08-08 06:15:14'),
(2158, 4, 12, 7, 0, 0, '2024-08-08 06:15:14', '2024-08-08 06:15:14'),
(2159, 4, 9, 8, 0, 0, '2024-08-08 06:15:14', '2024-08-08 06:15:14'),
(2160, 4, 10, 8, 0, 0, '2024-08-08 06:15:14', '2024-08-08 06:15:14'),
(2161, 4, 11, 8, 0, 0, '2024-08-08 06:15:14', '2024-08-08 06:15:14'),
(2162, 4, 12, 8, 0, 0, '2024-08-08 06:15:14', '2024-08-08 06:15:14'),
(2163, 4, 9, 9, 0, 0, '2024-08-08 06:15:14', '2024-08-08 06:15:14'),
(2164, 4, 10, 9, 0, 0, '2024-08-08 06:15:14', '2024-08-08 06:15:14'),
(2165, 4, 11, 9, 0, 0, '2024-08-08 06:15:14', '2024-08-08 06:15:14'),
(2166, 4, 12, 9, 0, 0, '2024-08-08 06:15:14', '2024-08-08 06:15:14'),
(2167, 4, 9, 10, 0, 0, '2024-08-08 06:15:14', '2024-08-08 06:15:14'),
(2168, 4, 10, 10, 0, 0, '2024-08-08 06:15:14', '2024-08-08 06:15:14'),
(2169, 4, 11, 10, 0, 0, '2024-08-08 06:15:14', '2024-08-08 06:15:14'),
(2170, 4, 12, 10, 0, 0, '2024-08-08 06:15:14', '2024-08-08 06:15:14'),
(2171, 4, 9, 11, 0, 0, '2024-08-08 06:15:14', '2024-08-08 06:15:14'),
(2172, 4, 10, 11, 0, 0, '2024-08-08 06:15:14', '2024-08-08 06:15:14'),
(2173, 4, 11, 11, 0, 0, '2024-08-08 06:15:14', '2024-08-08 06:15:14'),
(2174, 4, 12, 11, 0, 0, '2024-08-08 06:15:14', '2024-08-08 06:15:14'),
(2175, 4, 9, 12, 0, 0, '2024-08-08 06:15:14', '2024-08-08 06:15:14'),
(2176, 4, 10, 12, 0, 0, '2024-08-08 06:15:14', '2024-08-08 06:15:14'),
(2177, 4, 11, 12, 0, 0, '2024-08-08 06:15:14', '2024-08-08 06:15:14'),
(2178, 4, 12, 12, 0, 0, '2024-08-08 06:15:15', '2024-08-08 06:15:15'),
(2179, 4, 9, 13, 0, 0, '2024-08-08 06:15:15', '2024-08-08 06:15:15'),
(2180, 4, 10, 13, 0, 0, '2024-08-08 06:15:15', '2024-08-08 06:15:15'),
(2181, 4, 11, 13, 0, 0, '2024-08-08 06:15:15', '2024-08-08 06:15:15'),
(2182, 4, 12, 13, 0, 0, '2024-08-08 06:15:15', '2024-08-08 06:15:15'),
(2183, 4, 9, 14, 0, 0, '2024-08-08 06:15:15', '2024-08-08 06:15:15'),
(2184, 4, 10, 14, 0, 0, '2024-08-08 06:15:15', '2024-08-08 06:15:15'),
(2185, 4, 11, 14, 0, 0, '2024-08-08 06:15:15', '2024-08-08 06:15:15'),
(2186, 4, 12, 14, 0, 0, '2024-08-08 06:15:15', '2024-08-08 06:15:15'),
(2187, 4, 9, 15, 0, 0, '2024-08-08 06:15:15', '2024-08-08 06:15:15'),
(2188, 4, 10, 15, 0, 0, '2024-08-08 06:15:15', '2024-08-08 06:15:15'),
(2189, 4, 11, 15, 0, 0, '2024-08-08 06:15:15', '2024-08-08 06:15:15'),
(2190, 4, 12, 15, 0, 0, '2024-08-08 06:15:15', '2024-08-08 06:15:15'),
(2191, 5, 9, 1, 0, 0, '2024-08-08 06:15:15', '2024-08-08 06:15:15'),
(2192, 5, 10, 1, 0, 0, '2024-08-08 06:15:15', '2024-08-08 06:15:15'),
(2193, 5, 11, 1, 0, 0, '2024-08-08 06:15:15', '2024-08-08 06:15:15'),
(2194, 5, 12, 1, 0, 0, '2024-08-08 06:15:15', '2024-08-08 06:15:15'),
(2195, 5, 9, 2, 0, 0, '2024-08-08 06:15:15', '2024-08-08 06:15:15'),
(2196, 5, 10, 2, 0, 0, '2024-08-08 06:15:15', '2024-08-08 06:15:15'),
(2197, 5, 11, 2, 0, 0, '2024-08-08 06:15:15', '2024-08-08 06:15:15'),
(2198, 5, 12, 2, 0, 0, '2024-08-08 06:15:15', '2024-08-08 06:15:15'),
(2199, 5, 9, 3, 0, 0, '2024-08-08 06:15:15', '2024-08-08 06:15:15'),
(2200, 5, 10, 3, 0, 0, '2024-08-08 06:15:15', '2024-08-08 06:15:15'),
(2201, 5, 11, 3, 0, 0, '2024-08-08 06:15:15', '2024-08-08 06:15:15'),
(2202, 5, 12, 3, 0, 0, '2024-08-08 06:15:15', '2024-08-08 06:15:15'),
(2203, 5, 9, 4, 0, 0, '2024-08-08 06:15:15', '2024-08-08 06:15:15'),
(2204, 5, 10, 4, 0, 0, '2024-08-08 06:15:15', '2024-08-08 06:15:15'),
(2205, 5, 11, 4, 0, 0, '2024-08-08 06:15:15', '2024-08-08 06:15:15'),
(2206, 5, 12, 4, 0, 0, '2024-08-08 06:15:15', '2024-08-08 06:15:15'),
(2207, 5, 9, 5, 0, 0, '2024-08-08 06:15:15', '2024-08-08 06:15:15'),
(2208, 5, 10, 5, 0, 0, '2024-08-08 06:15:15', '2024-08-08 06:15:15'),
(2209, 5, 11, 5, 0, 0, '2024-08-08 06:15:15', '2024-08-08 06:15:15'),
(2210, 5, 12, 5, 0, 0, '2024-08-08 06:15:15', '2024-08-08 06:15:15'),
(2211, 5, 9, 6, 0, 0, '2024-08-08 06:15:15', '2024-08-08 06:15:15'),
(2212, 5, 10, 6, 0, 0, '2024-08-08 06:15:15', '2024-08-08 06:15:15'),
(2213, 5, 11, 6, 0, 0, '2024-08-08 06:15:15', '2024-08-08 06:15:15'),
(2214, 5, 12, 6, 0, 0, '2024-08-08 06:15:15', '2024-08-08 06:15:15'),
(2215, 5, 9, 7, 0, 0, '2024-08-08 06:15:15', '2024-08-08 06:15:15'),
(2216, 5, 10, 7, 0, 0, '2024-08-08 06:15:15', '2024-08-08 06:15:15'),
(2217, 5, 11, 7, 0, 0, '2024-08-08 06:15:15', '2024-08-08 06:15:15'),
(2218, 5, 12, 7, 0, 0, '2024-08-08 06:15:15', '2024-08-08 06:15:15'),
(2219, 5, 9, 8, 0, 0, '2024-08-08 06:15:15', '2024-08-08 06:15:15'),
(2220, 5, 10, 8, 0, 0, '2024-08-08 06:15:15', '2024-08-08 06:15:15'),
(2221, 5, 11, 8, 0, 0, '2024-08-08 06:15:15', '2024-08-08 06:15:15'),
(2222, 5, 12, 8, 0, 0, '2024-08-08 06:15:15', '2024-08-08 06:15:15'),
(2223, 5, 9, 9, 0, 0, '2024-08-08 06:15:15', '2024-08-08 06:15:15'),
(2224, 5, 10, 9, 0, 0, '2024-08-08 06:15:15', '2024-08-08 06:15:15'),
(2225, 5, 11, 9, 0, 0, '2024-08-08 06:15:15', '2024-08-08 06:15:15'),
(2226, 5, 12, 9, 0, 0, '2024-08-08 06:15:15', '2024-08-08 06:15:15'),
(2227, 5, 9, 10, 0, 0, '2024-08-08 06:15:15', '2024-08-08 06:15:15'),
(2228, 5, 10, 10, 0, 0, '2024-08-08 06:15:15', '2024-08-08 06:15:15'),
(2229, 5, 11, 10, 0, 0, '2024-08-08 06:15:15', '2024-08-08 06:15:15'),
(2230, 5, 12, 10, 0, 0, '2024-08-08 06:15:15', '2024-08-08 06:15:15'),
(2231, 5, 9, 11, 0, 0, '2024-08-08 06:15:15', '2024-08-08 06:15:15'),
(2232, 5, 10, 11, 0, 0, '2024-08-08 06:15:15', '2024-08-08 06:15:15'),
(2233, 5, 11, 11, 0, 0, '2024-08-08 06:15:15', '2024-08-08 06:15:15'),
(2234, 5, 12, 11, 0, 0, '2024-08-08 06:15:15', '2024-08-08 06:15:15'),
(2235, 5, 9, 12, 0, 0, '2024-08-08 06:15:15', '2024-08-08 06:15:15'),
(2236, 5, 10, 12, 0, 0, '2024-08-08 06:15:15', '2024-08-08 06:15:15'),
(2237, 5, 11, 12, 0, 0, '2024-08-08 06:15:15', '2024-08-08 06:15:15'),
(2238, 5, 12, 12, 0, 0, '2024-08-08 06:15:15', '2024-08-08 06:15:15'),
(2239, 5, 9, 13, 0, 0, '2024-08-08 06:15:15', '2024-08-08 06:15:15'),
(2240, 5, 10, 13, 0, 0, '2024-08-08 06:15:15', '2024-08-08 06:15:15'),
(2241, 5, 11, 13, 0, 0, '2024-08-08 06:15:15', '2024-08-08 06:15:15'),
(2242, 5, 12, 13, 0, 0, '2024-08-08 06:15:15', '2024-08-08 06:15:15'),
(2243, 5, 9, 14, 0, 0, '2024-08-08 06:15:15', '2024-08-08 06:15:15'),
(2244, 5, 10, 14, 0, 0, '2024-08-08 06:15:15', '2024-08-08 06:15:15'),
(2245, 5, 11, 14, 0, 0, '2024-08-08 06:15:15', '2024-08-08 06:15:15'),
(2246, 5, 12, 14, 0, 0, '2024-08-08 06:15:15', '2024-08-08 06:15:15'),
(2247, 5, 9, 15, 0, 0, '2024-08-08 06:15:15', '2024-08-08 06:15:15'),
(2248, 5, 10, 15, 0, 0, '2024-08-08 06:15:15', '2024-08-08 06:15:15'),
(2249, 5, 11, 15, 0, 0, '2024-08-08 06:15:15', '2024-08-08 06:15:15'),
(2250, 5, 12, 15, 0, 0, '2024-08-08 06:15:15', '2024-08-08 06:15:15'),
(2251, 1, 16, 1, 0, 0, '2024-08-08 06:15:19', '2024-08-08 06:15:19'),
(2252, 1, 17, 1, 0, 0, '2024-08-08 06:15:19', '2024-08-08 06:15:19'),
(2253, 1, 18, 1, 0, 0, '2024-08-08 06:15:19', '2024-08-08 06:15:19'),
(2254, 1, 19, 1, 0, 0, '2024-08-08 06:15:19', '2024-08-08 06:15:19'),
(2255, 1, 16, 2, 0, 0, '2024-08-08 06:15:19', '2024-08-08 06:15:19'),
(2256, 1, 17, 2, 0, 0, '2024-08-08 06:15:19', '2024-08-08 06:15:19'),
(2257, 1, 18, 2, 0, 0, '2024-08-08 06:15:19', '2024-08-08 06:15:19'),
(2258, 1, 19, 2, 0, 0, '2024-08-08 06:15:19', '2024-08-08 06:15:19'),
(2259, 1, 16, 3, 0, 0, '2024-08-08 06:15:19', '2024-08-08 06:15:19'),
(2260, 1, 17, 3, 0, 0, '2024-08-08 06:15:19', '2024-08-08 06:15:19'),
(2261, 1, 18, 3, 0, 0, '2024-08-08 06:15:19', '2024-08-08 06:15:19'),
(2262, 1, 19, 3, 0, 0, '2024-08-08 06:15:19', '2024-08-08 06:15:19'),
(2263, 1, 16, 4, 0, 0, '2024-08-08 06:15:19', '2024-08-08 06:15:19'),
(2264, 1, 17, 4, 0, 0, '2024-08-08 06:15:19', '2024-08-08 06:15:19'),
(2265, 1, 18, 4, 0, 0, '2024-08-08 06:15:19', '2024-08-08 06:15:19'),
(2266, 1, 19, 4, 0, 0, '2024-08-08 06:15:19', '2024-08-08 06:15:19'),
(2267, 1, 16, 5, 0, 0, '2024-08-08 06:15:19', '2024-08-08 06:15:19'),
(2268, 1, 17, 5, 0, 0, '2024-08-08 06:15:19', '2024-08-08 06:15:19'),
(2269, 1, 18, 5, 0, 0, '2024-08-08 06:15:19', '2024-08-08 06:15:19'),
(2270, 1, 19, 5, 0, 0, '2024-08-08 06:15:19', '2024-08-08 06:15:19'),
(2271, 1, 16, 6, 0, 0, '2024-08-08 06:15:19', '2024-08-08 06:15:19'),
(2272, 1, 17, 6, 0, 0, '2024-08-08 06:15:19', '2024-08-08 06:15:19'),
(2273, 1, 18, 6, 0, 0, '2024-08-08 06:15:19', '2024-08-08 06:15:19'),
(2274, 1, 19, 6, 0, 0, '2024-08-08 06:15:19', '2024-08-08 06:15:19'),
(2275, 1, 16, 7, 0, 0, '2024-08-08 06:15:19', '2024-08-08 06:15:19'),
(2276, 1, 17, 7, 0, 0, '2024-08-08 06:15:19', '2024-08-08 06:15:19'),
(2277, 1, 18, 7, 0, 0, '2024-08-08 06:15:19', '2024-08-08 06:15:19'),
(2278, 1, 19, 7, 0, 0, '2024-08-08 06:15:19', '2024-08-08 06:15:19'),
(2279, 1, 16, 8, 0, 0, '2024-08-08 06:15:19', '2024-08-08 06:15:19'),
(2280, 1, 17, 8, 0, 0, '2024-08-08 06:15:19', '2024-08-08 06:15:19'),
(2281, 1, 18, 8, 0, 0, '2024-08-08 06:15:20', '2024-08-08 06:15:20'),
(2282, 1, 19, 8, 0, 0, '2024-08-08 06:15:20', '2024-08-08 06:15:20'),
(2283, 1, 16, 9, 0, 0, '2024-08-08 06:15:20', '2024-08-08 06:15:20'),
(2284, 1, 17, 9, 0, 0, '2024-08-08 06:15:20', '2024-08-08 06:15:20'),
(2285, 1, 18, 9, 0, 0, '2024-08-08 06:15:20', '2024-08-08 06:15:20'),
(2286, 1, 19, 9, 0, 0, '2024-08-08 06:15:20', '2024-08-08 06:15:20'),
(2287, 1, 16, 10, 0, 0, '2024-08-08 06:15:20', '2024-08-08 06:15:20'),
(2288, 1, 17, 10, 0, 0, '2024-08-08 06:15:20', '2024-08-08 06:15:20'),
(2289, 1, 18, 10, 0, 0, '2024-08-08 06:15:20', '2024-08-08 06:15:20'),
(2290, 1, 19, 10, 0, 0, '2024-08-08 06:15:20', '2024-08-08 06:15:20'),
(2291, 1, 16, 11, 0, 0, '2024-08-08 06:15:20', '2024-08-08 06:15:20'),
(2292, 1, 17, 11, 0, 0, '2024-08-08 06:15:20', '2024-08-08 06:15:20'),
(2293, 1, 18, 11, 0, 0, '2024-08-08 06:15:20', '2024-08-08 06:15:20'),
(2294, 1, 19, 11, 0, 0, '2024-08-08 06:15:20', '2024-08-08 06:15:20'),
(2295, 1, 16, 12, 0, 0, '2024-08-08 06:15:20', '2024-08-08 06:15:20'),
(2296, 1, 17, 12, 0, 0, '2024-08-08 06:15:20', '2024-08-08 06:15:20'),
(2297, 1, 18, 12, 0, 0, '2024-08-08 06:15:20', '2024-08-08 06:15:20'),
(2298, 1, 19, 12, 0, 0, '2024-08-08 06:15:20', '2024-08-08 06:15:20'),
(2299, 1, 16, 13, 0, 0, '2024-08-08 06:15:20', '2024-08-08 06:15:20'),
(2300, 1, 17, 13, 0, 0, '2024-08-08 06:15:20', '2024-08-08 06:15:20'),
(2301, 1, 18, 13, 0, 0, '2024-08-08 06:15:20', '2024-08-08 06:15:20'),
(2302, 1, 19, 13, 0, 0, '2024-08-08 06:15:20', '2024-08-08 06:15:20'),
(2303, 1, 16, 14, 0, 0, '2024-08-08 06:15:20', '2024-08-08 06:15:20'),
(2304, 1, 17, 14, 0, 0, '2024-08-08 06:15:20', '2024-08-08 06:15:20'),
(2305, 1, 18, 14, 0, 0, '2024-08-08 06:15:20', '2024-08-08 06:15:20'),
(2306, 1, 19, 14, 0, 0, '2024-08-08 06:15:20', '2024-08-08 06:15:20'),
(2307, 1, 16, 15, 0, 0, '2024-08-08 06:15:20', '2024-08-08 06:15:20'),
(2308, 1, 17, 15, 0, 0, '2024-08-08 06:15:20', '2024-08-08 06:15:20'),
(2309, 1, 18, 15, 0, 0, '2024-08-08 06:15:20', '2024-08-08 06:15:20'),
(2310, 1, 19, 15, 0, 0, '2024-08-08 06:15:20', '2024-08-08 06:15:20'),
(2311, 2, 16, 1, 0, 0, '2024-08-08 06:15:20', '2024-08-08 06:15:20'),
(2312, 2, 17, 1, 0, 0, '2024-08-08 06:15:20', '2024-08-08 06:15:20'),
(2313, 2, 18, 1, 0, 0, '2024-08-08 06:15:20', '2024-08-08 06:15:20'),
(2314, 2, 19, 1, 0, 0, '2024-08-08 06:15:20', '2024-08-08 06:15:20'),
(2315, 2, 16, 2, 0, 0, '2024-08-08 06:15:20', '2024-08-08 06:15:20'),
(2316, 2, 17, 2, 0, 0, '2024-08-08 06:15:20', '2024-08-08 06:15:20'),
(2317, 2, 18, 2, 0, 0, '2024-08-08 06:15:20', '2024-08-08 06:15:20'),
(2318, 2, 19, 2, 0, 0, '2024-08-08 06:15:20', '2024-08-08 06:15:20'),
(2319, 2, 16, 3, 0, 0, '2024-08-08 06:15:20', '2024-08-08 06:15:20'),
(2320, 2, 17, 3, 0, 0, '2024-08-08 06:15:20', '2024-08-08 06:15:20'),
(2321, 2, 18, 3, 0, 0, '2024-08-08 06:15:20', '2024-08-08 06:15:20'),
(2322, 2, 19, 3, 0, 0, '2024-08-08 06:15:20', '2024-08-08 06:15:20'),
(2323, 2, 16, 4, 0, 0, '2024-08-08 06:15:20', '2024-08-08 06:15:20'),
(2324, 2, 17, 4, 0, 0, '2024-08-08 06:15:20', '2024-08-08 06:15:20'),
(2325, 2, 18, 4, 0, 0, '2024-08-08 06:15:20', '2024-08-08 06:15:20'),
(2326, 2, 19, 4, 0, 0, '2024-08-08 06:15:20', '2024-08-08 06:15:20'),
(2327, 2, 16, 5, 0, 0, '2024-08-08 06:15:20', '2024-08-08 06:15:20'),
(2328, 2, 17, 5, 0, 0, '2024-08-08 06:15:20', '2024-08-08 06:15:20'),
(2329, 2, 18, 5, 0, 0, '2024-08-08 06:15:20', '2024-08-08 06:15:20'),
(2330, 2, 19, 5, 0, 0, '2024-08-08 06:15:20', '2024-08-08 06:15:20'),
(2331, 2, 16, 6, 0, 0, '2024-08-08 06:15:20', '2024-08-08 06:15:20'),
(2332, 2, 17, 6, 0, 0, '2024-08-08 06:15:20', '2024-08-08 06:15:20'),
(2333, 2, 18, 6, 0, 0, '2024-08-08 06:15:20', '2024-08-08 06:15:20'),
(2334, 2, 19, 6, 0, 0, '2024-08-08 06:15:20', '2024-08-08 06:15:20'),
(2335, 2, 16, 7, 0, 0, '2024-08-08 06:15:20', '2024-08-08 06:15:20'),
(2336, 2, 17, 7, 0, 0, '2024-08-08 06:15:20', '2024-08-08 06:15:20'),
(2337, 2, 18, 7, 0, 0, '2024-08-08 06:15:20', '2024-08-08 06:15:20'),
(2338, 2, 19, 7, 0, 0, '2024-08-08 06:15:20', '2024-08-08 06:15:20'),
(2339, 2, 16, 8, 0, 0, '2024-08-08 06:15:20', '2024-08-08 06:15:20'),
(2340, 2, 17, 8, 0, 0, '2024-08-08 06:15:20', '2024-08-08 06:15:20'),
(2341, 2, 18, 8, 0, 0, '2024-08-08 06:15:20', '2024-08-08 06:15:20'),
(2342, 2, 19, 8, 0, 0, '2024-08-08 06:15:20', '2024-08-08 06:15:20'),
(2343, 2, 16, 9, 0, 0, '2024-08-08 06:15:20', '2024-08-08 06:15:20'),
(2344, 2, 17, 9, 0, 0, '2024-08-08 06:15:20', '2024-08-08 06:15:20'),
(2345, 2, 18, 9, 0, 0, '2024-08-08 06:15:20', '2024-08-08 06:15:20'),
(2346, 2, 19, 9, 0, 0, '2024-08-08 06:15:20', '2024-08-08 06:15:20'),
(2347, 2, 16, 10, 0, 0, '2024-08-08 06:15:20', '2024-08-08 06:15:20'),
(2348, 2, 17, 10, 0, 0, '2024-08-08 06:15:20', '2024-08-08 06:15:20'),
(2349, 2, 18, 10, 0, 0, '2024-08-08 06:15:20', '2024-08-08 06:15:20'),
(2350, 2, 19, 10, 0, 0, '2024-08-08 06:15:20', '2024-08-08 06:15:20'),
(2351, 2, 16, 11, 0, 0, '2024-08-08 06:15:20', '2024-08-08 06:15:20'),
(2352, 2, 17, 11, 0, 0, '2024-08-08 06:15:20', '2024-08-08 06:15:20'),
(2353, 2, 18, 11, 0, 0, '2024-08-08 06:15:20', '2024-08-08 06:15:20'),
(2354, 2, 19, 11, 0, 0, '2024-08-08 06:15:20', '2024-08-08 06:15:20'),
(2355, 2, 16, 12, 0, 0, '2024-08-08 06:15:21', '2024-08-08 06:15:21'),
(2356, 2, 17, 12, 0, 0, '2024-08-08 06:15:21', '2024-08-08 06:15:21'),
(2357, 2, 18, 12, 0, 0, '2024-08-08 06:15:21', '2024-08-08 06:15:21'),
(2358, 2, 19, 12, 0, 0, '2024-08-08 06:15:21', '2024-08-08 06:15:21'),
(2359, 2, 16, 13, 0, 0, '2024-08-08 06:15:21', '2024-08-08 06:15:21'),
(2360, 2, 17, 13, 0, 0, '2024-08-08 06:15:21', '2024-08-08 06:15:21'),
(2361, 2, 18, 13, 0, 0, '2024-08-08 06:15:21', '2024-08-08 06:15:21'),
(2362, 2, 19, 13, 0, 0, '2024-08-08 06:15:21', '2024-08-08 06:15:21'),
(2363, 2, 16, 14, 0, 0, '2024-08-08 06:15:21', '2024-08-08 06:15:21'),
(2364, 2, 17, 14, 0, 0, '2024-08-08 06:15:21', '2024-08-08 06:15:21'),
(2365, 2, 18, 14, 0, 0, '2024-08-08 06:15:21', '2024-08-08 06:15:21'),
(2366, 2, 19, 14, 0, 0, '2024-08-08 06:15:21', '2024-08-08 06:15:21'),
(2367, 2, 16, 15, 0, 0, '2024-08-08 06:15:21', '2024-08-08 06:15:21'),
(2368, 2, 17, 15, 0, 0, '2024-08-08 06:15:21', '2024-08-08 06:15:21'),
(2369, 2, 18, 15, 0, 0, '2024-08-08 06:15:21', '2024-08-08 06:15:21'),
(2370, 2, 19, 15, 0, 0, '2024-08-08 06:15:21', '2024-08-08 06:15:21'),
(2371, 3, 16, 1, 0, 0, '2024-08-08 06:15:21', '2024-08-08 06:15:21'),
(2372, 3, 17, 1, 0, 0, '2024-08-08 06:15:21', '2024-08-08 06:15:21'),
(2373, 3, 18, 1, 0, 0, '2024-08-08 06:15:21', '2024-08-08 06:15:21'),
(2374, 3, 19, 1, 0, 0, '2024-08-08 06:15:21', '2024-08-08 06:15:21'),
(2375, 3, 16, 2, 0, 0, '2024-08-08 06:15:21', '2024-08-08 06:15:21'),
(2376, 3, 17, 2, 0, 0, '2024-08-08 06:15:21', '2024-08-08 06:15:21'),
(2377, 3, 18, 2, 0, 0, '2024-08-08 06:15:21', '2024-08-08 06:15:21'),
(2378, 3, 19, 2, 0, 0, '2024-08-08 06:15:21', '2024-08-08 06:15:21'),
(2379, 3, 16, 3, 0, 0, '2024-08-08 06:15:21', '2024-08-08 06:15:21'),
(2380, 3, 17, 3, 0, 0, '2024-08-08 06:15:21', '2024-08-08 06:15:21'),
(2381, 3, 18, 3, 0, 0, '2024-08-08 06:15:21', '2024-08-08 06:15:21'),
(2382, 3, 19, 3, 0, 0, '2024-08-08 06:15:21', '2024-08-08 06:15:21'),
(2383, 3, 16, 4, 0, 0, '2024-08-08 06:15:21', '2024-08-08 06:15:21'),
(2384, 3, 17, 4, 0, 0, '2024-08-08 06:15:21', '2024-08-08 06:15:21'),
(2385, 3, 18, 4, 0, 0, '2024-08-08 06:15:21', '2024-08-08 06:15:21'),
(2386, 3, 19, 4, 0, 0, '2024-08-08 06:15:21', '2024-08-08 06:15:21'),
(2387, 3, 16, 5, 0, 0, '2024-08-08 06:15:21', '2024-08-08 06:15:21'),
(2388, 3, 17, 5, 0, 0, '2024-08-08 06:15:21', '2024-08-08 06:15:21'),
(2389, 3, 18, 5, 0, 0, '2024-08-08 06:15:21', '2024-08-08 06:15:21'),
(2390, 3, 19, 5, 0, 0, '2024-08-08 06:15:21', '2024-08-08 06:15:21'),
(2391, 3, 16, 6, 0, 0, '2024-08-08 06:15:21', '2024-08-08 06:15:21'),
(2392, 3, 17, 6, 0, 0, '2024-08-08 06:15:21', '2024-08-08 06:15:21'),
(2393, 3, 18, 6, 0, 0, '2024-08-08 06:15:21', '2024-08-08 06:15:21'),
(2394, 3, 19, 6, 0, 0, '2024-08-08 06:15:21', '2024-08-08 06:15:21'),
(2395, 3, 16, 7, 0, 0, '2024-08-08 06:15:21', '2024-08-08 06:15:21'),
(2396, 3, 17, 7, 0, 0, '2024-08-08 06:15:21', '2024-08-08 06:15:21'),
(2397, 3, 18, 7, 0, 0, '2024-08-08 06:15:21', '2024-08-08 06:15:21'),
(2398, 3, 19, 7, 0, 0, '2024-08-08 06:15:21', '2024-08-08 06:15:21'),
(2399, 3, 16, 8, 0, 0, '2024-08-08 06:15:21', '2024-08-08 06:15:21'),
(2400, 3, 17, 8, 0, 0, '2024-08-08 06:15:21', '2024-08-08 06:15:21'),
(2401, 3, 18, 8, 0, 0, '2024-08-08 06:15:21', '2024-08-08 06:15:21'),
(2402, 3, 19, 8, 0, 0, '2024-08-08 06:15:21', '2024-08-08 06:15:21'),
(2403, 3, 16, 9, 0, 0, '2024-08-08 06:15:21', '2024-08-08 06:15:21'),
(2404, 3, 17, 9, 0, 0, '2024-08-08 06:15:21', '2024-08-08 06:15:21'),
(2405, 3, 18, 9, 0, 0, '2024-08-08 06:15:21', '2024-08-08 06:15:21'),
(2406, 3, 19, 9, 0, 0, '2024-08-08 06:15:21', '2024-08-08 06:15:21'),
(2407, 3, 16, 10, 0, 0, '2024-08-08 06:15:21', '2024-08-08 06:15:21'),
(2408, 3, 17, 10, 0, 0, '2024-08-08 06:15:21', '2024-08-08 06:15:21'),
(2409, 3, 18, 10, 0, 0, '2024-08-08 06:15:21', '2024-08-08 06:15:21'),
(2410, 3, 19, 10, 0, 0, '2024-08-08 06:15:21', '2024-08-08 06:15:21'),
(2411, 3, 16, 11, 0, 0, '2024-08-08 06:15:21', '2024-08-08 06:15:21'),
(2412, 3, 17, 11, 0, 0, '2024-08-08 06:15:21', '2024-08-08 06:15:21'),
(2413, 3, 18, 11, 0, 0, '2024-08-08 06:15:21', '2024-08-08 06:15:21'),
(2414, 3, 19, 11, 0, 0, '2024-08-08 06:15:21', '2024-08-08 06:15:21'),
(2415, 3, 16, 12, 0, 0, '2024-08-08 06:15:21', '2024-08-08 06:15:21'),
(2416, 3, 17, 12, 0, 0, '2024-08-08 06:15:21', '2024-08-08 06:15:21'),
(2417, 3, 18, 12, 0, 0, '2024-08-08 06:15:21', '2024-08-08 06:15:21'),
(2418, 3, 19, 12, 0, 0, '2024-08-08 06:15:21', '2024-08-08 06:15:21'),
(2419, 3, 16, 13, 0, 0, '2024-08-08 06:15:21', '2024-08-08 06:15:21'),
(2420, 3, 17, 13, 0, 0, '2024-08-08 06:15:21', '2024-08-08 06:15:21'),
(2421, 3, 18, 13, 0, 0, '2024-08-08 06:15:21', '2024-08-08 06:15:21'),
(2422, 3, 19, 13, 0, 0, '2024-08-08 06:15:21', '2024-08-08 06:15:21'),
(2423, 3, 16, 14, 0, 0, '2024-08-08 06:15:21', '2024-08-08 06:15:21'),
(2424, 3, 17, 14, 0, 0, '2024-08-08 06:15:21', '2024-08-08 06:15:21'),
(2425, 3, 18, 14, 0, 0, '2024-08-08 06:15:21', '2024-08-08 06:15:21'),
(2426, 3, 19, 14, 0, 0, '2024-08-08 06:15:21', '2024-08-08 06:15:21'),
(2427, 3, 16, 15, 0, 0, '2024-08-08 06:15:21', '2024-08-08 06:15:21'),
(2428, 3, 17, 15, 0, 0, '2024-08-08 06:15:21', '2024-08-08 06:15:21'),
(2429, 3, 18, 15, 0, 0, '2024-08-08 06:15:21', '2024-08-08 06:15:21'),
(2430, 3, 19, 15, 0, 0, '2024-08-08 06:15:21', '2024-08-08 06:15:21'),
(2431, 4, 16, 1, 0, 0, '2024-08-08 06:15:21', '2024-08-08 06:15:21'),
(2432, 4, 17, 1, 0, 0, '2024-08-08 06:15:22', '2024-08-08 06:15:22'),
(2433, 4, 18, 1, 0, 0, '2024-08-08 06:15:22', '2024-08-08 06:15:22'),
(2434, 4, 19, 1, 0, 0, '2024-08-08 06:15:22', '2024-08-08 06:15:22'),
(2435, 4, 16, 2, 0, 0, '2024-08-08 06:15:22', '2024-08-08 06:15:22'),
(2436, 4, 17, 2, 0, 0, '2024-08-08 06:15:22', '2024-08-08 06:15:22'),
(2437, 4, 18, 2, 0, 0, '2024-08-08 06:15:22', '2024-08-08 06:15:22'),
(2438, 4, 19, 2, 0, 0, '2024-08-08 06:15:22', '2024-08-08 06:15:22'),
(2439, 4, 16, 3, 0, 0, '2024-08-08 06:15:22', '2024-08-08 06:15:22'),
(2440, 4, 17, 3, 0, 0, '2024-08-08 06:15:22', '2024-08-08 06:15:22'),
(2441, 4, 18, 3, 0, 0, '2024-08-08 06:15:22', '2024-08-08 06:15:22'),
(2442, 4, 19, 3, 0, 0, '2024-08-08 06:15:22', '2024-08-08 06:15:22'),
(2443, 4, 16, 4, 0, 0, '2024-08-08 06:15:22', '2024-08-08 06:15:22'),
(2444, 4, 17, 4, 0, 0, '2024-08-08 06:15:22', '2024-08-08 06:15:22');
INSERT INTO `ratings` (`id`, `judge_id`, `criteria_id`, `team_id`, `value`, `is_locked`, `created_at`, `updated_at`) VALUES
(2445, 4, 18, 4, 0, 0, '2024-08-08 06:15:22', '2024-08-08 06:15:22'),
(2446, 4, 19, 4, 0, 0, '2024-08-08 06:15:22', '2024-08-08 06:15:22'),
(2447, 4, 16, 5, 0, 0, '2024-08-08 06:15:22', '2024-08-08 06:15:22'),
(2448, 4, 17, 5, 0, 0, '2024-08-08 06:15:22', '2024-08-08 06:15:22'),
(2449, 4, 18, 5, 0, 0, '2024-08-08 06:15:22', '2024-08-08 06:15:22'),
(2450, 4, 19, 5, 0, 0, '2024-08-08 06:15:22', '2024-08-08 06:15:22'),
(2451, 4, 16, 6, 0, 0, '2024-08-08 06:15:22', '2024-08-08 06:15:22'),
(2452, 4, 17, 6, 0, 0, '2024-08-08 06:15:22', '2024-08-08 06:15:22'),
(2453, 4, 18, 6, 0, 0, '2024-08-08 06:15:22', '2024-08-08 06:15:22'),
(2454, 4, 19, 6, 0, 0, '2024-08-08 06:15:22', '2024-08-08 06:15:22'),
(2455, 4, 16, 7, 0, 0, '2024-08-08 06:15:22', '2024-08-08 06:15:22'),
(2456, 4, 17, 7, 0, 0, '2024-08-08 06:15:22', '2024-08-08 06:15:22'),
(2457, 4, 18, 7, 0, 0, '2024-08-08 06:15:22', '2024-08-08 06:15:22'),
(2458, 4, 19, 7, 0, 0, '2024-08-08 06:15:22', '2024-08-08 06:15:22'),
(2459, 4, 16, 8, 0, 0, '2024-08-08 06:15:22', '2024-08-08 06:15:22'),
(2460, 4, 17, 8, 0, 0, '2024-08-08 06:15:22', '2024-08-08 06:15:22'),
(2461, 4, 18, 8, 0, 0, '2024-08-08 06:15:22', '2024-08-08 06:15:22'),
(2462, 4, 19, 8, 0, 0, '2024-08-08 06:15:22', '2024-08-08 06:15:22'),
(2463, 4, 16, 9, 0, 0, '2024-08-08 06:15:22', '2024-08-08 06:15:22'),
(2464, 4, 17, 9, 0, 0, '2024-08-08 06:15:22', '2024-08-08 06:15:22'),
(2465, 4, 18, 9, 0, 0, '2024-08-08 06:15:22', '2024-08-08 06:15:22'),
(2466, 4, 19, 9, 0, 0, '2024-08-08 06:15:22', '2024-08-08 06:15:22'),
(2467, 4, 16, 10, 0, 0, '2024-08-08 06:15:22', '2024-08-08 06:15:22'),
(2468, 4, 17, 10, 0, 0, '2024-08-08 06:15:22', '2024-08-08 06:15:22'),
(2469, 4, 18, 10, 0, 0, '2024-08-08 06:15:22', '2024-08-08 06:15:22'),
(2470, 4, 19, 10, 0, 0, '2024-08-08 06:15:22', '2024-08-08 06:15:22'),
(2471, 4, 16, 11, 0, 0, '2024-08-08 06:15:22', '2024-08-08 06:15:22'),
(2472, 4, 17, 11, 0, 0, '2024-08-08 06:15:22', '2024-08-08 06:15:22'),
(2473, 4, 18, 11, 0, 0, '2024-08-08 06:15:22', '2024-08-08 06:15:22'),
(2474, 4, 19, 11, 0, 0, '2024-08-08 06:15:22', '2024-08-08 06:15:22'),
(2475, 4, 16, 12, 0, 0, '2024-08-08 06:15:22', '2024-08-08 06:15:22'),
(2476, 4, 17, 12, 0, 0, '2024-08-08 06:15:22', '2024-08-08 06:15:22'),
(2477, 4, 18, 12, 0, 0, '2024-08-08 06:15:22', '2024-08-08 06:15:22'),
(2478, 4, 19, 12, 0, 0, '2024-08-08 06:15:22', '2024-08-08 06:15:22'),
(2479, 4, 16, 13, 0, 0, '2024-08-08 06:15:22', '2024-08-08 06:15:22'),
(2480, 4, 17, 13, 0, 0, '2024-08-08 06:15:22', '2024-08-08 06:15:22'),
(2481, 4, 18, 13, 0, 0, '2024-08-08 06:15:22', '2024-08-08 06:15:22'),
(2482, 4, 19, 13, 0, 0, '2024-08-08 06:15:22', '2024-08-08 06:15:22'),
(2483, 4, 16, 14, 0, 0, '2024-08-08 06:15:22', '2024-08-08 06:15:22'),
(2484, 4, 17, 14, 0, 0, '2024-08-08 06:15:22', '2024-08-08 06:15:22'),
(2485, 4, 18, 14, 0, 0, '2024-08-08 06:15:22', '2024-08-08 06:15:22'),
(2486, 4, 19, 14, 0, 0, '2024-08-08 06:15:22', '2024-08-08 06:15:22'),
(2487, 4, 16, 15, 0, 0, '2024-08-08 06:15:22', '2024-08-08 06:15:22'),
(2488, 4, 17, 15, 0, 0, '2024-08-08 06:15:22', '2024-08-08 06:15:22'),
(2489, 4, 18, 15, 0, 0, '2024-08-08 06:15:22', '2024-08-08 06:15:22'),
(2490, 4, 19, 15, 0, 0, '2024-08-08 06:15:22', '2024-08-08 06:15:22'),
(2491, 5, 16, 1, 0, 0, '2024-08-08 06:15:22', '2024-08-08 06:15:22'),
(2492, 5, 17, 1, 0, 0, '2024-08-08 06:15:22', '2024-08-08 06:15:22'),
(2493, 5, 18, 1, 0, 0, '2024-08-08 06:15:22', '2024-08-08 06:15:22'),
(2494, 5, 19, 1, 0, 0, '2024-08-08 06:15:22', '2024-08-08 06:15:22'),
(2495, 5, 16, 2, 0, 0, '2024-08-08 06:15:22', '2024-08-08 06:15:22'),
(2496, 5, 17, 2, 0, 0, '2024-08-08 06:15:22', '2024-08-08 06:15:22'),
(2497, 5, 18, 2, 0, 0, '2024-08-08 06:15:22', '2024-08-08 06:15:22'),
(2498, 5, 19, 2, 0, 0, '2024-08-08 06:15:22', '2024-08-08 06:15:22'),
(2499, 5, 16, 3, 0, 0, '2024-08-08 06:15:22', '2024-08-08 06:15:22'),
(2500, 5, 17, 3, 0, 0, '2024-08-08 06:15:22', '2024-08-08 06:15:22'),
(2501, 5, 18, 3, 0, 0, '2024-08-08 06:15:22', '2024-08-08 06:15:22'),
(2502, 5, 19, 3, 0, 0, '2024-08-08 06:15:22', '2024-08-08 06:15:22'),
(2503, 5, 16, 4, 0, 0, '2024-08-08 06:15:22', '2024-08-08 06:15:22'),
(2504, 5, 17, 4, 0, 0, '2024-08-08 06:15:22', '2024-08-08 06:15:22'),
(2505, 5, 18, 4, 0, 0, '2024-08-08 06:15:22', '2024-08-08 06:15:22'),
(2506, 5, 19, 4, 0, 0, '2024-08-08 06:15:23', '2024-08-08 06:15:23'),
(2507, 5, 16, 5, 0, 0, '2024-08-08 06:15:23', '2024-08-08 06:15:23'),
(2508, 5, 17, 5, 0, 0, '2024-08-08 06:15:23', '2024-08-08 06:15:23'),
(2509, 5, 18, 5, 0, 0, '2024-08-08 06:15:23', '2024-08-08 06:15:23'),
(2510, 5, 19, 5, 0, 0, '2024-08-08 06:15:23', '2024-08-08 06:15:23'),
(2511, 5, 16, 6, 0, 0, '2024-08-08 06:15:23', '2024-08-08 06:15:23'),
(2512, 5, 17, 6, 0, 0, '2024-08-08 06:15:23', '2024-08-08 06:15:23'),
(2513, 5, 18, 6, 0, 0, '2024-08-08 06:15:23', '2024-08-08 06:15:23'),
(2514, 5, 19, 6, 0, 0, '2024-08-08 06:15:23', '2024-08-08 06:15:23'),
(2515, 5, 16, 7, 0, 0, '2024-08-08 06:15:23', '2024-08-08 06:15:23'),
(2516, 5, 17, 7, 0, 0, '2024-08-08 06:15:23', '2024-08-08 06:15:23'),
(2517, 5, 18, 7, 0, 0, '2024-08-08 06:15:23', '2024-08-08 06:15:23'),
(2518, 5, 19, 7, 0, 0, '2024-08-08 06:15:23', '2024-08-08 06:15:23'),
(2519, 5, 16, 8, 0, 0, '2024-08-08 06:15:23', '2024-08-08 06:15:23'),
(2520, 5, 17, 8, 0, 0, '2024-08-08 06:15:23', '2024-08-08 06:15:23'),
(2521, 5, 18, 8, 0, 0, '2024-08-08 06:15:23', '2024-08-08 06:15:23'),
(2522, 5, 19, 8, 0, 0, '2024-08-08 06:15:23', '2024-08-08 06:15:23'),
(2523, 5, 16, 9, 0, 0, '2024-08-08 06:15:23', '2024-08-08 06:15:23'),
(2524, 5, 17, 9, 0, 0, '2024-08-08 06:15:23', '2024-08-08 06:15:23'),
(2525, 5, 18, 9, 0, 0, '2024-08-08 06:15:23', '2024-08-08 06:15:23'),
(2526, 5, 19, 9, 0, 0, '2024-08-08 06:15:23', '2024-08-08 06:15:23'),
(2527, 5, 16, 10, 0, 0, '2024-08-08 06:15:23', '2024-08-08 06:15:23'),
(2528, 5, 17, 10, 0, 0, '2024-08-08 06:15:23', '2024-08-08 06:15:23'),
(2529, 5, 18, 10, 0, 0, '2024-08-08 06:15:23', '2024-08-08 06:15:23'),
(2530, 5, 19, 10, 0, 0, '2024-08-08 06:15:23', '2024-08-08 06:15:23'),
(2531, 5, 16, 11, 0, 0, '2024-08-08 06:15:23', '2024-08-08 06:15:23'),
(2532, 5, 17, 11, 0, 0, '2024-08-08 06:15:23', '2024-08-08 06:15:23'),
(2533, 5, 18, 11, 0, 0, '2024-08-08 06:15:23', '2024-08-08 06:15:23'),
(2534, 5, 19, 11, 0, 0, '2024-08-08 06:15:23', '2024-08-08 06:15:23'),
(2535, 5, 16, 12, 0, 0, '2024-08-08 06:15:23', '2024-08-08 06:15:23'),
(2536, 5, 17, 12, 0, 0, '2024-08-08 06:15:23', '2024-08-08 06:15:23'),
(2537, 5, 18, 12, 0, 0, '2024-08-08 06:15:23', '2024-08-08 06:15:23'),
(2538, 5, 19, 12, 0, 0, '2024-08-08 06:15:23', '2024-08-08 06:15:23'),
(2539, 5, 16, 13, 0, 0, '2024-08-08 06:15:23', '2024-08-08 06:15:23'),
(2540, 5, 17, 13, 0, 0, '2024-08-08 06:15:23', '2024-08-08 06:15:23'),
(2541, 5, 18, 13, 0, 0, '2024-08-08 06:15:23', '2024-08-08 06:15:23'),
(2542, 5, 19, 13, 0, 0, '2024-08-08 06:15:23', '2024-08-08 06:15:23'),
(2543, 5, 16, 14, 0, 0, '2024-08-08 06:15:23', '2024-08-08 06:15:23'),
(2544, 5, 17, 14, 0, 0, '2024-08-08 06:15:23', '2024-08-08 06:15:23'),
(2545, 5, 18, 14, 0, 0, '2024-08-08 06:15:23', '2024-08-08 06:15:23'),
(2546, 5, 19, 14, 0, 0, '2024-08-08 06:15:23', '2024-08-08 06:15:23'),
(2547, 5, 16, 15, 0, 0, '2024-08-08 06:15:23', '2024-08-08 06:15:23'),
(2548, 5, 17, 15, 0, 0, '2024-08-08 06:15:23', '2024-08-08 06:15:23'),
(2549, 5, 18, 15, 0, 0, '2024-08-08 06:15:23', '2024-08-08 06:15:23'),
(2550, 5, 19, 15, 0, 0, '2024-08-08 06:15:23', '2024-08-08 06:15:23'),
(2551, 6, 13, 1, 0, 0, '2024-08-08 12:44:40', '2024-08-08 12:44:40'),
(2552, 6, 14, 1, 0, 0, '2024-08-08 12:44:40', '2024-08-08 12:44:40'),
(2553, 6, 15, 1, 0, 0, '2024-08-08 12:44:40', '2024-08-08 12:44:40'),
(2554, 6, 13, 2, 0, 0, '2024-08-08 12:44:40', '2024-08-08 12:44:40'),
(2555, 6, 14, 2, 0, 0, '2024-08-08 12:44:40', '2024-08-08 12:44:40'),
(2556, 6, 15, 2, 0, 0, '2024-08-08 12:44:40', '2024-08-08 12:44:40'),
(2557, 6, 13, 3, 0, 0, '2024-08-08 12:44:40', '2024-08-08 12:44:40'),
(2558, 6, 14, 3, 0, 0, '2024-08-08 12:44:40', '2024-08-08 12:44:40'),
(2559, 6, 15, 3, 0, 0, '2024-08-08 12:44:40', '2024-08-08 12:44:40'),
(2560, 6, 13, 4, 0, 0, '2024-08-08 12:44:40', '2024-08-08 12:44:40'),
(2561, 6, 14, 4, 0, 0, '2024-08-08 12:44:40', '2024-08-08 12:44:40'),
(2562, 6, 15, 4, 0, 0, '2024-08-08 12:44:40', '2024-08-08 12:44:40'),
(2563, 6, 13, 5, 0, 0, '2024-08-08 12:44:41', '2024-08-08 12:44:41'),
(2564, 6, 14, 5, 0, 0, '2024-08-08 12:44:41', '2024-08-08 12:44:41'),
(2565, 6, 15, 5, 0, 0, '2024-08-08 12:44:41', '2024-08-08 12:44:41'),
(2566, 6, 13, 6, 0, 0, '2024-08-08 12:44:41', '2024-08-08 12:44:41'),
(2567, 6, 14, 6, 0, 0, '2024-08-08 12:44:41', '2024-08-08 12:44:41'),
(2568, 6, 15, 6, 0, 0, '2024-08-08 12:44:41', '2024-08-08 12:44:41'),
(2569, 6, 13, 7, 0, 0, '2024-08-08 12:44:41', '2024-08-08 12:44:41'),
(2570, 6, 14, 7, 0, 0, '2024-08-08 12:44:41', '2024-08-08 12:44:41'),
(2571, 6, 15, 7, 0, 0, '2024-08-08 12:44:41', '2024-08-08 12:44:41'),
(2572, 6, 13, 8, 0, 0, '2024-08-08 12:44:41', '2024-08-08 12:44:41'),
(2573, 6, 14, 8, 0, 0, '2024-08-08 12:44:41', '2024-08-08 12:44:41'),
(2574, 6, 15, 8, 0, 0, '2024-08-08 12:44:41', '2024-08-08 12:44:41'),
(2575, 6, 13, 9, 0, 0, '2024-08-08 12:44:41', '2024-08-08 12:44:41'),
(2576, 6, 14, 9, 0, 0, '2024-08-08 12:44:41', '2024-08-08 12:44:41'),
(2577, 6, 15, 9, 0, 0, '2024-08-08 12:44:41', '2024-08-08 12:44:41'),
(2578, 6, 13, 10, 0, 0, '2024-08-08 12:44:41', '2024-08-08 12:44:41'),
(2579, 6, 14, 10, 0, 0, '2024-08-08 12:44:41', '2024-08-08 12:44:41'),
(2580, 6, 15, 10, 0, 0, '2024-08-08 12:44:41', '2024-08-08 12:44:41'),
(2581, 6, 13, 11, 0, 0, '2024-08-08 12:44:41', '2024-08-08 12:44:41'),
(2582, 6, 14, 11, 0, 0, '2024-08-08 12:44:41', '2024-08-08 12:44:41'),
(2583, 6, 15, 11, 0, 0, '2024-08-08 12:44:41', '2024-08-08 12:44:41'),
(2584, 6, 13, 12, 0, 0, '2024-08-08 12:44:41', '2024-08-08 12:44:41'),
(2585, 6, 14, 12, 0, 0, '2024-08-08 12:44:41', '2024-08-08 12:44:41'),
(2586, 6, 15, 12, 0, 0, '2024-08-08 12:44:41', '2024-08-08 12:44:41'),
(2587, 6, 13, 13, 0, 0, '2024-08-08 12:44:41', '2024-08-08 12:44:41'),
(2588, 6, 14, 13, 0, 0, '2024-08-08 12:44:41', '2024-08-08 12:44:41'),
(2589, 6, 15, 13, 0, 0, '2024-08-08 12:44:41', '2024-08-08 12:44:41'),
(2590, 6, 13, 14, 0, 0, '2024-08-08 12:44:41', '2024-08-08 12:44:41'),
(2591, 6, 14, 14, 0, 0, '2024-08-08 12:44:41', '2024-08-08 12:44:41'),
(2592, 6, 15, 14, 0, 0, '2024-08-08 12:44:41', '2024-08-08 12:44:41'),
(2593, 6, 13, 15, 0, 0, '2024-08-08 12:44:41', '2024-08-08 12:44:41'),
(2594, 6, 14, 15, 0, 0, '2024-08-08 12:44:41', '2024-08-08 12:44:41'),
(2595, 6, 15, 15, 0, 0, '2024-08-08 12:44:41', '2024-08-08 12:44:41'),
(2596, 7, 13, 1, 0, 0, '2024-08-08 12:46:04', '2024-08-08 12:46:04'),
(2597, 7, 14, 1, 0, 0, '2024-08-08 12:46:04', '2024-08-08 12:46:04'),
(2598, 7, 15, 1, 0, 0, '2024-08-08 12:46:04', '2024-08-08 12:46:04'),
(2599, 7, 13, 2, 0, 0, '2024-08-08 12:46:04', '2024-08-08 12:46:04'),
(2600, 7, 14, 2, 0, 0, '2024-08-08 12:46:04', '2024-08-08 12:46:04'),
(2601, 7, 15, 2, 0, 0, '2024-08-08 12:46:04', '2024-08-08 12:46:04'),
(2602, 7, 13, 3, 0, 0, '2024-08-08 12:46:04', '2024-08-08 12:46:04'),
(2603, 7, 14, 3, 0, 0, '2024-08-08 12:46:04', '2024-08-08 12:46:04'),
(2604, 7, 15, 3, 0, 0, '2024-08-08 12:46:04', '2024-08-08 12:46:04'),
(2605, 7, 13, 4, 0, 0, '2024-08-08 12:46:04', '2024-08-08 12:46:04'),
(2606, 7, 14, 4, 0, 0, '2024-08-08 12:46:04', '2024-08-08 12:46:04'),
(2607, 7, 15, 4, 0, 0, '2024-08-08 12:46:04', '2024-08-08 12:46:04'),
(2608, 7, 13, 5, 0, 0, '2024-08-08 12:46:04', '2024-08-08 12:46:04'),
(2609, 7, 14, 5, 0, 0, '2024-08-08 12:46:04', '2024-08-08 12:46:04'),
(2610, 7, 15, 5, 0, 0, '2024-08-08 12:46:04', '2024-08-08 12:46:04'),
(2611, 7, 13, 6, 0, 0, '2024-08-08 12:46:04', '2024-08-08 12:46:04'),
(2612, 7, 14, 6, 0, 0, '2024-08-08 12:46:04', '2024-08-08 12:46:04'),
(2613, 7, 15, 6, 0, 0, '2024-08-08 12:46:04', '2024-08-08 12:46:04'),
(2614, 7, 13, 7, 0, 0, '2024-08-08 12:46:04', '2024-08-08 12:46:04'),
(2615, 7, 14, 7, 0, 0, '2024-08-08 12:46:04', '2024-08-08 12:46:04'),
(2616, 7, 15, 7, 0, 0, '2024-08-08 12:46:04', '2024-08-08 12:46:04'),
(2617, 7, 13, 8, 0, 0, '2024-08-08 12:46:04', '2024-08-08 12:46:04'),
(2618, 7, 14, 8, 0, 0, '2024-08-08 12:46:04', '2024-08-08 12:46:04'),
(2619, 7, 15, 8, 0, 0, '2024-08-08 12:46:04', '2024-08-08 12:46:04'),
(2620, 7, 13, 9, 0, 0, '2024-08-08 12:46:04', '2024-08-08 12:46:04'),
(2621, 7, 14, 9, 0, 0, '2024-08-08 12:46:04', '2024-08-08 12:46:04'),
(2622, 7, 15, 9, 0, 0, '2024-08-08 12:46:04', '2024-08-08 12:46:04'),
(2623, 7, 13, 10, 0, 0, '2024-08-08 12:46:04', '2024-08-08 12:46:04'),
(2624, 7, 14, 10, 0, 0, '2024-08-08 12:46:04', '2024-08-08 12:46:04'),
(2625, 7, 15, 10, 0, 0, '2024-08-08 12:46:04', '2024-08-08 12:46:04'),
(2626, 7, 13, 11, 0, 0, '2024-08-08 12:46:04', '2024-08-08 12:46:04'),
(2627, 7, 14, 11, 0, 0, '2024-08-08 12:46:04', '2024-08-08 12:46:04'),
(2628, 7, 15, 11, 0, 0, '2024-08-08 12:46:04', '2024-08-08 12:46:04'),
(2629, 7, 13, 12, 0, 0, '2024-08-08 12:46:04', '2024-08-08 12:46:04'),
(2630, 7, 14, 12, 0, 0, '2024-08-08 12:46:04', '2024-08-08 12:46:04'),
(2631, 7, 15, 12, 0, 0, '2024-08-08 12:46:04', '2024-08-08 12:46:04'),
(2632, 7, 13, 13, 0, 0, '2024-08-08 12:46:04', '2024-08-08 12:46:04'),
(2633, 7, 14, 13, 0, 0, '2024-08-08 12:46:04', '2024-08-08 12:46:04'),
(2634, 7, 15, 13, 0, 0, '2024-08-08 12:46:04', '2024-08-08 12:46:04'),
(2635, 7, 13, 14, 0, 0, '2024-08-08 12:46:04', '2024-08-08 12:46:04'),
(2636, 7, 14, 14, 0, 0, '2024-08-08 12:46:04', '2024-08-08 12:46:04'),
(2637, 7, 15, 14, 0, 0, '2024-08-08 12:46:04', '2024-08-08 12:46:04'),
(2638, 7, 13, 15, 0, 0, '2024-08-08 12:46:04', '2024-08-08 12:46:04'),
(2639, 7, 14, 15, 0, 0, '2024-08-08 12:46:04', '2024-08-08 12:46:04'),
(2640, 7, 15, 15, 0, 0, '2024-08-08 12:46:04', '2024-08-08 12:46:04'),
(2641, 8, 13, 1, 0, 0, '2024-08-08 12:46:54', '2024-08-08 12:46:54'),
(2642, 8, 14, 1, 0, 0, '2024-08-08 12:46:54', '2024-08-08 12:46:54'),
(2643, 8, 15, 1, 0, 0, '2024-08-08 12:46:54', '2024-08-08 12:46:54'),
(2644, 8, 13, 2, 0, 0, '2024-08-08 12:46:54', '2024-08-08 12:46:54'),
(2645, 8, 14, 2, 0, 0, '2024-08-08 12:46:54', '2024-08-08 12:46:54'),
(2646, 8, 15, 2, 0, 0, '2024-08-08 12:46:54', '2024-08-08 12:46:54'),
(2647, 8, 13, 3, 0, 0, '2024-08-08 12:46:54', '2024-08-08 12:46:54'),
(2648, 8, 14, 3, 0, 0, '2024-08-08 12:46:54', '2024-08-08 12:46:54'),
(2649, 8, 15, 3, 0, 0, '2024-08-08 12:46:54', '2024-08-08 12:46:54'),
(2650, 8, 13, 4, 0, 0, '2024-08-08 12:46:54', '2024-08-08 12:46:54'),
(2651, 8, 14, 4, 0, 0, '2024-08-08 12:46:54', '2024-08-08 12:46:54'),
(2652, 8, 15, 4, 0, 0, '2024-08-08 12:46:54', '2024-08-08 12:46:54'),
(2653, 8, 13, 5, 0, 0, '2024-08-08 12:46:54', '2024-08-08 12:46:54'),
(2654, 8, 14, 5, 0, 0, '2024-08-08 12:46:54', '2024-08-08 12:46:54'),
(2655, 8, 15, 5, 0, 0, '2024-08-08 12:46:55', '2024-08-08 12:46:55'),
(2656, 8, 13, 6, 0, 0, '2024-08-08 12:46:55', '2024-08-08 12:46:55'),
(2657, 8, 14, 6, 0, 0, '2024-08-08 12:46:55', '2024-08-08 12:46:55'),
(2658, 8, 15, 6, 0, 0, '2024-08-08 12:46:55', '2024-08-08 12:46:55'),
(2659, 8, 13, 7, 0, 0, '2024-08-08 12:46:55', '2024-08-08 12:46:55'),
(2660, 8, 14, 7, 0, 0, '2024-08-08 12:46:55', '2024-08-08 12:46:55'),
(2661, 8, 15, 7, 0, 0, '2024-08-08 12:46:55', '2024-08-08 12:46:55'),
(2662, 8, 13, 8, 0, 0, '2024-08-08 12:46:55', '2024-08-08 12:46:55'),
(2663, 8, 14, 8, 0, 0, '2024-08-08 12:46:55', '2024-08-08 12:46:55'),
(2664, 8, 15, 8, 0, 0, '2024-08-08 12:46:55', '2024-08-08 12:46:55'),
(2665, 8, 13, 9, 0, 0, '2024-08-08 12:46:55', '2024-08-08 12:46:55'),
(2666, 8, 14, 9, 0, 0, '2024-08-08 12:46:55', '2024-08-08 12:46:55'),
(2667, 8, 15, 9, 0, 0, '2024-08-08 12:46:55', '2024-08-08 12:46:55'),
(2668, 8, 13, 10, 0, 0, '2024-08-08 12:46:55', '2024-08-08 12:46:55'),
(2669, 8, 14, 10, 0, 0, '2024-08-08 12:46:55', '2024-08-08 12:46:55'),
(2670, 8, 15, 10, 0, 0, '2024-08-08 12:46:55', '2024-08-08 12:46:55'),
(2671, 8, 13, 11, 0, 0, '2024-08-08 12:46:55', '2024-08-08 12:46:55'),
(2672, 8, 14, 11, 0, 0, '2024-08-08 12:46:55', '2024-08-08 12:46:55'),
(2673, 8, 15, 11, 0, 0, '2024-08-08 12:46:55', '2024-08-08 12:46:55'),
(2674, 8, 13, 12, 0, 0, '2024-08-08 12:46:55', '2024-08-08 12:46:55'),
(2675, 8, 14, 12, 0, 0, '2024-08-08 12:46:55', '2024-08-08 12:46:55'),
(2676, 8, 15, 12, 0, 0, '2024-08-08 12:46:55', '2024-08-08 12:46:55'),
(2677, 8, 13, 13, 0, 0, '2024-08-08 12:46:55', '2024-08-08 12:46:55'),
(2678, 8, 14, 13, 0, 0, '2024-08-08 12:46:55', '2024-08-08 12:46:55'),
(2679, 8, 15, 13, 0, 0, '2024-08-08 12:46:55', '2024-08-08 12:46:55'),
(2680, 8, 13, 14, 0, 0, '2024-08-08 12:46:55', '2024-08-08 12:46:55'),
(2681, 8, 14, 14, 0, 0, '2024-08-08 12:46:55', '2024-08-08 12:46:55'),
(2682, 8, 15, 14, 0, 0, '2024-08-08 12:46:55', '2024-08-08 12:46:55'),
(2683, 8, 13, 15, 0, 0, '2024-08-08 12:46:55', '2024-08-08 12:46:55'),
(2684, 8, 14, 15, 0, 0, '2024-08-08 12:46:55', '2024-08-08 12:46:55'),
(2685, 8, 15, 15, 0, 0, '2024-08-08 12:46:55', '2024-08-08 12:46:55'),
(2686, 6, 1, 1, 0, 0, '2024-08-08 12:55:03', '2024-08-08 12:55:03'),
(2687, 6, 2, 1, 0, 0, '2024-08-08 12:55:03', '2024-08-08 12:55:03'),
(2688, 6, 3, 1, 0, 0, '2024-08-08 12:55:03', '2024-08-08 12:55:03'),
(2689, 6, 4, 1, 0, 0, '2024-08-08 12:55:03', '2024-08-08 12:55:03'),
(2690, 6, 1, 2, 0, 0, '2024-08-08 12:55:03', '2024-08-08 12:55:03'),
(2691, 6, 2, 2, 0, 0, '2024-08-08 12:55:03', '2024-08-08 12:55:03'),
(2692, 6, 3, 2, 0, 0, '2024-08-08 12:55:03', '2024-08-08 12:55:03'),
(2693, 6, 4, 2, 0, 0, '2024-08-08 12:55:03', '2024-08-08 12:55:03'),
(2694, 6, 1, 3, 0, 0, '2024-08-08 12:55:03', '2024-08-08 12:55:03'),
(2695, 6, 2, 3, 0, 0, '2024-08-08 12:55:03', '2024-08-08 12:55:03'),
(2696, 6, 3, 3, 0, 0, '2024-08-08 12:55:03', '2024-08-08 12:55:03'),
(2697, 6, 4, 3, 0, 0, '2024-08-08 12:55:03', '2024-08-08 12:55:03'),
(2698, 6, 1, 4, 0, 0, '2024-08-08 12:55:03', '2024-08-08 12:55:03'),
(2699, 6, 2, 4, 0, 0, '2024-08-08 12:55:03', '2024-08-08 12:55:03'),
(2700, 6, 3, 4, 0, 0, '2024-08-08 12:55:03', '2024-08-08 12:55:03'),
(2701, 6, 4, 4, 0, 0, '2024-08-08 12:55:03', '2024-08-08 12:55:03'),
(2702, 6, 1, 5, 0, 0, '2024-08-08 12:55:03', '2024-08-08 12:55:03'),
(2703, 6, 2, 5, 0, 0, '2024-08-08 12:55:03', '2024-08-08 12:55:03'),
(2704, 6, 3, 5, 0, 0, '2024-08-08 12:55:03', '2024-08-08 12:55:03'),
(2705, 6, 4, 5, 0, 0, '2024-08-08 12:55:03', '2024-08-08 12:55:03'),
(2706, 6, 1, 6, 0, 0, '2024-08-08 12:55:03', '2024-08-08 12:55:03'),
(2707, 6, 2, 6, 0, 0, '2024-08-08 12:55:03', '2024-08-08 12:55:03'),
(2708, 6, 3, 6, 0, 0, '2024-08-08 12:55:03', '2024-08-08 12:55:03'),
(2709, 6, 4, 6, 0, 0, '2024-08-08 12:55:03', '2024-08-08 12:55:03'),
(2710, 6, 1, 7, 0, 0, '2024-08-08 12:55:03', '2024-08-08 12:55:03'),
(2711, 6, 2, 7, 0, 0, '2024-08-08 12:55:03', '2024-08-08 12:55:03'),
(2712, 6, 3, 7, 0, 0, '2024-08-08 12:55:03', '2024-08-08 12:55:03'),
(2713, 6, 4, 7, 0, 0, '2024-08-08 12:55:03', '2024-08-08 12:55:03'),
(2714, 6, 1, 8, 0, 0, '2024-08-08 12:55:03', '2024-08-08 12:55:03'),
(2715, 6, 2, 8, 0, 0, '2024-08-08 12:55:03', '2024-08-08 12:55:03'),
(2716, 6, 3, 8, 0, 0, '2024-08-08 12:55:03', '2024-08-08 12:55:03'),
(2717, 6, 4, 8, 0, 0, '2024-08-08 12:55:03', '2024-08-08 12:55:03'),
(2718, 6, 1, 9, 0, 0, '2024-08-08 12:55:03', '2024-08-08 12:55:03'),
(2719, 6, 2, 9, 0, 0, '2024-08-08 12:55:03', '2024-08-08 12:55:03'),
(2720, 6, 3, 9, 0, 0, '2024-08-08 12:55:03', '2024-08-08 12:55:03'),
(2721, 6, 4, 9, 0, 0, '2024-08-08 12:55:03', '2024-08-08 12:55:03'),
(2722, 6, 1, 10, 0, 0, '2024-08-08 12:55:03', '2024-08-08 12:55:03'),
(2723, 6, 2, 10, 0, 0, '2024-08-08 12:55:03', '2024-08-08 12:55:03'),
(2724, 6, 3, 10, 0, 0, '2024-08-08 12:55:03', '2024-08-08 12:55:03'),
(2725, 6, 4, 10, 0, 0, '2024-08-08 12:55:03', '2024-08-08 12:55:03'),
(2726, 6, 1, 11, 0, 0, '2024-08-08 12:55:03', '2024-08-08 12:55:03'),
(2727, 6, 2, 11, 0, 0, '2024-08-08 12:55:03', '2024-08-08 12:55:03'),
(2728, 6, 3, 11, 0, 0, '2024-08-08 12:55:03', '2024-08-08 12:55:03'),
(2729, 6, 4, 11, 0, 0, '2024-08-08 12:55:03', '2024-08-08 12:55:03'),
(2730, 6, 1, 12, 0, 0, '2024-08-08 12:55:03', '2024-08-08 12:55:03'),
(2731, 6, 2, 12, 0, 0, '2024-08-08 12:55:03', '2024-08-08 12:55:03'),
(2732, 6, 3, 12, 0, 0, '2024-08-08 12:55:03', '2024-08-08 12:55:03'),
(2733, 6, 4, 12, 0, 0, '2024-08-08 12:55:03', '2024-08-08 12:55:03'),
(2734, 6, 1, 13, 0, 0, '2024-08-08 12:55:03', '2024-08-08 12:55:03'),
(2735, 6, 2, 13, 0, 0, '2024-08-08 12:55:03', '2024-08-08 12:55:03'),
(2736, 6, 3, 13, 0, 0, '2024-08-08 12:55:03', '2024-08-08 12:55:03'),
(2737, 6, 4, 13, 0, 0, '2024-08-08 12:55:03', '2024-08-08 12:55:03'),
(2738, 6, 1, 14, 0, 0, '2024-08-08 12:55:03', '2024-08-08 12:55:03'),
(2739, 6, 2, 14, 0, 0, '2024-08-08 12:55:03', '2024-08-08 12:55:03'),
(2740, 6, 3, 14, 0, 0, '2024-08-08 12:55:03', '2024-08-08 12:55:03'),
(2741, 6, 4, 14, 0, 0, '2024-08-08 12:55:03', '2024-08-08 12:55:03'),
(2742, 6, 1, 15, 0, 0, '2024-08-08 12:55:03', '2024-08-08 12:55:03'),
(2743, 6, 2, 15, 0, 0, '2024-08-08 12:55:03', '2024-08-08 12:55:03'),
(2744, 6, 3, 15, 0, 0, '2024-08-08 12:55:03', '2024-08-08 12:55:03'),
(2745, 6, 4, 15, 0, 0, '2024-08-08 12:55:03', '2024-08-08 12:55:03'),
(2746, 7, 1, 1, 0, 0, '2024-08-08 12:55:03', '2024-08-08 12:55:03'),
(2747, 7, 2, 1, 0, 0, '2024-08-08 12:55:03', '2024-08-08 12:55:03'),
(2748, 7, 3, 1, 0, 0, '2024-08-08 12:55:03', '2024-08-08 12:55:03'),
(2749, 7, 4, 1, 0, 0, '2024-08-08 12:55:03', '2024-08-08 12:55:03'),
(2750, 7, 1, 2, 0, 0, '2024-08-08 12:55:03', '2024-08-08 12:55:03'),
(2751, 7, 2, 2, 0, 0, '2024-08-08 12:55:03', '2024-08-08 12:55:03'),
(2752, 7, 3, 2, 0, 0, '2024-08-08 12:55:03', '2024-08-08 12:55:03'),
(2753, 7, 4, 2, 0, 0, '2024-08-08 12:55:03', '2024-08-08 12:55:03'),
(2754, 7, 1, 3, 0, 0, '2024-08-08 12:55:03', '2024-08-08 12:55:03'),
(2755, 7, 2, 3, 0, 0, '2024-08-08 12:55:03', '2024-08-08 12:55:03'),
(2756, 7, 3, 3, 0, 0, '2024-08-08 12:55:03', '2024-08-08 12:55:03'),
(2757, 7, 4, 3, 0, 0, '2024-08-08 12:55:04', '2024-08-08 12:55:04'),
(2758, 7, 1, 4, 0, 0, '2024-08-08 12:55:04', '2024-08-08 12:55:04'),
(2759, 7, 2, 4, 0, 0, '2024-08-08 12:55:04', '2024-08-08 12:55:04'),
(2760, 7, 3, 4, 0, 0, '2024-08-08 12:55:04', '2024-08-08 12:55:04'),
(2761, 7, 4, 4, 0, 0, '2024-08-08 12:55:04', '2024-08-08 12:55:04'),
(2762, 7, 1, 5, 0, 0, '2024-08-08 12:55:04', '2024-08-08 12:55:04'),
(2763, 7, 2, 5, 0, 0, '2024-08-08 12:55:04', '2024-08-08 12:55:04'),
(2764, 7, 3, 5, 0, 0, '2024-08-08 12:55:04', '2024-08-08 12:55:04'),
(2765, 7, 4, 5, 0, 0, '2024-08-08 12:55:04', '2024-08-08 12:55:04'),
(2766, 7, 1, 6, 0, 0, '2024-08-08 12:55:04', '2024-08-08 12:55:04'),
(2767, 7, 2, 6, 0, 0, '2024-08-08 12:55:04', '2024-08-08 12:55:04'),
(2768, 7, 3, 6, 0, 0, '2024-08-08 12:55:04', '2024-08-08 12:55:04'),
(2769, 7, 4, 6, 0, 0, '2024-08-08 12:55:04', '2024-08-08 12:55:04'),
(2770, 7, 1, 7, 0, 0, '2024-08-08 12:55:04', '2024-08-08 12:55:04'),
(2771, 7, 2, 7, 0, 0, '2024-08-08 12:55:04', '2024-08-08 12:55:04'),
(2772, 7, 3, 7, 0, 0, '2024-08-08 12:55:04', '2024-08-08 12:55:04'),
(2773, 7, 4, 7, 0, 0, '2024-08-08 12:55:04', '2024-08-08 12:55:04'),
(2774, 7, 1, 8, 0, 0, '2024-08-08 12:55:04', '2024-08-08 12:55:04'),
(2775, 7, 2, 8, 0, 0, '2024-08-08 12:55:04', '2024-08-08 12:55:04'),
(2776, 7, 3, 8, 0, 0, '2024-08-08 12:55:04', '2024-08-08 12:55:04'),
(2777, 7, 4, 8, 0, 0, '2024-08-08 12:55:04', '2024-08-08 12:55:04'),
(2778, 7, 1, 9, 0, 0, '2024-08-08 12:55:04', '2024-08-08 12:55:04'),
(2779, 7, 2, 9, 0, 0, '2024-08-08 12:55:04', '2024-08-08 12:55:04'),
(2780, 7, 3, 9, 0, 0, '2024-08-08 12:55:04', '2024-08-08 12:55:04'),
(2781, 7, 4, 9, 0, 0, '2024-08-08 12:55:04', '2024-08-08 12:55:04'),
(2782, 7, 1, 10, 0, 0, '2024-08-08 12:55:04', '2024-08-08 12:55:04'),
(2783, 7, 2, 10, 0, 0, '2024-08-08 12:55:04', '2024-08-08 12:55:04'),
(2784, 7, 3, 10, 0, 0, '2024-08-08 12:55:04', '2024-08-08 12:55:04'),
(2785, 7, 4, 10, 0, 0, '2024-08-08 12:55:04', '2024-08-08 12:55:04'),
(2786, 7, 1, 11, 0, 0, '2024-08-08 12:55:04', '2024-08-08 12:55:04'),
(2787, 7, 2, 11, 0, 0, '2024-08-08 12:55:04', '2024-08-08 12:55:04'),
(2788, 7, 3, 11, 0, 0, '2024-08-08 12:55:04', '2024-08-08 12:55:04'),
(2789, 7, 4, 11, 0, 0, '2024-08-08 12:55:04', '2024-08-08 12:55:04'),
(2790, 7, 1, 12, 0, 0, '2024-08-08 12:55:04', '2024-08-08 12:55:04'),
(2791, 7, 2, 12, 0, 0, '2024-08-08 12:55:04', '2024-08-08 12:55:04'),
(2792, 7, 3, 12, 0, 0, '2024-08-08 12:55:04', '2024-08-08 12:55:04'),
(2793, 7, 4, 12, 0, 0, '2024-08-08 12:55:04', '2024-08-08 12:55:04'),
(2794, 7, 1, 13, 0, 0, '2024-08-08 12:55:04', '2024-08-08 12:55:04'),
(2795, 7, 2, 13, 0, 0, '2024-08-08 12:55:04', '2024-08-08 12:55:04'),
(2796, 7, 3, 13, 0, 0, '2024-08-08 12:55:04', '2024-08-08 12:55:04'),
(2797, 7, 4, 13, 0, 0, '2024-08-08 12:55:04', '2024-08-08 12:55:04'),
(2798, 7, 1, 14, 0, 0, '2024-08-08 12:55:04', '2024-08-08 12:55:04'),
(2799, 7, 2, 14, 0, 0, '2024-08-08 12:55:04', '2024-08-08 12:55:04'),
(2800, 7, 3, 14, 0, 0, '2024-08-08 12:55:04', '2024-08-08 12:55:04'),
(2801, 7, 4, 14, 0, 0, '2024-08-08 12:55:04', '2024-08-08 12:55:04'),
(2802, 7, 1, 15, 0, 0, '2024-08-08 12:55:04', '2024-08-08 12:55:04'),
(2803, 7, 2, 15, 0, 0, '2024-08-08 12:55:04', '2024-08-08 12:55:04'),
(2804, 7, 3, 15, 0, 0, '2024-08-08 12:55:04', '2024-08-08 12:55:04'),
(2805, 7, 4, 15, 0, 0, '2024-08-08 12:55:04', '2024-08-08 12:55:04'),
(2806, 8, 1, 1, 0, 0, '2024-08-08 12:55:04', '2024-08-08 12:55:04'),
(2807, 8, 2, 1, 0, 0, '2024-08-08 12:55:04', '2024-08-08 12:55:04'),
(2808, 8, 3, 1, 0, 0, '2024-08-08 12:55:04', '2024-08-08 12:55:04'),
(2809, 8, 4, 1, 0, 0, '2024-08-08 12:55:04', '2024-08-08 12:55:04'),
(2810, 8, 1, 2, 0, 0, '2024-08-08 12:55:04', '2024-08-08 12:55:04'),
(2811, 8, 2, 2, 0, 0, '2024-08-08 12:55:04', '2024-08-08 12:55:04'),
(2812, 8, 3, 2, 0, 0, '2024-08-08 12:55:04', '2024-08-08 12:55:04'),
(2813, 8, 4, 2, 0, 0, '2024-08-08 12:55:04', '2024-08-08 12:55:04'),
(2814, 8, 1, 3, 0, 0, '2024-08-08 12:55:04', '2024-08-08 12:55:04'),
(2815, 8, 2, 3, 0, 0, '2024-08-08 12:55:04', '2024-08-08 12:55:04'),
(2816, 8, 3, 3, 0, 0, '2024-08-08 12:55:04', '2024-08-08 12:55:04'),
(2817, 8, 4, 3, 0, 0, '2024-08-08 12:55:04', '2024-08-08 12:55:04'),
(2818, 8, 1, 4, 0, 0, '2024-08-08 12:55:04', '2024-08-08 12:55:04'),
(2819, 8, 2, 4, 0, 0, '2024-08-08 12:55:04', '2024-08-08 12:55:04'),
(2820, 8, 3, 4, 0, 0, '2024-08-08 12:55:04', '2024-08-08 12:55:04'),
(2821, 8, 4, 4, 0, 0, '2024-08-08 12:55:04', '2024-08-08 12:55:04'),
(2822, 8, 1, 5, 0, 0, '2024-08-08 12:55:04', '2024-08-08 12:55:04'),
(2823, 8, 2, 5, 0, 0, '2024-08-08 12:55:04', '2024-08-08 12:55:04'),
(2824, 8, 3, 5, 0, 0, '2024-08-08 12:55:04', '2024-08-08 12:55:04'),
(2825, 8, 4, 5, 0, 0, '2024-08-08 12:55:04', '2024-08-08 12:55:04'),
(2826, 8, 1, 6, 0, 0, '2024-08-08 12:55:04', '2024-08-08 12:55:04'),
(2827, 8, 2, 6, 0, 0, '2024-08-08 12:55:04', '2024-08-08 12:55:04'),
(2828, 8, 3, 6, 0, 0, '2024-08-08 12:55:04', '2024-08-08 12:55:04'),
(2829, 8, 4, 6, 0, 0, '2024-08-08 12:55:04', '2024-08-08 12:55:04'),
(2830, 8, 1, 7, 0, 0, '2024-08-08 12:55:04', '2024-08-08 12:55:04'),
(2831, 8, 2, 7, 0, 0, '2024-08-08 12:55:04', '2024-08-08 12:55:04'),
(2832, 8, 3, 7, 0, 0, '2024-08-08 12:55:04', '2024-08-08 12:55:04'),
(2833, 8, 4, 7, 0, 0, '2024-08-08 12:55:04', '2024-08-08 12:55:04'),
(2834, 8, 1, 8, 0, 0, '2024-08-08 12:55:04', '2024-08-08 12:55:04'),
(2835, 8, 2, 8, 0, 0, '2024-08-08 12:55:04', '2024-08-08 12:55:04'),
(2836, 8, 3, 8, 0, 0, '2024-08-08 12:55:04', '2024-08-08 12:55:04'),
(2837, 8, 4, 8, 0, 0, '2024-08-08 12:55:04', '2024-08-08 12:55:04'),
(2838, 8, 1, 9, 0, 0, '2024-08-08 12:55:05', '2024-08-08 12:55:05'),
(2839, 8, 2, 9, 0, 0, '2024-08-08 12:55:05', '2024-08-08 12:55:05'),
(2840, 8, 3, 9, 0, 0, '2024-08-08 12:55:05', '2024-08-08 12:55:05'),
(2841, 8, 4, 9, 0, 0, '2024-08-08 12:55:05', '2024-08-08 12:55:05'),
(2842, 8, 1, 10, 0, 0, '2024-08-08 12:55:05', '2024-08-08 12:55:05'),
(2843, 8, 2, 10, 0, 0, '2024-08-08 12:55:05', '2024-08-08 12:55:05'),
(2844, 8, 3, 10, 0, 0, '2024-08-08 12:55:05', '2024-08-08 12:55:05'),
(2845, 8, 4, 10, 0, 0, '2024-08-08 12:55:05', '2024-08-08 12:55:05'),
(2846, 8, 1, 11, 0, 0, '2024-08-08 12:55:05', '2024-08-08 12:55:05'),
(2847, 8, 2, 11, 0, 0, '2024-08-08 12:55:05', '2024-08-08 12:55:05'),
(2848, 8, 3, 11, 0, 0, '2024-08-08 12:55:05', '2024-08-08 12:55:05'),
(2849, 8, 4, 11, 0, 0, '2024-08-08 12:55:05', '2024-08-08 12:55:05'),
(2850, 8, 1, 12, 0, 0, '2024-08-08 12:55:05', '2024-08-08 12:55:05'),
(2851, 8, 2, 12, 0, 0, '2024-08-08 12:55:05', '2024-08-08 12:55:05'),
(2852, 8, 3, 12, 0, 0, '2024-08-08 12:55:05', '2024-08-08 12:55:05'),
(2853, 8, 4, 12, 0, 0, '2024-08-08 12:55:05', '2024-08-08 12:55:05'),
(2854, 8, 1, 13, 0, 0, '2024-08-08 12:55:05', '2024-08-08 12:55:05'),
(2855, 8, 2, 13, 0, 0, '2024-08-08 12:55:05', '2024-08-08 12:55:05'),
(2856, 8, 3, 13, 0, 0, '2024-08-08 12:55:05', '2024-08-08 12:55:05'),
(2857, 8, 4, 13, 0, 0, '2024-08-08 12:55:05', '2024-08-08 12:55:05'),
(2858, 8, 1, 14, 0, 0, '2024-08-08 12:55:05', '2024-08-08 12:55:05'),
(2859, 8, 2, 14, 0, 0, '2024-08-08 12:55:05', '2024-08-08 12:55:05'),
(2860, 8, 3, 14, 0, 0, '2024-08-08 12:55:05', '2024-08-08 12:55:05'),
(2861, 8, 4, 14, 0, 0, '2024-08-08 12:55:05', '2024-08-08 12:55:05'),
(2862, 8, 1, 15, 0, 0, '2024-08-08 12:55:05', '2024-08-08 12:55:05'),
(2863, 8, 2, 15, 0, 0, '2024-08-08 12:55:05', '2024-08-08 12:55:05'),
(2864, 8, 3, 15, 0, 0, '2024-08-08 12:55:05', '2024-08-08 12:55:05'),
(2865, 8, 4, 15, 0, 0, '2024-08-08 12:55:05', '2024-08-08 12:55:05'),
(2866, 6, 5, 1, 0, 0, '2024-08-08 12:55:06', '2024-08-08 12:55:06'),
(2867, 6, 6, 1, 0, 0, '2024-08-08 12:55:06', '2024-08-08 12:55:06'),
(2868, 6, 7, 1, 0, 0, '2024-08-08 12:55:06', '2024-08-08 12:55:06'),
(2869, 6, 8, 1, 0, 0, '2024-08-08 12:55:06', '2024-08-08 12:55:06'),
(2870, 6, 5, 2, 0, 0, '2024-08-08 12:55:06', '2024-08-08 12:55:06'),
(2871, 6, 6, 2, 0, 0, '2024-08-08 12:55:06', '2024-08-08 12:55:06'),
(2872, 6, 7, 2, 0, 0, '2024-08-08 12:55:06', '2024-08-08 12:55:06'),
(2873, 6, 8, 2, 0, 0, '2024-08-08 12:55:06', '2024-08-08 12:55:06'),
(2874, 6, 5, 3, 0, 0, '2024-08-08 12:55:06', '2024-08-08 12:55:06'),
(2875, 6, 6, 3, 0, 0, '2024-08-08 12:55:06', '2024-08-08 12:55:06'),
(2876, 6, 7, 3, 0, 0, '2024-08-08 12:55:06', '2024-08-08 12:55:06'),
(2877, 6, 8, 3, 0, 0, '2024-08-08 12:55:06', '2024-08-08 12:55:06'),
(2878, 6, 5, 4, 0, 0, '2024-08-08 12:55:06', '2024-08-08 12:55:06'),
(2879, 6, 6, 4, 0, 0, '2024-08-08 12:55:06', '2024-08-08 12:55:06'),
(2880, 6, 7, 4, 0, 0, '2024-08-08 12:55:06', '2024-08-08 12:55:06'),
(2881, 6, 8, 4, 0, 0, '2024-08-08 12:55:06', '2024-08-08 12:55:06'),
(2882, 6, 5, 5, 0, 0, '2024-08-08 12:55:06', '2024-08-08 12:55:06'),
(2883, 6, 6, 5, 0, 0, '2024-08-08 12:55:06', '2024-08-08 12:55:06'),
(2884, 6, 7, 5, 0, 0, '2024-08-08 12:55:07', '2024-08-08 12:55:07'),
(2885, 6, 8, 5, 0, 0, '2024-08-08 12:55:07', '2024-08-08 12:55:07'),
(2886, 6, 5, 6, 0, 0, '2024-08-08 12:55:07', '2024-08-08 12:55:07'),
(2887, 6, 6, 6, 0, 0, '2024-08-08 12:55:07', '2024-08-08 12:55:07'),
(2888, 6, 7, 6, 0, 0, '2024-08-08 12:55:07', '2024-08-08 12:55:07'),
(2889, 6, 8, 6, 0, 0, '2024-08-08 12:55:07', '2024-08-08 12:55:07'),
(2890, 6, 5, 7, 0, 0, '2024-08-08 12:55:07', '2024-08-08 12:55:07'),
(2891, 6, 6, 7, 0, 0, '2024-08-08 12:55:07', '2024-08-08 12:55:07'),
(2892, 6, 7, 7, 0, 0, '2024-08-08 12:55:07', '2024-08-08 12:55:07'),
(2893, 6, 8, 7, 0, 0, '2024-08-08 12:55:07', '2024-08-08 12:55:07'),
(2894, 6, 5, 8, 0, 0, '2024-08-08 12:55:07', '2024-08-08 12:55:07'),
(2895, 6, 6, 8, 0, 0, '2024-08-08 12:55:07', '2024-08-08 12:55:07'),
(2896, 6, 7, 8, 0, 0, '2024-08-08 12:55:07', '2024-08-08 12:55:07'),
(2897, 6, 8, 8, 0, 0, '2024-08-08 12:55:07', '2024-08-08 12:55:07'),
(2898, 6, 5, 9, 0, 0, '2024-08-08 12:55:07', '2024-08-08 12:55:07'),
(2899, 6, 6, 9, 0, 0, '2024-08-08 12:55:07', '2024-08-08 12:55:07'),
(2900, 6, 7, 9, 0, 0, '2024-08-08 12:55:07', '2024-08-08 12:55:07'),
(2901, 6, 8, 9, 0, 0, '2024-08-08 12:55:07', '2024-08-08 12:55:07'),
(2902, 6, 5, 10, 0, 0, '2024-08-08 12:55:07', '2024-08-08 12:55:07'),
(2903, 6, 6, 10, 0, 0, '2024-08-08 12:55:07', '2024-08-08 12:55:07'),
(2904, 6, 7, 10, 0, 0, '2024-08-08 12:55:07', '2024-08-08 12:55:07'),
(2905, 6, 8, 10, 0, 0, '2024-08-08 12:55:07', '2024-08-08 12:55:07'),
(2906, 6, 5, 11, 0, 0, '2024-08-08 12:55:07', '2024-08-08 12:55:07'),
(2907, 6, 6, 11, 0, 0, '2024-08-08 12:55:07', '2024-08-08 12:55:07'),
(2908, 6, 7, 11, 0, 0, '2024-08-08 12:55:07', '2024-08-08 12:55:07'),
(2909, 6, 8, 11, 0, 0, '2024-08-08 12:55:07', '2024-08-08 12:55:07'),
(2910, 6, 5, 12, 0, 0, '2024-08-08 12:55:07', '2024-08-08 12:55:07'),
(2911, 6, 6, 12, 0, 0, '2024-08-08 12:55:07', '2024-08-08 12:55:07'),
(2912, 6, 7, 12, 0, 0, '2024-08-08 12:55:07', '2024-08-08 12:55:07'),
(2913, 6, 8, 12, 0, 0, '2024-08-08 12:55:07', '2024-08-08 12:55:07'),
(2914, 6, 5, 13, 0, 0, '2024-08-08 12:55:07', '2024-08-08 12:55:07'),
(2915, 6, 6, 13, 0, 0, '2024-08-08 12:55:07', '2024-08-08 12:55:07'),
(2916, 6, 7, 13, 0, 0, '2024-08-08 12:55:07', '2024-08-08 12:55:07'),
(2917, 6, 8, 13, 0, 0, '2024-08-08 12:55:07', '2024-08-08 12:55:07'),
(2918, 6, 5, 14, 0, 0, '2024-08-08 12:55:07', '2024-08-08 12:55:07'),
(2919, 6, 6, 14, 0, 0, '2024-08-08 12:55:07', '2024-08-08 12:55:07'),
(2920, 6, 7, 14, 0, 0, '2024-08-08 12:55:07', '2024-08-08 12:55:07'),
(2921, 6, 8, 14, 0, 0, '2024-08-08 12:55:07', '2024-08-08 12:55:07'),
(2922, 6, 5, 15, 0, 0, '2024-08-08 12:55:07', '2024-08-08 12:55:07'),
(2923, 6, 6, 15, 0, 0, '2024-08-08 12:55:07', '2024-08-08 12:55:07'),
(2924, 6, 7, 15, 0, 0, '2024-08-08 12:55:07', '2024-08-08 12:55:07'),
(2925, 6, 8, 15, 0, 0, '2024-08-08 12:55:07', '2024-08-08 12:55:07'),
(2926, 7, 5, 1, 0, 0, '2024-08-08 12:55:07', '2024-08-08 12:55:07'),
(2927, 7, 6, 1, 0, 0, '2024-08-08 12:55:07', '2024-08-08 12:55:07'),
(2928, 7, 7, 1, 0, 0, '2024-08-08 12:55:07', '2024-08-08 12:55:07'),
(2929, 7, 8, 1, 0, 0, '2024-08-08 12:55:07', '2024-08-08 12:55:07'),
(2930, 7, 5, 2, 0, 0, '2024-08-08 12:55:07', '2024-08-08 12:55:07'),
(2931, 7, 6, 2, 0, 0, '2024-08-08 12:55:07', '2024-08-08 12:55:07'),
(2932, 7, 7, 2, 0, 0, '2024-08-08 12:55:07', '2024-08-08 12:55:07'),
(2933, 7, 8, 2, 0, 0, '2024-08-08 12:55:07', '2024-08-08 12:55:07'),
(2934, 7, 5, 3, 0, 0, '2024-08-08 12:55:07', '2024-08-08 12:55:07'),
(2935, 7, 6, 3, 0, 0, '2024-08-08 12:55:07', '2024-08-08 12:55:07'),
(2936, 7, 7, 3, 0, 0, '2024-08-08 12:55:07', '2024-08-08 12:55:07'),
(2937, 7, 8, 3, 0, 0, '2024-08-08 12:55:07', '2024-08-08 12:55:07'),
(2938, 7, 5, 4, 0, 0, '2024-08-08 12:55:07', '2024-08-08 12:55:07'),
(2939, 7, 6, 4, 0, 0, '2024-08-08 12:55:07', '2024-08-08 12:55:07'),
(2940, 7, 7, 4, 0, 0, '2024-08-08 12:55:07', '2024-08-08 12:55:07'),
(2941, 7, 8, 4, 0, 0, '2024-08-08 12:55:07', '2024-08-08 12:55:07'),
(2942, 7, 5, 5, 0, 0, '2024-08-08 12:55:07', '2024-08-08 12:55:07'),
(2943, 7, 6, 5, 0, 0, '2024-08-08 12:55:07', '2024-08-08 12:55:07'),
(2944, 7, 7, 5, 0, 0, '2024-08-08 12:55:07', '2024-08-08 12:55:07'),
(2945, 7, 8, 5, 0, 0, '2024-08-08 12:55:07', '2024-08-08 12:55:07'),
(2946, 7, 5, 6, 0, 0, '2024-08-08 12:55:07', '2024-08-08 12:55:07'),
(2947, 7, 6, 6, 0, 0, '2024-08-08 12:55:07', '2024-08-08 12:55:07'),
(2948, 7, 7, 6, 0, 0, '2024-08-08 12:55:07', '2024-08-08 12:55:07'),
(2949, 7, 8, 6, 0, 0, '2024-08-08 12:55:07', '2024-08-08 12:55:07'),
(2950, 7, 5, 7, 0, 0, '2024-08-08 12:55:07', '2024-08-08 12:55:07'),
(2951, 7, 6, 7, 0, 0, '2024-08-08 12:55:07', '2024-08-08 12:55:07'),
(2952, 7, 7, 7, 0, 0, '2024-08-08 12:55:07', '2024-08-08 12:55:07'),
(2953, 7, 8, 7, 0, 0, '2024-08-08 12:55:07', '2024-08-08 12:55:07'),
(2954, 7, 5, 8, 0, 0, '2024-08-08 12:55:07', '2024-08-08 12:55:07'),
(2955, 7, 6, 8, 0, 0, '2024-08-08 12:55:07', '2024-08-08 12:55:07'),
(2956, 7, 7, 8, 0, 0, '2024-08-08 12:55:07', '2024-08-08 12:55:07'),
(2957, 7, 8, 8, 0, 0, '2024-08-08 12:55:07', '2024-08-08 12:55:07'),
(2958, 7, 5, 9, 0, 0, '2024-08-08 12:55:07', '2024-08-08 12:55:07'),
(2959, 7, 6, 9, 0, 0, '2024-08-08 12:55:07', '2024-08-08 12:55:07'),
(2960, 7, 7, 9, 0, 0, '2024-08-08 12:55:07', '2024-08-08 12:55:07'),
(2961, 7, 8, 9, 0, 0, '2024-08-08 12:55:07', '2024-08-08 12:55:07'),
(2962, 7, 5, 10, 0, 0, '2024-08-08 12:55:07', '2024-08-08 12:55:07'),
(2963, 7, 6, 10, 0, 0, '2024-08-08 12:55:07', '2024-08-08 12:55:07'),
(2964, 7, 7, 10, 0, 0, '2024-08-08 12:55:07', '2024-08-08 12:55:07'),
(2965, 7, 8, 10, 0, 0, '2024-08-08 12:55:07', '2024-08-08 12:55:07'),
(2966, 7, 5, 11, 0, 0, '2024-08-08 12:55:07', '2024-08-08 12:55:07'),
(2967, 7, 6, 11, 0, 0, '2024-08-08 12:55:07', '2024-08-08 12:55:07'),
(2968, 7, 7, 11, 0, 0, '2024-08-08 12:55:07', '2024-08-08 12:55:07'),
(2969, 7, 8, 11, 0, 0, '2024-08-08 12:55:07', '2024-08-08 12:55:07'),
(2970, 7, 5, 12, 0, 0, '2024-08-08 12:55:07', '2024-08-08 12:55:07'),
(2971, 7, 6, 12, 0, 0, '2024-08-08 12:55:08', '2024-08-08 12:55:08'),
(2972, 7, 7, 12, 0, 0, '2024-08-08 12:55:08', '2024-08-08 12:55:08'),
(2973, 7, 8, 12, 0, 0, '2024-08-08 12:55:08', '2024-08-08 12:55:08'),
(2974, 7, 5, 13, 0, 0, '2024-08-08 12:55:08', '2024-08-08 12:55:08'),
(2975, 7, 6, 13, 0, 0, '2024-08-08 12:55:08', '2024-08-08 12:55:08'),
(2976, 7, 7, 13, 0, 0, '2024-08-08 12:55:08', '2024-08-08 12:55:08'),
(2977, 7, 8, 13, 0, 0, '2024-08-08 12:55:08', '2024-08-08 12:55:08'),
(2978, 7, 5, 14, 0, 0, '2024-08-08 12:55:08', '2024-08-08 12:55:08'),
(2979, 7, 6, 14, 0, 0, '2024-08-08 12:55:08', '2024-08-08 12:55:08'),
(2980, 7, 7, 14, 0, 0, '2024-08-08 12:55:08', '2024-08-08 12:55:08'),
(2981, 7, 8, 14, 0, 0, '2024-08-08 12:55:08', '2024-08-08 12:55:08'),
(2982, 7, 5, 15, 0, 0, '2024-08-08 12:55:08', '2024-08-08 12:55:08'),
(2983, 7, 6, 15, 0, 0, '2024-08-08 12:55:08', '2024-08-08 12:55:08'),
(2984, 7, 7, 15, 0, 0, '2024-08-08 12:55:08', '2024-08-08 12:55:08'),
(2985, 7, 8, 15, 0, 0, '2024-08-08 12:55:08', '2024-08-08 12:55:08'),
(2986, 8, 5, 1, 0, 0, '2024-08-08 12:55:08', '2024-08-08 12:55:08'),
(2987, 8, 6, 1, 0, 0, '2024-08-08 12:55:08', '2024-08-08 12:55:08'),
(2988, 8, 7, 1, 0, 0, '2024-08-08 12:55:08', '2024-08-08 12:55:08'),
(2989, 8, 8, 1, 0, 0, '2024-08-08 12:55:08', '2024-08-08 12:55:08'),
(2990, 8, 5, 2, 0, 0, '2024-08-08 12:55:08', '2024-08-08 12:55:08'),
(2991, 8, 6, 2, 0, 0, '2024-08-08 12:55:08', '2024-08-08 12:55:08'),
(2992, 8, 7, 2, 0, 0, '2024-08-08 12:55:08', '2024-08-08 12:55:08'),
(2993, 8, 8, 2, 0, 0, '2024-08-08 12:55:08', '2024-08-08 12:55:08'),
(2994, 8, 5, 3, 0, 0, '2024-08-08 12:55:08', '2024-08-08 12:55:08'),
(2995, 8, 6, 3, 0, 0, '2024-08-08 12:55:08', '2024-08-08 12:55:08'),
(2996, 8, 7, 3, 0, 0, '2024-08-08 12:55:08', '2024-08-08 12:55:08'),
(2997, 8, 8, 3, 0, 0, '2024-08-08 12:55:08', '2024-08-08 12:55:08'),
(2998, 8, 5, 4, 0, 0, '2024-08-08 12:55:08', '2024-08-08 12:55:08'),
(2999, 8, 6, 4, 0, 0, '2024-08-08 12:55:08', '2024-08-08 12:55:08'),
(3000, 8, 7, 4, 0, 0, '2024-08-08 12:55:08', '2024-08-08 12:55:08'),
(3001, 8, 8, 4, 0, 0, '2024-08-08 12:55:08', '2024-08-08 12:55:08'),
(3002, 8, 5, 5, 0, 0, '2024-08-08 12:55:08', '2024-08-08 12:55:08'),
(3003, 8, 6, 5, 0, 0, '2024-08-08 12:55:08', '2024-08-08 12:55:08'),
(3004, 8, 7, 5, 0, 0, '2024-08-08 12:55:08', '2024-08-08 12:55:08'),
(3005, 8, 8, 5, 0, 0, '2024-08-08 12:55:08', '2024-08-08 12:55:08'),
(3006, 8, 5, 6, 0, 0, '2024-08-08 12:55:08', '2024-08-08 12:55:08'),
(3007, 8, 6, 6, 0, 0, '2024-08-08 12:55:08', '2024-08-08 12:55:08'),
(3008, 8, 7, 6, 0, 0, '2024-08-08 12:55:08', '2024-08-08 12:55:08'),
(3009, 8, 8, 6, 0, 0, '2024-08-08 12:55:08', '2024-08-08 12:55:08'),
(3010, 8, 5, 7, 0, 0, '2024-08-08 12:55:08', '2024-08-08 12:55:08'),
(3011, 8, 6, 7, 0, 0, '2024-08-08 12:55:08', '2024-08-08 12:55:08'),
(3012, 8, 7, 7, 0, 0, '2024-08-08 12:55:08', '2024-08-08 12:55:08'),
(3013, 8, 8, 7, 0, 0, '2024-08-08 12:55:08', '2024-08-08 12:55:08'),
(3014, 8, 5, 8, 0, 0, '2024-08-08 12:55:08', '2024-08-08 12:55:08'),
(3015, 8, 6, 8, 0, 0, '2024-08-08 12:55:08', '2024-08-08 12:55:08'),
(3016, 8, 7, 8, 0, 0, '2024-08-08 12:55:08', '2024-08-08 12:55:08'),
(3017, 8, 8, 8, 0, 0, '2024-08-08 12:55:08', '2024-08-08 12:55:08'),
(3018, 8, 5, 9, 0, 0, '2024-08-08 12:55:08', '2024-08-08 12:55:08'),
(3019, 8, 6, 9, 0, 0, '2024-08-08 12:55:08', '2024-08-08 12:55:08'),
(3020, 8, 7, 9, 0, 0, '2024-08-08 12:55:08', '2024-08-08 12:55:08'),
(3021, 8, 8, 9, 0, 0, '2024-08-08 12:55:08', '2024-08-08 12:55:08'),
(3022, 8, 5, 10, 0, 0, '2024-08-08 12:55:08', '2024-08-08 12:55:08'),
(3023, 8, 6, 10, 0, 0, '2024-08-08 12:55:08', '2024-08-08 12:55:08'),
(3024, 8, 7, 10, 0, 0, '2024-08-08 12:55:08', '2024-08-08 12:55:08'),
(3025, 8, 8, 10, 0, 0, '2024-08-08 12:55:08', '2024-08-08 12:55:08'),
(3026, 8, 5, 11, 0, 0, '2024-08-08 12:55:08', '2024-08-08 12:55:08'),
(3027, 8, 6, 11, 0, 0, '2024-08-08 12:55:08', '2024-08-08 12:55:08'),
(3028, 8, 7, 11, 0, 0, '2024-08-08 12:55:08', '2024-08-08 12:55:08'),
(3029, 8, 8, 11, 0, 0, '2024-08-08 12:55:08', '2024-08-08 12:55:08'),
(3030, 8, 5, 12, 0, 0, '2024-08-08 12:55:08', '2024-08-08 12:55:08'),
(3031, 8, 6, 12, 0, 0, '2024-08-08 12:55:08', '2024-08-08 12:55:08'),
(3032, 8, 7, 12, 0, 0, '2024-08-08 12:55:08', '2024-08-08 12:55:08'),
(3033, 8, 8, 12, 0, 0, '2024-08-08 12:55:08', '2024-08-08 12:55:08'),
(3034, 8, 5, 13, 0, 0, '2024-08-08 12:55:08', '2024-08-08 12:55:08'),
(3035, 8, 6, 13, 0, 0, '2024-08-08 12:55:08', '2024-08-08 12:55:08'),
(3036, 8, 7, 13, 0, 0, '2024-08-08 12:55:08', '2024-08-08 12:55:08'),
(3037, 8, 8, 13, 0, 0, '2024-08-08 12:55:08', '2024-08-08 12:55:08'),
(3038, 8, 5, 14, 0, 0, '2024-08-08 12:55:08', '2024-08-08 12:55:08'),
(3039, 8, 6, 14, 0, 0, '2024-08-08 12:55:08', '2024-08-08 12:55:08'),
(3040, 8, 7, 14, 0, 0, '2024-08-08 12:55:08', '2024-08-08 12:55:08'),
(3041, 8, 8, 14, 0, 0, '2024-08-08 12:55:08', '2024-08-08 12:55:08'),
(3042, 8, 5, 15, 0, 0, '2024-08-08 12:55:08', '2024-08-08 12:55:08'),
(3043, 8, 6, 15, 0, 0, '2024-08-08 12:55:08', '2024-08-08 12:55:08'),
(3044, 8, 7, 15, 0, 0, '2024-08-08 12:55:08', '2024-08-08 12:55:08'),
(3045, 8, 8, 15, 0, 0, '2024-08-08 12:55:08', '2024-08-08 12:55:08'),
(3046, 6, 9, 1, 0, 0, '2024-08-08 12:57:44', '2024-08-08 12:57:44'),
(3047, 6, 10, 1, 0, 0, '2024-08-08 12:57:44', '2024-08-08 12:57:44'),
(3048, 6, 11, 1, 0, 0, '2024-08-08 12:57:44', '2024-08-08 12:57:44'),
(3049, 6, 12, 1, 0, 0, '2024-08-08 12:57:44', '2024-08-08 12:57:44'),
(3050, 6, 9, 2, 0, 0, '2024-08-08 12:57:44', '2024-08-08 12:57:44'),
(3051, 6, 10, 2, 0, 0, '2024-08-08 12:57:44', '2024-08-08 12:57:44'),
(3052, 6, 11, 2, 0, 0, '2024-08-08 12:57:44', '2024-08-08 12:57:44'),
(3053, 6, 12, 2, 0, 0, '2024-08-08 12:57:44', '2024-08-08 12:57:44'),
(3054, 6, 9, 3, 0, 0, '2024-08-08 12:57:44', '2024-08-08 12:57:44'),
(3055, 6, 10, 3, 0, 0, '2024-08-08 12:57:44', '2024-08-08 12:57:44'),
(3056, 6, 11, 3, 0, 0, '2024-08-08 12:57:44', '2024-08-08 12:57:44'),
(3057, 6, 12, 3, 0, 0, '2024-08-08 12:57:44', '2024-08-08 12:57:44'),
(3058, 6, 9, 4, 0, 0, '2024-08-08 12:57:44', '2024-08-08 12:57:44'),
(3059, 6, 10, 4, 0, 0, '2024-08-08 12:57:44', '2024-08-08 12:57:44'),
(3060, 6, 11, 4, 0, 0, '2024-08-08 12:57:44', '2024-08-08 12:57:44'),
(3061, 6, 12, 4, 0, 0, '2024-08-08 12:57:44', '2024-08-08 12:57:44'),
(3062, 6, 9, 5, 0, 0, '2024-08-08 12:57:44', '2024-08-08 12:57:44'),
(3063, 6, 10, 5, 0, 0, '2024-08-08 12:57:44', '2024-08-08 12:57:44'),
(3064, 6, 11, 5, 0, 0, '2024-08-08 12:57:44', '2024-08-08 12:57:44'),
(3065, 6, 12, 5, 0, 0, '2024-08-08 12:57:44', '2024-08-08 12:57:44'),
(3066, 6, 9, 6, 0, 0, '2024-08-08 12:57:44', '2024-08-08 12:57:44'),
(3067, 6, 10, 6, 0, 0, '2024-08-08 12:57:44', '2024-08-08 12:57:44'),
(3068, 6, 11, 6, 0, 0, '2024-08-08 12:57:45', '2024-08-08 12:57:45'),
(3069, 6, 12, 6, 0, 0, '2024-08-08 12:57:45', '2024-08-08 12:57:45'),
(3070, 6, 9, 7, 0, 0, '2024-08-08 12:57:45', '2024-08-08 12:57:45'),
(3071, 6, 10, 7, 0, 0, '2024-08-08 12:57:45', '2024-08-08 12:57:45'),
(3072, 6, 11, 7, 0, 0, '2024-08-08 12:57:45', '2024-08-08 12:57:45'),
(3073, 6, 12, 7, 0, 0, '2024-08-08 12:57:45', '2024-08-08 12:57:45'),
(3074, 6, 9, 8, 0, 0, '2024-08-08 12:57:45', '2024-08-08 12:57:45'),
(3075, 6, 10, 8, 0, 0, '2024-08-08 12:57:45', '2024-08-08 12:57:45'),
(3076, 6, 11, 8, 0, 0, '2024-08-08 12:57:45', '2024-08-08 12:57:45'),
(3077, 6, 12, 8, 0, 0, '2024-08-08 12:57:45', '2024-08-08 12:57:45'),
(3078, 6, 9, 9, 0, 0, '2024-08-08 12:57:45', '2024-08-08 12:57:45'),
(3079, 6, 10, 9, 0, 0, '2024-08-08 12:57:45', '2024-08-08 12:57:45'),
(3080, 6, 11, 9, 0, 0, '2024-08-08 12:57:45', '2024-08-08 12:57:45'),
(3081, 6, 12, 9, 0, 0, '2024-08-08 12:57:45', '2024-08-08 12:57:45'),
(3082, 6, 9, 10, 0, 0, '2024-08-08 12:57:45', '2024-08-08 12:57:45'),
(3083, 6, 10, 10, 0, 0, '2024-08-08 12:57:45', '2024-08-08 12:57:45'),
(3084, 6, 11, 10, 0, 0, '2024-08-08 12:57:45', '2024-08-08 12:57:45'),
(3085, 6, 12, 10, 0, 0, '2024-08-08 12:57:45', '2024-08-08 12:57:45'),
(3086, 6, 9, 11, 0, 0, '2024-08-08 12:57:45', '2024-08-08 12:57:45'),
(3087, 6, 10, 11, 0, 0, '2024-08-08 12:57:45', '2024-08-08 12:57:45'),
(3088, 6, 11, 11, 0, 0, '2024-08-08 12:57:45', '2024-08-08 12:57:45'),
(3089, 6, 12, 11, 0, 0, '2024-08-08 12:57:45', '2024-08-08 12:57:45'),
(3090, 6, 9, 12, 0, 0, '2024-08-08 12:57:45', '2024-08-08 12:57:45'),
(3091, 6, 10, 12, 0, 0, '2024-08-08 12:57:45', '2024-08-08 12:57:45'),
(3092, 6, 11, 12, 0, 0, '2024-08-08 12:57:45', '2024-08-08 12:57:45'),
(3093, 6, 12, 12, 0, 0, '2024-08-08 12:57:45', '2024-08-08 12:57:45'),
(3094, 6, 9, 13, 0, 0, '2024-08-08 12:57:45', '2024-08-08 12:57:45'),
(3095, 6, 10, 13, 0, 0, '2024-08-08 12:57:45', '2024-08-08 12:57:45'),
(3096, 6, 11, 13, 0, 0, '2024-08-08 12:57:45', '2024-08-08 12:57:45'),
(3097, 6, 12, 13, 0, 0, '2024-08-08 12:57:45', '2024-08-08 12:57:45'),
(3098, 6, 9, 14, 0, 0, '2024-08-08 12:57:45', '2024-08-08 12:57:45'),
(3099, 6, 10, 14, 0, 0, '2024-08-08 12:57:45', '2024-08-08 12:57:45'),
(3100, 6, 11, 14, 0, 0, '2024-08-08 12:57:45', '2024-08-08 12:57:45'),
(3101, 6, 12, 14, 0, 0, '2024-08-08 12:57:45', '2024-08-08 12:57:45'),
(3102, 6, 9, 15, 0, 0, '2024-08-08 12:57:45', '2024-08-08 12:57:45'),
(3103, 6, 10, 15, 0, 0, '2024-08-08 12:57:45', '2024-08-08 12:57:45'),
(3104, 6, 11, 15, 0, 0, '2024-08-08 12:57:45', '2024-08-08 12:57:45'),
(3105, 6, 12, 15, 0, 0, '2024-08-08 12:57:45', '2024-08-08 12:57:45'),
(3106, 6, 16, 1, 0, 0, '2024-08-08 12:57:46', '2024-08-08 12:57:46'),
(3107, 6, 17, 1, 0, 0, '2024-08-08 12:57:46', '2024-08-08 12:57:46'),
(3108, 6, 18, 1, 0, 0, '2024-08-08 12:57:46', '2024-08-08 12:57:46'),
(3109, 6, 19, 1, 0, 0, '2024-08-08 12:57:46', '2024-08-08 12:57:46'),
(3110, 6, 16, 2, 0, 0, '2024-08-08 12:57:46', '2024-08-08 12:57:46'),
(3111, 6, 17, 2, 0, 0, '2024-08-08 12:57:46', '2024-08-08 12:57:46'),
(3112, 6, 18, 2, 0, 0, '2024-08-08 12:57:46', '2024-08-08 12:57:46'),
(3113, 6, 19, 2, 0, 0, '2024-08-08 12:57:46', '2024-08-08 12:57:46'),
(3114, 6, 16, 3, 0, 0, '2024-08-08 12:57:46', '2024-08-08 12:57:46'),
(3115, 6, 17, 3, 0, 0, '2024-08-08 12:57:46', '2024-08-08 12:57:46'),
(3116, 6, 18, 3, 0, 0, '2024-08-08 12:57:46', '2024-08-08 12:57:46'),
(3117, 6, 19, 3, 0, 0, '2024-08-08 12:57:46', '2024-08-08 12:57:46'),
(3118, 6, 16, 4, 0, 0, '2024-08-08 12:57:46', '2024-08-08 12:57:46'),
(3119, 6, 17, 4, 0, 0, '2024-08-08 12:57:46', '2024-08-08 12:57:46'),
(3120, 6, 18, 4, 0, 0, '2024-08-08 12:57:46', '2024-08-08 12:57:46'),
(3121, 6, 19, 4, 0, 0, '2024-08-08 12:57:46', '2024-08-08 12:57:46'),
(3122, 6, 16, 5, 0, 0, '2024-08-08 12:57:46', '2024-08-08 12:57:46'),
(3123, 6, 17, 5, 0, 0, '2024-08-08 12:57:46', '2024-08-08 12:57:46'),
(3124, 6, 18, 5, 0, 0, '2024-08-08 12:57:46', '2024-08-08 12:57:46'),
(3125, 6, 19, 5, 0, 0, '2024-08-08 12:57:46', '2024-08-08 12:57:46'),
(3126, 6, 16, 6, 0, 0, '2024-08-08 12:57:46', '2024-08-08 12:57:46'),
(3127, 6, 17, 6, 0, 0, '2024-08-08 12:57:46', '2024-08-08 12:57:46'),
(3128, 6, 18, 6, 0, 0, '2024-08-08 12:57:46', '2024-08-08 12:57:46'),
(3129, 6, 19, 6, 0, 0, '2024-08-08 12:57:46', '2024-08-08 12:57:46'),
(3130, 6, 16, 7, 0, 0, '2024-08-08 12:57:46', '2024-08-08 12:57:46'),
(3131, 6, 17, 7, 0, 0, '2024-08-08 12:57:46', '2024-08-08 12:57:46'),
(3132, 6, 18, 7, 0, 0, '2024-08-08 12:57:46', '2024-08-08 12:57:46'),
(3133, 6, 19, 7, 0, 0, '2024-08-08 12:57:46', '2024-08-08 12:57:46'),
(3134, 6, 16, 8, 0, 0, '2024-08-08 12:57:46', '2024-08-08 12:57:46'),
(3135, 6, 17, 8, 0, 0, '2024-08-08 12:57:46', '2024-08-08 12:57:46'),
(3136, 6, 18, 8, 0, 0, '2024-08-08 12:57:46', '2024-08-08 12:57:46'),
(3137, 6, 19, 8, 0, 0, '2024-08-08 12:57:46', '2024-08-08 12:57:46'),
(3138, 6, 16, 9, 0, 0, '2024-08-08 12:57:46', '2024-08-08 12:57:46'),
(3139, 6, 17, 9, 0, 0, '2024-08-08 12:57:46', '2024-08-08 12:57:46'),
(3140, 6, 18, 9, 0, 0, '2024-08-08 12:57:46', '2024-08-08 12:57:46'),
(3141, 6, 19, 9, 0, 0, '2024-08-08 12:57:46', '2024-08-08 12:57:46'),
(3142, 6, 16, 10, 0, 0, '2024-08-08 12:57:46', '2024-08-08 12:57:46'),
(3143, 6, 17, 10, 0, 0, '2024-08-08 12:57:46', '2024-08-08 12:57:46'),
(3144, 6, 18, 10, 0, 0, '2024-08-08 12:57:46', '2024-08-08 12:57:46'),
(3145, 6, 19, 10, 0, 0, '2024-08-08 12:57:46', '2024-08-08 12:57:46'),
(3146, 6, 16, 11, 0, 0, '2024-08-08 12:57:46', '2024-08-08 12:57:46'),
(3147, 6, 17, 11, 0, 0, '2024-08-08 12:57:46', '2024-08-08 12:57:46'),
(3148, 6, 18, 11, 0, 0, '2024-08-08 12:57:46', '2024-08-08 12:57:46'),
(3149, 6, 19, 11, 0, 0, '2024-08-08 12:57:46', '2024-08-08 12:57:46'),
(3150, 6, 16, 12, 0, 0, '2024-08-08 12:57:46', '2024-08-08 12:57:46'),
(3151, 6, 17, 12, 0, 0, '2024-08-08 12:57:46', '2024-08-08 12:57:46'),
(3152, 6, 18, 12, 0, 0, '2024-08-08 12:57:46', '2024-08-08 12:57:46'),
(3153, 6, 19, 12, 0, 0, '2024-08-08 12:57:46', '2024-08-08 12:57:46'),
(3154, 6, 16, 13, 0, 0, '2024-08-08 12:57:46', '2024-08-08 12:57:46'),
(3155, 6, 17, 13, 0, 0, '2024-08-08 12:57:46', '2024-08-08 12:57:46'),
(3156, 6, 18, 13, 0, 0, '2024-08-08 12:57:46', '2024-08-08 12:57:46'),
(3157, 6, 19, 13, 0, 0, '2024-08-08 12:57:46', '2024-08-08 12:57:46'),
(3158, 6, 16, 14, 0, 0, '2024-08-08 12:57:47', '2024-08-08 12:57:47'),
(3159, 6, 17, 14, 0, 0, '2024-08-08 12:57:47', '2024-08-08 12:57:47'),
(3160, 6, 18, 14, 0, 0, '2024-08-08 12:57:47', '2024-08-08 12:57:47'),
(3161, 6, 19, 14, 0, 0, '2024-08-08 12:57:47', '2024-08-08 12:57:47'),
(3162, 6, 16, 15, 0, 0, '2024-08-08 12:57:47', '2024-08-08 12:57:47'),
(3163, 6, 17, 15, 0, 0, '2024-08-08 12:57:47', '2024-08-08 12:57:47'),
(3164, 6, 18, 15, 0, 0, '2024-08-08 12:57:47', '2024-08-08 12:57:47'),
(3165, 6, 19, 15, 0, 0, '2024-08-08 12:57:47', '2024-08-08 12:57:47'),
(3166, 7, 9, 1, 0, 0, '2024-08-08 12:58:05', '2024-08-08 12:58:05'),
(3167, 7, 10, 1, 0, 0, '2024-08-08 12:58:05', '2024-08-08 12:58:05'),
(3168, 7, 11, 1, 0, 0, '2024-08-08 12:58:05', '2024-08-08 12:58:05'),
(3169, 7, 12, 1, 0, 0, '2024-08-08 12:58:05', '2024-08-08 12:58:05'),
(3170, 7, 9, 2, 0, 0, '2024-08-08 12:58:05', '2024-08-08 12:58:05'),
(3171, 7, 10, 2, 0, 0, '2024-08-08 12:58:05', '2024-08-08 12:58:05'),
(3172, 7, 11, 2, 0, 0, '2024-08-08 12:58:05', '2024-08-08 12:58:05'),
(3173, 7, 12, 2, 0, 0, '2024-08-08 12:58:05', '2024-08-08 12:58:05'),
(3174, 7, 9, 3, 0, 0, '2024-08-08 12:58:05', '2024-08-08 12:58:05'),
(3175, 7, 10, 3, 0, 0, '2024-08-08 12:58:05', '2024-08-08 12:58:05'),
(3176, 7, 11, 3, 0, 0, '2024-08-08 12:58:05', '2024-08-08 12:58:05'),
(3177, 7, 12, 3, 0, 0, '2024-08-08 12:58:05', '2024-08-08 12:58:05'),
(3178, 7, 9, 4, 0, 0, '2024-08-08 12:58:05', '2024-08-08 12:58:05');
INSERT INTO `ratings` (`id`, `judge_id`, `criteria_id`, `team_id`, `value`, `is_locked`, `created_at`, `updated_at`) VALUES
(3179, 7, 10, 4, 0, 0, '2024-08-08 12:58:05', '2024-08-08 12:58:05'),
(3180, 7, 11, 4, 0, 0, '2024-08-08 12:58:05', '2024-08-08 12:58:05'),
(3181, 7, 12, 4, 0, 0, '2024-08-08 12:58:05', '2024-08-08 12:58:05'),
(3182, 7, 9, 5, 0, 0, '2024-08-08 12:58:05', '2024-08-08 12:58:05'),
(3183, 7, 10, 5, 0, 0, '2024-08-08 12:58:05', '2024-08-08 12:58:05'),
(3184, 7, 11, 5, 0, 0, '2024-08-08 12:58:05', '2024-08-08 12:58:05'),
(3185, 7, 12, 5, 0, 0, '2024-08-08 12:58:05', '2024-08-08 12:58:05'),
(3186, 7, 9, 6, 0, 0, '2024-08-08 12:58:05', '2024-08-08 12:58:05'),
(3187, 7, 10, 6, 0, 0, '2024-08-08 12:58:05', '2024-08-08 12:58:05'),
(3188, 7, 11, 6, 0, 0, '2024-08-08 12:58:06', '2024-08-08 12:58:06'),
(3189, 7, 12, 6, 0, 0, '2024-08-08 12:58:06', '2024-08-08 12:58:06'),
(3190, 7, 9, 7, 0, 0, '2024-08-08 12:58:06', '2024-08-08 12:58:06'),
(3191, 7, 10, 7, 0, 0, '2024-08-08 12:58:06', '2024-08-08 12:58:06'),
(3192, 7, 11, 7, 0, 0, '2024-08-08 12:58:06', '2024-08-08 12:58:06'),
(3193, 7, 12, 7, 0, 0, '2024-08-08 12:58:06', '2024-08-08 12:58:06'),
(3194, 7, 9, 8, 0, 0, '2024-08-08 12:58:06', '2024-08-08 12:58:06'),
(3195, 7, 10, 8, 0, 0, '2024-08-08 12:58:06', '2024-08-08 12:58:06'),
(3196, 7, 11, 8, 0, 0, '2024-08-08 12:58:06', '2024-08-08 12:58:06'),
(3197, 7, 12, 8, 0, 0, '2024-08-08 12:58:06', '2024-08-08 12:58:06'),
(3198, 7, 9, 9, 0, 0, '2024-08-08 12:58:06', '2024-08-08 12:58:06'),
(3199, 7, 10, 9, 0, 0, '2024-08-08 12:58:06', '2024-08-08 12:58:06'),
(3200, 7, 11, 9, 0, 0, '2024-08-08 12:58:06', '2024-08-08 12:58:06'),
(3201, 7, 12, 9, 0, 0, '2024-08-08 12:58:06', '2024-08-08 12:58:06'),
(3202, 7, 9, 10, 0, 0, '2024-08-08 12:58:06', '2024-08-08 12:58:06'),
(3203, 7, 10, 10, 0, 0, '2024-08-08 12:58:06', '2024-08-08 12:58:06'),
(3204, 7, 11, 10, 0, 0, '2024-08-08 12:58:06', '2024-08-08 12:58:06'),
(3205, 7, 12, 10, 0, 0, '2024-08-08 12:58:06', '2024-08-08 12:58:06'),
(3206, 7, 9, 11, 0, 0, '2024-08-08 12:58:06', '2024-08-08 12:58:06'),
(3207, 7, 10, 11, 0, 0, '2024-08-08 12:58:06', '2024-08-08 12:58:06'),
(3208, 7, 11, 11, 0, 0, '2024-08-08 12:58:06', '2024-08-08 12:58:06'),
(3209, 7, 12, 11, 0, 0, '2024-08-08 12:58:06', '2024-08-08 12:58:06'),
(3210, 7, 9, 12, 0, 0, '2024-08-08 12:58:06', '2024-08-08 12:58:06'),
(3211, 7, 10, 12, 0, 0, '2024-08-08 12:58:06', '2024-08-08 12:58:06'),
(3212, 7, 11, 12, 0, 0, '2024-08-08 12:58:06', '2024-08-08 12:58:06'),
(3213, 7, 12, 12, 0, 0, '2024-08-08 12:58:06', '2024-08-08 12:58:06'),
(3214, 7, 9, 13, 0, 0, '2024-08-08 12:58:06', '2024-08-08 12:58:06'),
(3215, 7, 10, 13, 0, 0, '2024-08-08 12:58:06', '2024-08-08 12:58:06'),
(3216, 7, 11, 13, 0, 0, '2024-08-08 12:58:06', '2024-08-08 12:58:06'),
(3217, 7, 12, 13, 0, 0, '2024-08-08 12:58:06', '2024-08-08 12:58:06'),
(3218, 7, 9, 14, 0, 0, '2024-08-08 12:58:06', '2024-08-08 12:58:06'),
(3219, 7, 10, 14, 0, 0, '2024-08-08 12:58:06', '2024-08-08 12:58:06'),
(3220, 7, 11, 14, 0, 0, '2024-08-08 12:58:06', '2024-08-08 12:58:06'),
(3221, 7, 12, 14, 0, 0, '2024-08-08 12:58:06', '2024-08-08 12:58:06'),
(3222, 7, 9, 15, 0, 0, '2024-08-08 12:58:06', '2024-08-08 12:58:06'),
(3223, 7, 10, 15, 0, 0, '2024-08-08 12:58:06', '2024-08-08 12:58:06'),
(3224, 7, 11, 15, 0, 0, '2024-08-08 12:58:06', '2024-08-08 12:58:06'),
(3225, 7, 12, 15, 0, 0, '2024-08-08 12:58:06', '2024-08-08 12:58:06'),
(3226, 7, 16, 1, 0, 0, '2024-08-08 12:58:07', '2024-08-08 12:58:07'),
(3227, 7, 17, 1, 0, 0, '2024-08-08 12:58:07', '2024-08-08 12:58:07'),
(3228, 7, 18, 1, 0, 0, '2024-08-08 12:58:07', '2024-08-08 12:58:07'),
(3229, 7, 19, 1, 0, 0, '2024-08-08 12:58:07', '2024-08-08 12:58:07'),
(3230, 7, 16, 2, 0, 0, '2024-08-08 12:58:07', '2024-08-08 12:58:07'),
(3231, 7, 17, 2, 0, 0, '2024-08-08 12:58:07', '2024-08-08 12:58:07'),
(3232, 7, 18, 2, 0, 0, '2024-08-08 12:58:07', '2024-08-08 12:58:07'),
(3233, 7, 19, 2, 0, 0, '2024-08-08 12:58:07', '2024-08-08 12:58:07'),
(3234, 7, 16, 3, 0, 0, '2024-08-08 12:58:07', '2024-08-08 12:58:07'),
(3235, 7, 17, 3, 0, 0, '2024-08-08 12:58:07', '2024-08-08 12:58:07'),
(3236, 7, 18, 3, 0, 0, '2024-08-08 12:58:07', '2024-08-08 12:58:07'),
(3237, 7, 19, 3, 0, 0, '2024-08-08 12:58:07', '2024-08-08 12:58:07'),
(3238, 7, 16, 4, 0, 0, '2024-08-08 12:58:07', '2024-08-08 12:58:07'),
(3239, 7, 17, 4, 0, 0, '2024-08-08 12:58:07', '2024-08-08 12:58:07'),
(3240, 7, 18, 4, 0, 0, '2024-08-08 12:58:07', '2024-08-08 12:58:07'),
(3241, 7, 19, 4, 0, 0, '2024-08-08 12:58:07', '2024-08-08 12:58:07'),
(3242, 7, 16, 5, 0, 0, '2024-08-08 12:58:07', '2024-08-08 12:58:07'),
(3243, 7, 17, 5, 0, 0, '2024-08-08 12:58:07', '2024-08-08 12:58:07'),
(3244, 7, 18, 5, 0, 0, '2024-08-08 12:58:07', '2024-08-08 12:58:07'),
(3245, 7, 19, 5, 0, 0, '2024-08-08 12:58:07', '2024-08-08 12:58:07'),
(3246, 7, 16, 6, 0, 0, '2024-08-08 12:58:07', '2024-08-08 12:58:07'),
(3247, 7, 17, 6, 0, 0, '2024-08-08 12:58:07', '2024-08-08 12:58:07'),
(3248, 7, 18, 6, 0, 0, '2024-08-08 12:58:07', '2024-08-08 12:58:07'),
(3249, 7, 19, 6, 0, 0, '2024-08-08 12:58:07', '2024-08-08 12:58:07'),
(3250, 7, 16, 7, 0, 0, '2024-08-08 12:58:07', '2024-08-08 12:58:07'),
(3251, 7, 17, 7, 0, 0, '2024-08-08 12:58:07', '2024-08-08 12:58:07'),
(3252, 7, 18, 7, 0, 0, '2024-08-08 12:58:07', '2024-08-08 12:58:07'),
(3253, 7, 19, 7, 0, 0, '2024-08-08 12:58:07', '2024-08-08 12:58:07'),
(3254, 7, 16, 8, 0, 0, '2024-08-08 12:58:07', '2024-08-08 12:58:07'),
(3255, 7, 17, 8, 0, 0, '2024-08-08 12:58:07', '2024-08-08 12:58:07'),
(3256, 7, 18, 8, 0, 0, '2024-08-08 12:58:07', '2024-08-08 12:58:07'),
(3257, 7, 19, 8, 0, 0, '2024-08-08 12:58:07', '2024-08-08 12:58:07'),
(3258, 7, 16, 9, 0, 0, '2024-08-08 12:58:07', '2024-08-08 12:58:07'),
(3259, 7, 17, 9, 0, 0, '2024-08-08 12:58:07', '2024-08-08 12:58:07'),
(3260, 7, 18, 9, 0, 0, '2024-08-08 12:58:07', '2024-08-08 12:58:07'),
(3261, 7, 19, 9, 0, 0, '2024-08-08 12:58:07', '2024-08-08 12:58:07'),
(3262, 7, 16, 10, 0, 0, '2024-08-08 12:58:07', '2024-08-08 12:58:07'),
(3263, 7, 17, 10, 0, 0, '2024-08-08 12:58:07', '2024-08-08 12:58:07'),
(3264, 7, 18, 10, 0, 0, '2024-08-08 12:58:07', '2024-08-08 12:58:07'),
(3265, 7, 19, 10, 0, 0, '2024-08-08 12:58:07', '2024-08-08 12:58:07'),
(3266, 7, 16, 11, 0, 0, '2024-08-08 12:58:07', '2024-08-08 12:58:07'),
(3267, 7, 17, 11, 0, 0, '2024-08-08 12:58:07', '2024-08-08 12:58:07'),
(3268, 7, 18, 11, 0, 0, '2024-08-08 12:58:07', '2024-08-08 12:58:07'),
(3269, 7, 19, 11, 0, 0, '2024-08-08 12:58:07', '2024-08-08 12:58:07'),
(3270, 7, 16, 12, 0, 0, '2024-08-08 12:58:07', '2024-08-08 12:58:07'),
(3271, 7, 17, 12, 0, 0, '2024-08-08 12:58:07', '2024-08-08 12:58:07'),
(3272, 7, 18, 12, 0, 0, '2024-08-08 12:58:07', '2024-08-08 12:58:07'),
(3273, 7, 19, 12, 0, 0, '2024-08-08 12:58:07', '2024-08-08 12:58:07'),
(3274, 7, 16, 13, 0, 0, '2024-08-08 12:58:07', '2024-08-08 12:58:07'),
(3275, 7, 17, 13, 0, 0, '2024-08-08 12:58:07', '2024-08-08 12:58:07'),
(3276, 7, 18, 13, 0, 0, '2024-08-08 12:58:07', '2024-08-08 12:58:07'),
(3277, 7, 19, 13, 0, 0, '2024-08-08 12:58:07', '2024-08-08 12:58:07'),
(3278, 7, 16, 14, 0, 0, '2024-08-08 12:58:07', '2024-08-08 12:58:07'),
(3279, 7, 17, 14, 0, 0, '2024-08-08 12:58:07', '2024-08-08 12:58:07'),
(3280, 7, 18, 14, 0, 0, '2024-08-08 12:58:07', '2024-08-08 12:58:07'),
(3281, 7, 19, 14, 0, 0, '2024-08-08 12:58:07', '2024-08-08 12:58:07'),
(3282, 7, 16, 15, 0, 0, '2024-08-08 12:58:07', '2024-08-08 12:58:07'),
(3283, 7, 17, 15, 0, 0, '2024-08-08 12:58:07', '2024-08-08 12:58:07'),
(3284, 7, 18, 15, 0, 0, '2024-08-08 12:58:07', '2024-08-08 12:58:07'),
(3285, 7, 19, 15, 0, 0, '2024-08-08 12:58:08', '2024-08-08 12:58:08'),
(3286, 8, 9, 1, 0, 0, '2024-08-08 12:58:27', '2024-08-08 12:58:27'),
(3287, 8, 10, 1, 0, 0, '2024-08-08 12:58:27', '2024-08-08 12:58:27'),
(3288, 8, 11, 1, 0, 0, '2024-08-08 12:58:27', '2024-08-08 12:58:27'),
(3289, 8, 12, 1, 0, 0, '2024-08-08 12:58:27', '2024-08-08 12:58:27'),
(3290, 8, 9, 2, 0, 0, '2024-08-08 12:58:27', '2024-08-08 12:58:27'),
(3291, 8, 10, 2, 0, 0, '2024-08-08 12:58:27', '2024-08-08 12:58:27'),
(3292, 8, 11, 2, 0, 0, '2024-08-08 12:58:27', '2024-08-08 12:58:27'),
(3293, 8, 12, 2, 0, 0, '2024-08-08 12:58:27', '2024-08-08 12:58:27'),
(3294, 8, 9, 3, 0, 0, '2024-08-08 12:58:27', '2024-08-08 12:58:27'),
(3295, 8, 10, 3, 0, 0, '2024-08-08 12:58:27', '2024-08-08 12:58:27'),
(3296, 8, 11, 3, 0, 0, '2024-08-08 12:58:27', '2024-08-08 12:58:27'),
(3297, 8, 12, 3, 0, 0, '2024-08-08 12:58:27', '2024-08-08 12:58:27'),
(3298, 8, 9, 4, 0, 0, '2024-08-08 12:58:27', '2024-08-08 12:58:27'),
(3299, 8, 10, 4, 0, 0, '2024-08-08 12:58:27', '2024-08-08 12:58:27'),
(3300, 8, 11, 4, 0, 0, '2024-08-08 12:58:27', '2024-08-08 12:58:27'),
(3301, 8, 12, 4, 0, 0, '2024-08-08 12:58:27', '2024-08-08 12:58:27'),
(3302, 8, 9, 5, 0, 0, '2024-08-08 12:58:27', '2024-08-08 12:58:27'),
(3303, 8, 10, 5, 0, 0, '2024-08-08 12:58:27', '2024-08-08 12:58:27'),
(3304, 8, 11, 5, 0, 0, '2024-08-08 12:58:27', '2024-08-08 12:58:27'),
(3305, 8, 12, 5, 0, 0, '2024-08-08 12:58:27', '2024-08-08 12:58:27'),
(3306, 8, 9, 6, 0, 0, '2024-08-08 12:58:27', '2024-08-08 12:58:27'),
(3307, 8, 10, 6, 0, 0, '2024-08-08 12:58:27', '2024-08-08 12:58:27'),
(3308, 8, 11, 6, 0, 0, '2024-08-08 12:58:27', '2024-08-08 12:58:27'),
(3309, 8, 12, 6, 0, 0, '2024-08-08 12:58:27', '2024-08-08 12:58:27'),
(3310, 8, 9, 7, 0, 0, '2024-08-08 12:58:27', '2024-08-08 12:58:27'),
(3311, 8, 10, 7, 0, 0, '2024-08-08 12:58:27', '2024-08-08 12:58:27'),
(3312, 8, 11, 7, 0, 0, '2024-08-08 12:58:27', '2024-08-08 12:58:27'),
(3313, 8, 12, 7, 0, 0, '2024-08-08 12:58:27', '2024-08-08 12:58:27'),
(3314, 8, 9, 8, 0, 0, '2024-08-08 12:58:27', '2024-08-08 12:58:27'),
(3315, 8, 10, 8, 0, 0, '2024-08-08 12:58:27', '2024-08-08 12:58:27'),
(3316, 8, 11, 8, 0, 0, '2024-08-08 12:58:27', '2024-08-08 12:58:27'),
(3317, 8, 12, 8, 0, 0, '2024-08-08 12:58:27', '2024-08-08 12:58:27'),
(3318, 8, 9, 9, 0, 0, '2024-08-08 12:58:27', '2024-08-08 12:58:27'),
(3319, 8, 10, 9, 0, 0, '2024-08-08 12:58:27', '2024-08-08 12:58:27'),
(3320, 8, 11, 9, 0, 0, '2024-08-08 12:58:27', '2024-08-08 12:58:27'),
(3321, 8, 12, 9, 0, 0, '2024-08-08 12:58:27', '2024-08-08 12:58:27'),
(3322, 8, 9, 10, 0, 0, '2024-08-08 12:58:27', '2024-08-08 12:58:27'),
(3323, 8, 10, 10, 0, 0, '2024-08-08 12:58:27', '2024-08-08 12:58:27'),
(3324, 8, 11, 10, 0, 0, '2024-08-08 12:58:27', '2024-08-08 12:58:27'),
(3325, 8, 12, 10, 0, 0, '2024-08-08 12:58:27', '2024-08-08 12:58:27'),
(3326, 8, 9, 11, 0, 0, '2024-08-08 12:58:27', '2024-08-08 12:58:27'),
(3327, 8, 10, 11, 0, 0, '2024-08-08 12:58:27', '2024-08-08 12:58:27'),
(3328, 8, 11, 11, 0, 0, '2024-08-08 12:58:27', '2024-08-08 12:58:27'),
(3329, 8, 12, 11, 0, 0, '2024-08-08 12:58:27', '2024-08-08 12:58:27'),
(3330, 8, 9, 12, 0, 0, '2024-08-08 12:58:27', '2024-08-08 12:58:27'),
(3331, 8, 10, 12, 0, 0, '2024-08-08 12:58:27', '2024-08-08 12:58:27'),
(3332, 8, 11, 12, 0, 0, '2024-08-08 12:58:27', '2024-08-08 12:58:27'),
(3333, 8, 12, 12, 0, 0, '2024-08-08 12:58:27', '2024-08-08 12:58:27'),
(3334, 8, 9, 13, 0, 0, '2024-08-08 12:58:27', '2024-08-08 12:58:27'),
(3335, 8, 10, 13, 0, 0, '2024-08-08 12:58:27', '2024-08-08 12:58:27'),
(3336, 8, 11, 13, 0, 0, '2024-08-08 12:58:27', '2024-08-08 12:58:27'),
(3337, 8, 12, 13, 0, 0, '2024-08-08 12:58:27', '2024-08-08 12:58:27'),
(3338, 8, 9, 14, 0, 0, '2024-08-08 12:58:27', '2024-08-08 12:58:27'),
(3339, 8, 10, 14, 0, 0, '2024-08-08 12:58:27', '2024-08-08 12:58:27'),
(3340, 8, 11, 14, 0, 0, '2024-08-08 12:58:27', '2024-08-08 12:58:27'),
(3341, 8, 12, 14, 0, 0, '2024-08-08 12:58:27', '2024-08-08 12:58:27'),
(3342, 8, 9, 15, 0, 0, '2024-08-08 12:58:27', '2024-08-08 12:58:27'),
(3343, 8, 10, 15, 0, 0, '2024-08-08 12:58:27', '2024-08-08 12:58:27'),
(3344, 8, 11, 15, 0, 0, '2024-08-08 12:58:27', '2024-08-08 12:58:27'),
(3345, 8, 12, 15, 0, 0, '2024-08-08 12:58:27', '2024-08-08 12:58:27'),
(3346, 8, 16, 1, 0, 0, '2024-08-08 12:58:29', '2024-08-08 12:58:29'),
(3347, 8, 17, 1, 0, 0, '2024-08-08 12:58:29', '2024-08-08 12:58:29'),
(3348, 8, 18, 1, 0, 0, '2024-08-08 12:58:29', '2024-08-08 12:58:29'),
(3349, 8, 19, 1, 0, 0, '2024-08-08 12:58:29', '2024-08-08 12:58:29'),
(3350, 8, 16, 2, 0, 0, '2024-08-08 12:58:29', '2024-08-08 12:58:29'),
(3351, 8, 17, 2, 0, 0, '2024-08-08 12:58:29', '2024-08-08 12:58:29'),
(3352, 8, 18, 2, 0, 0, '2024-08-08 12:58:29', '2024-08-08 12:58:29'),
(3353, 8, 19, 2, 0, 0, '2024-08-08 12:58:29', '2024-08-08 12:58:29'),
(3354, 8, 16, 3, 0, 0, '2024-08-08 12:58:29', '2024-08-08 12:58:29'),
(3355, 8, 17, 3, 0, 0, '2024-08-08 12:58:29', '2024-08-08 12:58:29'),
(3356, 8, 18, 3, 0, 0, '2024-08-08 12:58:29', '2024-08-08 12:58:29'),
(3357, 8, 19, 3, 0, 0, '2024-08-08 12:58:29', '2024-08-08 12:58:29'),
(3358, 8, 16, 4, 0, 0, '2024-08-08 12:58:29', '2024-08-08 12:58:29'),
(3359, 8, 17, 4, 0, 0, '2024-08-08 12:58:29', '2024-08-08 12:58:29'),
(3360, 8, 18, 4, 0, 0, '2024-08-08 12:58:29', '2024-08-08 12:58:29'),
(3361, 8, 19, 4, 0, 0, '2024-08-08 12:58:29', '2024-08-08 12:58:29'),
(3362, 8, 16, 5, 0, 0, '2024-08-08 12:58:29', '2024-08-08 12:58:29'),
(3363, 8, 17, 5, 0, 0, '2024-08-08 12:58:29', '2024-08-08 12:58:29'),
(3364, 8, 18, 5, 0, 0, '2024-08-08 12:58:29', '2024-08-08 12:58:29'),
(3365, 8, 19, 5, 0, 0, '2024-08-08 12:58:29', '2024-08-08 12:58:29'),
(3366, 8, 16, 6, 0, 0, '2024-08-08 12:58:29', '2024-08-08 12:58:29'),
(3367, 8, 17, 6, 0, 0, '2024-08-08 12:58:29', '2024-08-08 12:58:29'),
(3368, 8, 18, 6, 0, 0, '2024-08-08 12:58:29', '2024-08-08 12:58:29'),
(3369, 8, 19, 6, 0, 0, '2024-08-08 12:58:29', '2024-08-08 12:58:29'),
(3370, 8, 16, 7, 0, 0, '2024-08-08 12:58:29', '2024-08-08 12:58:29'),
(3371, 8, 17, 7, 0, 0, '2024-08-08 12:58:29', '2024-08-08 12:58:29'),
(3372, 8, 18, 7, 0, 0, '2024-08-08 12:58:29', '2024-08-08 12:58:29'),
(3373, 8, 19, 7, 0, 0, '2024-08-08 12:58:29', '2024-08-08 12:58:29'),
(3374, 8, 16, 8, 0, 0, '2024-08-08 12:58:29', '2024-08-08 12:58:29'),
(3375, 8, 17, 8, 0, 0, '2024-08-08 12:58:29', '2024-08-08 12:58:29'),
(3376, 8, 18, 8, 0, 0, '2024-08-08 12:58:29', '2024-08-08 12:58:29'),
(3377, 8, 19, 8, 0, 0, '2024-08-08 12:58:29', '2024-08-08 12:58:29'),
(3378, 8, 16, 9, 0, 0, '2024-08-08 12:58:29', '2024-08-08 12:58:29'),
(3379, 8, 17, 9, 0, 0, '2024-08-08 12:58:29', '2024-08-08 12:58:29'),
(3380, 8, 18, 9, 0, 0, '2024-08-08 12:58:29', '2024-08-08 12:58:29'),
(3381, 8, 19, 9, 0, 0, '2024-08-08 12:58:29', '2024-08-08 12:58:29'),
(3382, 8, 16, 10, 0, 0, '2024-08-08 12:58:29', '2024-08-08 12:58:29'),
(3383, 8, 17, 10, 0, 0, '2024-08-08 12:58:29', '2024-08-08 12:58:29'),
(3384, 8, 18, 10, 0, 0, '2024-08-08 12:58:29', '2024-08-08 12:58:29'),
(3385, 8, 19, 10, 0, 0, '2024-08-08 12:58:29', '2024-08-08 12:58:29'),
(3386, 8, 16, 11, 0, 0, '2024-08-08 12:58:29', '2024-08-08 12:58:29'),
(3387, 8, 17, 11, 0, 0, '2024-08-08 12:58:29', '2024-08-08 12:58:29'),
(3388, 8, 18, 11, 0, 0, '2024-08-08 12:58:29', '2024-08-08 12:58:29'),
(3389, 8, 19, 11, 0, 0, '2024-08-08 12:58:29', '2024-08-08 12:58:29'),
(3390, 8, 16, 12, 0, 0, '2024-08-08 12:58:29', '2024-08-08 12:58:29'),
(3391, 8, 17, 12, 0, 0, '2024-08-08 12:58:29', '2024-08-08 12:58:29'),
(3392, 8, 18, 12, 0, 0, '2024-08-08 12:58:29', '2024-08-08 12:58:29'),
(3393, 8, 19, 12, 0, 0, '2024-08-08 12:58:29', '2024-08-08 12:58:29'),
(3394, 8, 16, 13, 0, 0, '2024-08-08 12:58:29', '2024-08-08 12:58:29'),
(3395, 8, 17, 13, 0, 0, '2024-08-08 12:58:29', '2024-08-08 12:58:29'),
(3396, 8, 18, 13, 0, 0, '2024-08-08 12:58:29', '2024-08-08 12:58:29'),
(3397, 8, 19, 13, 0, 0, '2024-08-08 12:58:29', '2024-08-08 12:58:29'),
(3398, 8, 16, 14, 0, 0, '2024-08-08 12:58:29', '2024-08-08 12:58:29'),
(3399, 8, 17, 14, 0, 0, '2024-08-08 12:58:29', '2024-08-08 12:58:29'),
(3400, 8, 18, 14, 0, 0, '2024-08-08 12:58:29', '2024-08-08 12:58:29'),
(3401, 8, 19, 14, 0, 0, '2024-08-08 12:58:29', '2024-08-08 12:58:29'),
(3402, 8, 16, 15, 0, 0, '2024-08-08 12:58:29', '2024-08-08 12:58:29'),
(3403, 8, 17, 15, 0, 0, '2024-08-08 12:58:29', '2024-08-08 12:58:29'),
(3404, 8, 18, 15, 0, 0, '2024-08-08 12:58:29', '2024-08-08 12:58:29'),
(3405, 8, 19, 15, 0, 0, '2024-08-08 12:58:29', '2024-08-08 12:58:29');

-- --------------------------------------------------------

--
-- Table structure for table `teams`
--

CREATE TABLE `teams` (
  `id` tinyint(3) UNSIGNED NOT NULL,
  `number` tinyint(4) NOT NULL DEFAULT 0,
  `name` varchar(255) NOT NULL,
  `location` varchar(32) NOT NULL,
  `avatar` varchar(255) DEFAULT NULL,
  `created_at` timestamp NOT NULL DEFAULT current_timestamp(),
  `updated_at` timestamp NOT NULL DEFAULT current_timestamp() ON UPDATE current_timestamp()
) ENGINE=InnoDB DEFAULT CHARSET=utf8mb4 COLLATE=utf8mb4_general_ci;

--
-- Dumping data for table `teams`
--

INSERT INTO `teams` (`id`, `number`, `name`, `location`, `avatar`, `created_at`, `updated_at`) VALUES
(1, 1, 'Angel Marie Melicor', 'Camalig Albay', '01-angel-marie-melicor.jpg', '2024-08-07 16:03:48', '2024-08-07 16:55:03'),
(2, 2, 'Benix Carol Saba', 'Iriga City', '02-benix-carol-saba.jpg', '2024-08-07 16:04:19', '2024-08-07 16:55:39'),
(3, 3, 'Blessie Kateri Sofia Canales', 'Buhi, Camarines Sur', '03-blessie-kateri-sofia-canales.jpg', '2024-08-07 16:04:51', '2024-08-07 16:56:06'),
(4, 4, 'Daniela Joy Esquivel', 'Buhi, Camarines Sur', '04-daniela-joy-esquivel.jpg', '2024-08-07 16:05:19', '2024-08-07 16:56:21'),
(5, 5, 'Hannah Grace Clavillas', 'Buhi, Camarines Sur', '05-hannah-grace-clavillas.jpg', '2024-08-07 16:06:01', '2024-08-07 16:56:48'),
(6, 6, 'Hannah Paula Quebral', 'Buhi, Camarines Sur', '06-hannah-paula-quebral.jpg', '2024-08-07 16:06:26', '2024-08-07 16:57:33'),
(7, 7, 'Jamila Gonzales', 'Buhi, Camarines Sur', '07-jamila-gonzales.jpg', '2024-08-07 16:06:54', '2024-08-07 16:57:52'),
(8, 8, 'Janna Elosa Galan Lanuzga', 'Nabua, Camarines Sur', '08-janna-elosa-galan-lanuzga.jpg', '2024-08-07 16:07:19', '2024-08-07 16:58:40'),
(9, 9, 'Kaelah Joy Opea', 'Guinobatan Albay', '09-kaelah-joy-opea.jpg', '2024-08-07 16:07:53', '2024-08-07 16:58:55'),
(10, 10, 'Kimberly Occiano', 'Iriga City', '10-kimberly-occiano.jpg', '2024-08-07 16:08:14', '2024-08-07 16:59:13'),
(11, 11, 'Lhei Chelsea Moreno', 'Ligao City', '11-lhei-chelsea-moreno.jpg', '2024-08-07 16:08:34', '2024-08-07 16:59:37'),
(12, 12, 'Ma. Amethyst Mauring', 'Buhi, Camarines Sur', '12-ma.-amethyst-mauring.jpg', '2024-08-07 16:09:02', '2024-08-07 16:59:51'),
(13, 13, 'Mien Mie Egipto', 'Iriga City', '13-mien-mie-egipto.jpg', '2024-08-07 16:09:24', '2024-08-07 17:00:10'),
(14, 14, 'Myjonica Jean Rabino', 'Buhi, Camarines Sur', '14-myjonica-jean-rabino.jpg', '2024-08-07 16:09:50', '2024-08-07 17:00:21'),
(15, 15, 'Victoria Ramboyon', 'Pili, Camarines Sur', '15-victoria-ramboyon.jpg', '2024-08-07 16:10:25', '2024-08-07 17:01:00');

-- --------------------------------------------------------

--
-- Table structure for table `technicals`
--

CREATE TABLE `technicals` (
  `id` tinyint(3) UNSIGNED NOT NULL,
  `number` tinyint(3) UNSIGNED NOT NULL,
  `name` varchar(255) NOT NULL,
  `avatar` varchar(255) DEFAULT NULL,
  `username` varchar(255) NOT NULL,
  `password` varchar(255) NOT NULL,
  `active_portion` varchar(255) DEFAULT NULL,
  `called_at` timestamp NULL DEFAULT NULL,
  `pinged_at` timestamp NULL DEFAULT NULL,
  `created_at` timestamp NOT NULL DEFAULT current_timestamp(),
  `updated_at` timestamp NOT NULL DEFAULT current_timestamp() ON UPDATE current_timestamp()
) ENGINE=InnoDB DEFAULT CHARSET=utf8mb4 COLLATE=utf8mb4_general_ci;

--
-- Dumping data for table `technicals`
--

INSERT INTO `technicals` (`id`, `number`, `name`, `avatar`, `username`, `password`, `active_portion`, `called_at`, `pinged_at`, `created_at`, `updated_at`) VALUES
(1, 1, 'Technical 01', 'no-avatar.jpg', 'technical01', 'technical01', NULL, NULL, NULL, '2023-02-19 08:58:58', '2023-04-06 14:00:12');

-- --------------------------------------------------------

--
-- Table structure for table `technical_event`
--

CREATE TABLE `technical_event` (
  `id` tinyint(3) UNSIGNED NOT NULL,
  `technical_id` tinyint(3) UNSIGNED NOT NULL,
  `event_id` smallint(5) UNSIGNED NOT NULL,
  `active_team_id` tinyint(3) UNSIGNED NOT NULL,
  `has_active_team` tinyint(1) NOT NULL DEFAULT 0,
  `created_at` timestamp NOT NULL DEFAULT current_timestamp(),
  `updated_at` timestamp NOT NULL DEFAULT current_timestamp() ON UPDATE current_timestamp()
) ENGINE=InnoDB DEFAULT CHARSET=utf8mb4 COLLATE=utf8mb4_general_ci;

-- --------------------------------------------------------

--
-- Table structure for table `titles`
--

CREATE TABLE `titles` (
  `id` smallint(5) UNSIGNED NOT NULL,
  `event_id` smallint(5) UNSIGNED NOT NULL,
  `rank` tinyint(3) UNSIGNED NOT NULL DEFAULT 1,
  `title` varchar(255) NOT NULL,
  `created_at` timestamp NOT NULL DEFAULT current_timestamp(),
  `updated_at` timestamp NOT NULL DEFAULT current_timestamp() ON UPDATE current_timestamp()
) ENGINE=InnoDB DEFAULT CHARSET=utf8mb4 COLLATE=utf8mb4_general_ci;

--
-- Dumping data for table `titles`
--

INSERT INTO `titles` (`id`, `event_id`, `rank`, `title`, `created_at`, `updated_at`) VALUES
(1, 1, 1, 'Best in Production Performance', '2023-04-07 05:09:18', '2024-08-08 06:44:04'),
(2, 2, 1, 'Best in Swimsuit', '2023-04-07 05:09:49', '2024-08-08 06:44:49'),
(4, 4, 1, '', '2023-04-07 05:10:42', '2024-08-08 06:44:54'),
(10, 1, 2, '', '2024-08-07 15:14:23', '2024-08-07 15:14:23'),
(11, 1, 3, '', '2024-08-07 15:14:23', '2024-08-07 15:14:23'),
(12, 1, 4, '', '2024-08-07 15:14:23', '2024-08-07 15:14:23'),
(13, 1, 5, '', '2024-08-07 15:14:23', '2024-08-07 15:14:23'),
(14, 1, 6, '', '2024-08-07 15:14:23', '2024-08-07 15:14:23'),
(15, 1, 7, '', '2024-08-07 15:14:23', '2024-08-07 15:14:23'),
(16, 1, 8, '', '2024-08-07 15:14:23', '2024-08-07 15:14:23'),
(17, 1, 9, '', '2024-08-07 15:14:23', '2024-08-07 15:14:23'),
(18, 1, 10, '', '2024-08-07 15:14:23', '2024-08-07 15:14:23'),
(19, 1, 11, '', '2024-08-07 15:14:23', '2024-08-07 15:14:23'),
(20, 1, 12, '', '2024-08-07 15:14:23', '2024-08-07 15:14:23'),
(21, 2, 2, '', '2024-08-07 15:30:51', '2024-08-07 15:30:51'),
(22, 2, 3, '', '2024-08-07 15:30:51', '2024-08-07 15:30:51'),
(23, 2, 4, '', '2024-08-07 15:30:51', '2024-08-07 15:30:51'),
(24, 2, 5, '', '2024-08-07 15:30:51', '2024-08-07 15:30:51'),
(25, 2, 6, '', '2024-08-07 15:30:51', '2024-08-07 15:30:51'),
(26, 2, 7, '', '2024-08-07 15:30:51', '2024-08-07 15:30:51'),
(27, 2, 8, '', '2024-08-07 15:30:51', '2024-08-07 15:30:51'),
(28, 2, 9, '', '2024-08-07 15:30:51', '2024-08-07 15:30:51'),
(29, 2, 10, '', '2024-08-07 15:30:51', '2024-08-07 15:30:51'),
(30, 2, 11, '', '2024-08-07 15:30:51', '2024-08-07 15:30:51'),
(31, 2, 12, '', '2024-08-07 15:30:51', '2024-08-07 15:30:51'),
(43, 4, 2, '', '2024-08-07 15:30:58', '2024-08-07 15:30:58'),
(44, 4, 3, '', '2024-08-07 15:30:58', '2024-08-07 15:30:58'),
(45, 4, 4, '', '2024-08-07 15:30:58', '2024-08-07 15:30:58'),
(46, 4, 5, '', '2024-08-07 15:30:58', '2024-08-07 15:30:58'),
(47, 4, 6, '', '2024-08-07 15:30:58', '2024-08-07 15:30:58'),
(48, 4, 7, '', '2024-08-07 15:30:58', '2024-08-07 15:30:58'),
(49, 4, 8, '', '2024-08-07 15:30:58', '2024-08-07 15:30:58'),
(50, 4, 9, '', '2024-08-07 15:30:58', '2024-08-07 15:30:58'),
(51, 4, 10, '', '2024-08-07 15:30:58', '2024-08-07 15:30:58'),
(52, 4, 11, '', '2024-08-07 15:30:58', '2024-08-07 15:30:58'),
(53, 4, 12, '', '2024-08-07 15:30:58', '2024-08-07 15:30:58'),
(61, 1, 13, '', '2024-08-07 16:10:50', '2024-08-07 16:10:50'),
(62, 1, 14, '', '2024-08-07 16:10:50', '2024-08-07 16:10:50'),
(63, 1, 15, '', '2024-08-07 16:10:50', '2024-08-07 16:10:50'),
(64, 2, 13, '', '2024-08-07 16:11:15', '2024-08-07 16:11:15'),
(65, 2, 14, '', '2024-08-07 16:11:15', '2024-08-07 16:11:15'),
(66, 2, 15, '', '2024-08-07 16:11:15', '2024-08-07 16:11:15'),
(67, 4, 13, '', '2024-08-07 16:11:18', '2024-08-07 16:11:18'),
(68, 4, 14, '', '2024-08-07 16:11:18', '2024-08-07 16:11:18'),
(69, 4, 15, '', '2024-08-07 16:11:18', '2024-08-07 16:11:18'),
(70, 6, 1, 'Mutya nin Bagong Santa Clara 2024', '2024-08-07 16:11:18', '2024-08-08 06:45:45'),
(71, 6, 2, 'Mutya nin Bagong Santa Clara Turismo 2024', '2024-08-07 16:11:18', '2024-08-08 06:46:15'),
(72, 6, 3, '1st Runner Up', '2024-08-07 16:11:18', '2024-08-08 12:18:55'),
(73, 6, 4, '2nd Runner Up', '2024-08-07 16:11:18', '2024-08-08 12:19:01'),
(74, 6, 5, '', '2024-08-07 16:11:18', '2024-08-08 12:18:57'),
(75, 6, 6, '', '2024-08-07 16:11:18', '2024-08-07 16:11:18'),
(76, 6, 7, '', '2024-08-07 16:11:18', '2024-08-07 16:11:18'),
(77, 6, 8, '', '2024-08-07 16:11:18', '2024-08-07 16:11:18'),
(78, 6, 9, '', '2024-08-07 16:11:18', '2024-08-07 16:11:18'),
(79, 6, 10, '', '2024-08-07 16:11:18', '2024-08-07 16:11:18'),
(80, 6, 11, '', '2024-08-07 16:11:18', '2024-08-07 16:11:18'),
(81, 6, 12, '', '2024-08-07 16:11:18', '2024-08-07 16:11:18'),
(82, 6, 13, '', '2024-08-07 16:11:18', '2024-08-07 16:11:18'),
(83, 6, 14, '', '2024-08-07 16:11:18', '2024-08-07 16:11:18'),
(84, 6, 15, '', '2024-08-07 16:11:18', '2024-08-07 16:11:18'),
(85, 7, 1, '', '2024-08-07 16:11:20', '2024-08-07 16:11:20'),
(86, 7, 2, '', '2024-08-07 16:11:20', '2024-08-07 16:11:20'),
(87, 7, 3, '', '2024-08-07 16:11:20', '2024-08-07 16:11:20'),
(88, 7, 4, '', '2024-08-07 16:11:20', '2024-08-07 16:11:20'),
(89, 7, 5, '', '2024-08-07 16:11:20', '2024-08-07 16:11:20'),
(90, 7, 6, '', '2024-08-07 16:11:20', '2024-08-07 16:11:20'),
(91, 7, 7, '', '2024-08-07 16:11:20', '2024-08-07 16:11:20'),
(92, 7, 8, '', '2024-08-07 16:11:20', '2024-08-07 16:11:20'),
(93, 7, 9, '', '2024-08-07 16:11:20', '2024-08-07 16:11:20'),
(94, 7, 10, '', '2024-08-07 16:11:20', '2024-08-07 16:11:20'),
(95, 7, 11, '', '2024-08-07 16:11:20', '2024-08-07 16:11:20'),
(96, 7, 12, '', '2024-08-07 16:11:20', '2024-08-07 16:11:20'),
(97, 7, 13, '', '2024-08-07 16:11:20', '2024-08-07 16:11:20'),
(98, 7, 14, '', '2024-08-07 16:11:20', '2024-08-07 16:11:20'),
(99, 7, 15, '', '2024-08-07 16:11:20', '2024-08-07 16:11:20'),
(100, 8, 1, '', '2024-08-07 16:11:24', '2024-08-07 16:11:24'),
(101, 8, 2, '', '2024-08-07 16:11:24', '2024-08-07 16:11:24'),
(102, 8, 3, '', '2024-08-07 16:11:24', '2024-08-07 16:11:24'),
(103, 8, 4, '', '2024-08-07 16:11:24', '2024-08-07 16:11:24'),
(104, 8, 5, '', '2024-08-07 16:11:24', '2024-08-07 16:11:24'),
(105, 8, 6, '', '2024-08-07 16:11:24', '2024-08-07 16:11:24'),
(106, 8, 7, '', '2024-08-07 16:11:24', '2024-08-07 16:11:24'),
(107, 8, 8, '', '2024-08-07 16:11:24', '2024-08-07 16:11:24'),
(108, 8, 9, '', '2024-08-07 16:11:24', '2024-08-07 16:11:24'),
(109, 8, 10, '', '2024-08-07 16:11:24', '2024-08-07 16:11:24'),
(110, 8, 11, '', '2024-08-07 16:11:24', '2024-08-07 16:11:24'),
(111, 8, 12, '', '2024-08-07 16:11:24', '2024-08-07 16:11:24'),
(112, 8, 13, '', '2024-08-07 16:11:24', '2024-08-07 16:11:24'),
(113, 8, 14, '', '2024-08-07 16:11:24', '2024-08-07 16:11:24'),
(114, 8, 15, '', '2024-08-07 16:11:24', '2024-08-07 16:11:24'),
(115, 3, 1, 'Best in Evening Gown', '2024-08-08 05:21:56', '2024-08-08 06:44:27'),
(116, 3, 2, '', '2024-08-08 05:21:56', '2024-08-08 05:21:56'),
(117, 3, 3, '', '2024-08-08 05:21:56', '2024-08-08 05:21:56'),
(118, 3, 4, '', '2024-08-08 05:21:56', '2024-08-08 05:21:56'),
(119, 3, 5, '', '2024-08-08 05:21:56', '2024-08-08 05:21:56'),
(120, 3, 6, '', '2024-08-08 05:21:56', '2024-08-08 05:21:56'),
(121, 3, 7, '', '2024-08-08 05:21:56', '2024-08-08 05:21:56'),
(122, 3, 8, '', '2024-08-08 05:21:56', '2024-08-08 05:21:56'),
(123, 3, 9, '', '2024-08-08 05:21:56', '2024-08-08 05:21:56'),
(124, 3, 10, '', '2024-08-08 05:21:56', '2024-08-08 05:21:56'),
(125, 3, 11, '', '2024-08-08 05:21:56', '2024-08-08 05:21:56'),
(126, 3, 12, '', '2024-08-08 05:21:56', '2024-08-08 05:21:56'),
(127, 3, 13, '', '2024-08-08 05:21:56', '2024-08-08 05:21:56'),
(128, 3, 14, '', '2024-08-08 05:21:56', '2024-08-08 05:21:56'),
(129, 3, 15, '', '2024-08-08 05:21:56', '2024-08-08 05:21:56'),
(130, 5, 1, 'Best in Festival Costume', '2024-08-08 05:21:57', '2024-08-08 06:45:09'),
(131, 5, 2, '', '2024-08-08 05:21:57', '2024-08-08 05:21:57'),
(132, 5, 3, '', '2024-08-08 05:21:57', '2024-08-08 05:21:57'),
(133, 5, 4, '', '2024-08-08 05:21:57', '2024-08-08 05:21:57'),
(134, 5, 5, '', '2024-08-08 05:21:57', '2024-08-08 05:21:57'),
(135, 5, 6, '', '2024-08-08 05:21:57', '2024-08-08 05:21:57'),
(136, 5, 7, '', '2024-08-08 05:21:57', '2024-08-08 05:21:57'),
(137, 5, 8, '', '2024-08-08 05:21:57', '2024-08-08 05:21:57'),
(138, 5, 9, '', '2024-08-08 05:21:57', '2024-08-08 05:21:57'),
(139, 5, 10, '', '2024-08-08 05:21:57', '2024-08-08 05:21:57'),
(140, 5, 11, '', '2024-08-08 05:21:57', '2024-08-08 05:21:57'),
(141, 5, 12, '', '2024-08-08 05:21:57', '2024-08-08 05:21:57'),
(142, 5, 13, '', '2024-08-08 05:21:57', '2024-08-08 05:21:57'),
(143, 5, 14, '', '2024-08-08 05:21:57', '2024-08-08 05:21:57'),
(144, 5, 15, '', '2024-08-08 05:21:57', '2024-08-08 05:21:57');

--
-- Indexes for dumped tables
--

--
-- Indexes for table `admins`
--
ALTER TABLE `admins`
  ADD PRIMARY KEY (`id`);

--
-- Indexes for table `arrangements`
--
ALTER TABLE `arrangements`
  ADD PRIMARY KEY (`id`),
  ADD KEY `event_id` (`event_id`),
  ADD KEY `team_id` (`team_id`);

--
-- Indexes for table `categories`
--
ALTER TABLE `categories`
  ADD PRIMARY KEY (`id`),
  ADD KEY `competition_id` (`competition_id`);

--
-- Indexes for table `competitions`
--
ALTER TABLE `competitions`
  ADD PRIMARY KEY (`id`);

--
-- Indexes for table `criteria`
--
ALTER TABLE `criteria`
  ADD PRIMARY KEY (`id`),
  ADD KEY `event_id` (`event_id`);

--
-- Indexes for table `deductions`
--
ALTER TABLE `deductions`
  ADD PRIMARY KEY (`id`),
  ADD KEY `judge_id` (`technical_id`),
  ADD KEY `team_id` (`team_id`),
  ADD KEY `event_id` (`event_id`);

--
-- Indexes for table `eliminations`
--
ALTER TABLE `eliminations`
  ADD PRIMARY KEY (`id`),
  ADD KEY `event_id` (`event_id`),
  ADD KEY `team_id` (`team_id`);

--
-- Indexes for table `events`
--
ALTER TABLE `events`
  ADD PRIMARY KEY (`id`),
  ADD KEY `area_id` (`category_id`);

--
-- Indexes for table `judges`
--
ALTER TABLE `judges`
  ADD PRIMARY KEY (`id`);

--
-- Indexes for table `judge_event`
--
ALTER TABLE `judge_event`
  ADD PRIMARY KEY (`id`),
  ADD KEY `judge_id` (`judge_id`),
  ADD KEY `event_id` (`event_id`),
  ADD KEY `active_team_id` (`active_team_id`);

--
-- Indexes for table `noshows`
--
ALTER TABLE `noshows`
  ADD PRIMARY KEY (`id`),
  ADD KEY `event_id` (`event_id`),
  ADD KEY `team_id` (`team_id`);

--
-- Indexes for table `participants`
--
ALTER TABLE `participants`
  ADD PRIMARY KEY (`id`),
  ADD KEY `team_id` (`team_id`),
  ADD KEY `event_id` (`event_id`);

--
-- Indexes for table `points`
--
ALTER TABLE `points`
  ADD PRIMARY KEY (`id`),
  ADD KEY `event_id` (`event_id`);

--
-- Indexes for table `ratings`
--
ALTER TABLE `ratings`
  ADD PRIMARY KEY (`id`),
  ADD KEY `judge_id` (`judge_id`),
  ADD KEY `team_id` (`team_id`),
  ADD KEY `criteria_id` (`criteria_id`);

--
-- Indexes for table `teams`
--
ALTER TABLE `teams`
  ADD PRIMARY KEY (`id`);

--
-- Indexes for table `technicals`
--
ALTER TABLE `technicals`
  ADD PRIMARY KEY (`id`);

--
-- Indexes for table `technical_event`
--
ALTER TABLE `technical_event`
  ADD PRIMARY KEY (`id`),
  ADD KEY `judge_id` (`technical_id`),
  ADD KEY `event_id` (`event_id`),
  ADD KEY `active_team_id` (`active_team_id`);

--
-- Indexes for table `titles`
--
ALTER TABLE `titles`
  ADD PRIMARY KEY (`id`),
  ADD KEY `event_id` (`event_id`);

--
-- AUTO_INCREMENT for dumped tables
--

--
-- AUTO_INCREMENT for table `admins`
--
ALTER TABLE `admins`
  MODIFY `id` tinyint(3) UNSIGNED NOT NULL AUTO_INCREMENT, AUTO_INCREMENT=2;

--
-- AUTO_INCREMENT for table `arrangements`
--
ALTER TABLE `arrangements`
  MODIFY `id` smallint(5) UNSIGNED NOT NULL AUTO_INCREMENT;

--
-- AUTO_INCREMENT for table `categories`
--
ALTER TABLE `categories`
  MODIFY `id` tinyint(3) UNSIGNED NOT NULL AUTO_INCREMENT, AUTO_INCREMENT=15;

--
-- AUTO_INCREMENT for table `competitions`
--
ALTER TABLE `competitions`
  MODIFY `id` tinyint(3) UNSIGNED NOT NULL AUTO_INCREMENT, AUTO_INCREMENT=2;

--
-- AUTO_INCREMENT for table `criteria`
--
ALTER TABLE `criteria`
  MODIFY `id` smallint(5) UNSIGNED NOT NULL AUTO_INCREMENT, AUTO_INCREMENT=23;

--
-- AUTO_INCREMENT for table `deductions`
--
ALTER TABLE `deductions`
  MODIFY `id` mediumint(8) UNSIGNED NOT NULL AUTO_INCREMENT;

--
-- AUTO_INCREMENT for table `eliminations`
--
ALTER TABLE `eliminations`
  MODIFY `id` mediumint(9) NOT NULL AUTO_INCREMENT, AUTO_INCREMENT=29;

--
-- AUTO_INCREMENT for table `events`
--
ALTER TABLE `events`
  MODIFY `id` smallint(5) UNSIGNED NOT NULL AUTO_INCREMENT, AUTO_INCREMENT=7;

--
-- AUTO_INCREMENT for table `judges`
--
ALTER TABLE `judges`
  MODIFY `id` tinyint(3) UNSIGNED NOT NULL AUTO_INCREMENT, AUTO_INCREMENT=9;

--
-- AUTO_INCREMENT for table `judge_event`
--
ALTER TABLE `judge_event`
  MODIFY `id` tinyint(3) UNSIGNED NOT NULL AUTO_INCREMENT, AUTO_INCREMENT=59;

--
-- AUTO_INCREMENT for table `noshows`
--
ALTER TABLE `noshows`
  MODIFY `id` smallint(5) UNSIGNED NOT NULL AUTO_INCREMENT;

--
-- AUTO_INCREMENT for table `participants`
--
ALTER TABLE `participants`
  MODIFY `id` smallint(5) UNSIGNED NOT NULL AUTO_INCREMENT;

--
-- AUTO_INCREMENT for table `points`
--
ALTER TABLE `points`
  MODIFY `id` smallint(5) UNSIGNED NOT NULL AUTO_INCREMENT;

--
-- AUTO_INCREMENT for table `ratings`
--
ALTER TABLE `ratings`
  MODIFY `id` mediumint(8) UNSIGNED NOT NULL AUTO_INCREMENT, AUTO_INCREMENT=3406;

--
-- AUTO_INCREMENT for table `teams`
--
ALTER TABLE `teams`
  MODIFY `id` tinyint(3) UNSIGNED NOT NULL AUTO_INCREMENT, AUTO_INCREMENT=16;

--
-- AUTO_INCREMENT for table `technicals`
--
ALTER TABLE `technicals`
  MODIFY `id` tinyint(3) UNSIGNED NOT NULL AUTO_INCREMENT, AUTO_INCREMENT=2;

--
-- AUTO_INCREMENT for table `technical_event`
--
ALTER TABLE `technical_event`
  MODIFY `id` tinyint(3) UNSIGNED NOT NULL AUTO_INCREMENT;

--
-- AUTO_INCREMENT for table `titles`
--
ALTER TABLE `titles`
  MODIFY `id` smallint(5) UNSIGNED NOT NULL AUTO_INCREMENT, AUTO_INCREMENT=145;

--
-- Constraints for dumped tables
--

--
-- Constraints for table `arrangements`
--
ALTER TABLE `arrangements`
  ADD CONSTRAINT `arrangements_ibfk_1` FOREIGN KEY (`team_id`) REFERENCES `teams` (`id`) ON DELETE CASCADE ON UPDATE CASCADE,
  ADD CONSTRAINT `arrangements_ibfk_2` FOREIGN KEY (`event_id`) REFERENCES `events` (`id`) ON DELETE CASCADE ON UPDATE CASCADE;

--
-- Constraints for table `categories`
--
ALTER TABLE `categories`
  ADD CONSTRAINT `categories_ibfk_1` FOREIGN KEY (`competition_id`) REFERENCES `competitions` (`id`) ON UPDATE CASCADE;

--
-- Constraints for table `criteria`
--
ALTER TABLE `criteria`
  ADD CONSTRAINT `criteria_ibfk_1` FOREIGN KEY (`event_id`) REFERENCES `events` (`id`) ON UPDATE CASCADE;

--
-- Constraints for table `deductions`
--
ALTER TABLE `deductions`
  ADD CONSTRAINT `deductions_ibfk_1` FOREIGN KEY (`event_id`) REFERENCES `events` (`id`) ON DELETE CASCADE ON UPDATE CASCADE,
  ADD CONSTRAINT `deductions_ibfk_2` FOREIGN KEY (`team_id`) REFERENCES `teams` (`id`) ON DELETE CASCADE ON UPDATE CASCADE,
  ADD CONSTRAINT `deductions_ibfk_3` FOREIGN KEY (`technical_id`) REFERENCES `technicals` (`id`) ON DELETE CASCADE ON UPDATE CASCADE;

--
-- Constraints for table `eliminations`
--
ALTER TABLE `eliminations`
  ADD CONSTRAINT `eliminations_ibfk_1` FOREIGN KEY (`event_id`) REFERENCES `events` (`id`) ON DELETE CASCADE ON UPDATE CASCADE,
  ADD CONSTRAINT `eliminations_ibfk_2` FOREIGN KEY (`team_id`) REFERENCES `teams` (`id`) ON DELETE CASCADE ON UPDATE CASCADE;

--
-- Constraints for table `events`
--
ALTER TABLE `events`
  ADD CONSTRAINT `events_ibfk_1` FOREIGN KEY (`category_id`) REFERENCES `categories` (`id`) ON UPDATE CASCADE;

--
-- Constraints for table `judge_event`
--
ALTER TABLE `judge_event`
  ADD CONSTRAINT `judge_event_ibfk_1` FOREIGN KEY (`judge_id`) REFERENCES `judges` (`id`) ON DELETE CASCADE ON UPDATE CASCADE,
  ADD CONSTRAINT `judge_event_ibfk_2` FOREIGN KEY (`event_id`) REFERENCES `events` (`id`) ON DELETE CASCADE ON UPDATE CASCADE,
  ADD CONSTRAINT `judge_event_ibfk_3` FOREIGN KEY (`active_team_id`) REFERENCES `teams` (`id`) ON DELETE NO ACTION ON UPDATE CASCADE;

--
-- Constraints for table `noshows`
--
ALTER TABLE `noshows`
  ADD CONSTRAINT `noshows_ibfk_1` FOREIGN KEY (`event_id`) REFERENCES `events` (`id`) ON DELETE CASCADE ON UPDATE CASCADE,
  ADD CONSTRAINT `noshows_ibfk_2` FOREIGN KEY (`team_id`) REFERENCES `teams` (`id`) ON DELETE CASCADE ON UPDATE CASCADE;

--
-- Constraints for table `participants`
--
ALTER TABLE `participants`
  ADD CONSTRAINT `participants_ibfk_1` FOREIGN KEY (`team_id`) REFERENCES `teams` (`id`) ON DELETE CASCADE ON UPDATE CASCADE,
  ADD CONSTRAINT `participants_ibfk_2` FOREIGN KEY (`event_id`) REFERENCES `events` (`id`) ON DELETE CASCADE ON UPDATE CASCADE;

--
-- Constraints for table `points`
--
ALTER TABLE `points`
  ADD CONSTRAINT `points_ibfk_1` FOREIGN KEY (`event_id`) REFERENCES `events` (`id`) ON DELETE CASCADE ON UPDATE CASCADE;

--
-- Constraints for table `ratings`
--
ALTER TABLE `ratings`
  ADD CONSTRAINT `ratings_ibfk_1` FOREIGN KEY (`criteria_id`) REFERENCES `criteria` (`id`) ON DELETE CASCADE ON UPDATE CASCADE,
  ADD CONSTRAINT `ratings_ibfk_2` FOREIGN KEY (`team_id`) REFERENCES `teams` (`id`) ON DELETE CASCADE ON UPDATE CASCADE,
  ADD CONSTRAINT `ratings_ibfk_3` FOREIGN KEY (`judge_id`) REFERENCES `judges` (`id`) ON DELETE CASCADE ON UPDATE CASCADE;

--
-- Constraints for table `technical_event`
--
ALTER TABLE `technical_event`
  ADD CONSTRAINT `technical_event_ibfk_2` FOREIGN KEY (`technical_id`) REFERENCES `technicals` (`id`) ON DELETE CASCADE ON UPDATE CASCADE,
  ADD CONSTRAINT `technical_event_ibfk_3` FOREIGN KEY (`event_id`) REFERENCES `events` (`id`) ON DELETE CASCADE ON UPDATE CASCADE,
  ADD CONSTRAINT `technical_event_ibfk_4` FOREIGN KEY (`active_team_id`) REFERENCES `teams` (`id`) ON DELETE NO ACTION ON UPDATE CASCADE;

--
-- Constraints for table `titles`
--
ALTER TABLE `titles`
  ADD CONSTRAINT `titles_ibfk_1` FOREIGN KEY (`event_id`) REFERENCES `events` (`id`) ON DELETE CASCADE ON UPDATE CASCADE;
COMMIT;

/*!40101 SET CHARACTER_SET_CLIENT=@OLD_CHARACTER_SET_CLIENT */;
/*!40101 SET CHARACTER_SET_RESULTS=@OLD_CHARACTER_SET_RESULTS */;
/*!40101 SET COLLATION_CONNECTION=@OLD_COLLATION_CONNECTION */;
